term_local_name,label_en,label_cs,label_de,label_es,label_fr,label_ko,label_nl,label_pt,label_ru,label_zh-Hans,label_zh-Hant,definition_en,definition_cs,definition_de,definition_es,definition_fr,definition_ko,definition_nl,definition_pt,definition_ru,definition_zh-Hans,definition_zh-Hant,usage_en,usage_cs,usage_de,usage_es,usage_fr,usage_ko,usage_nl,usage_pt,usage_ru,usage_zh-Hans,usage_zh-Hant,notes_en,notes_cs,notes_de,notes_es,notes_fr,notes_ko,notes_nl,notes_pt,notes_ru,notes_zh-Hans,notes_zh-Hant,examples_en,examples_cs,examples_de,examples_es,examples_fr,examples_ko,examples_nl,examples_pt,examples_ru,examples_zh-Hans,examples_zh-Hant
addressType,Address Type,Typ adresy,,,Type d'Adresse,,,,,,,"A person or organization can have different addresses, for different purposes. For example, a postal address, a loan address, an address for visits and so on. This property is used to specify the kind of address.","Osoba nebo organizace může mít různé adresy pro různé účely. Například poštovní adresu, adresu pro půjčky, adresu pro návštěvy a podobně. Tato vlastnost slouží k určení druhu adresy.",,"Una persona u organización puede tener diferentes direcciones, para diferentes propósitos. Por ejemplo, una dirección postal, una dirección para préstamos, una dirección para visitas, etc. Esta propiedad se utiliza para especificar el tipo de dirección.","Une personne ou une organisation peut avoir plusieurs adresses, à des fins différentes. Par exemple, une adresse postale, une adresse de prêt, une adresse pour les visites, etc. Cette propriété est utilisée pour spécifier le type d'adresse.",,,,,,,,,,,,,,,,,,,,,,,,,,,,,,,,,,,,,,,
alternativeCollectionName,Alternative Collection Name,Alternativní název sbírky,,,Nom Alternatif de la Collection,,,,,,,One or more short titles different to the one given in ObjectGroup.collectionName used to summarise the collection objects contained within the ObjectGroup.,"Jeden nebo více krátkých názvů odlišných od názvů uvedených v ObjectGroup.collectionName, které slouží ke shrnutí objektů kolekce obsažených ve skupině ObjectGroup.",,,"Un ou plusieurs titres courts différents de celui indiqué dans ObjectGroup.collectionName, utilisés pour résumer les objets de collection contenus dans l'ObjectGroup.",,,,,,,,,,,,,,,,,,,,,,,,,,,,,,,,,,,,,,,
baseTypeOfObjectGroup,Base Type Of Object Group,Základní typ skupiny objektů,,,Type de Base du Groupe d'Objets,,,,,,,High-level terms describing the fundamental nature of objects in the ObjectGroup.,Termíny na vysoké úrovni popisující základní povahu objektů ve skupině ObjectGroup.,,,Termes de haut niveau décrivant la nature générale des objets de l'ObjectGroup.,,,,,,,,,,,,,,,,,,"For natural history collections baseTypeOfObjectGroup describes types of material entities and may constrain the values available in objectType. Notes for ObjectGroups where baseTypeOfObjectGroup is 'InformationArtefact': subsequent ‘type’ properties could include hierarchical Audubon Core/Dublin Core terms – e.g. dc:type (http://purl.org/dc/elements/1.1/type), ac:subtype / ac:subtypeLiteral (http://rs.tdwg.org/ac/terms/subtypeLiteral), or (proposed) ac:3DResourceType.","Pro přírodovědné sbírky popisuje baseTypeOfObjectGroup typy hmotných entit a může omezovat hodnoty dostupné v objectType. Poznámky pro ObjectGroups, kde baseTypeOfObjectGroup je ""InformationArtefact"": následné vlastnosti ""type"" mohou zahrnovat hierarchické termíny Audubon Core/Dublin Core - např. dc:type (http://purl.org/dc/elements/1.1/type), ac:subtype / ac:subtypeLiteral (http://rs.tdwg.org/ac/terms/subtypeLiteral) nebo (navrhovaný) ac:3DResourceType.",,,"Pour les collections d'histoire naturelle, baseTypeOfObjectGroup décrit les types d'entités matérielles et peut limiter les valeurs disponibles dans objectType. Note pour les ObjectGroups dont baseTypeOfObjectGroup est « InformationArtefact » : les propriétés « type » suivantes peuvent inclure des termes hiérarchiques issus du Audubon Core/Dublin Core - par exemple dc:type (http://purl.org/dc/elements/1.1/type), ac:subtype / ac:subtypeLiteral (http://rs.tdwg.org/ac/terms/subtypeLiteral), ou (proposé) ac:3DResourceType.",,,,,,,,,,,,,,,,,
basisOfScheme,Basis Of Scheme,Základ schématu,,,Base du Modèle,,,,,,,A summary of the basis or purpose for the LatimerCoreScheme.,Shrnutí základu nebo účelu LatimerCoreScheme.,,Un resumen de la base o propósito del LatimerCoreScheme.,Un résumé de la raison d'être ou de l'objectif du LatimerCoreScheme.,,,,,,,,,,,,,,,,,,"This property is intended to summarise the reason for grouping a number of ObjectGroups within the LatimerCoreScheme, and the purpose for which the data is intended to be used. This may also be reflected in the terms and metrics defined using the SchemeTerm and SchemeMeasurementOrFact classes respectively. Using this approach, standard and reusable profiles within the wider Latimer Core standard may be constructed for common collection descriptions use cases.","Tato vlastnost slouží ke shrnutí důvodu seskupení řady ObjectGroups v rámci LatimerCoreScheme a účelu, pro který mají být data použita. To se může rovněž odrážet v termínech a metrikách definovaných pomocí tříd SchemeTerm, respektive SchemeMeasurementOrFact. Pomocí tohoto přístupu lze vytvořit standardní a opakovaně použitelné profily v rámci širšího standardu Latimer Core pro běžné případy použití popisů sbírek.",,"Esta propiedad pretende resumir la razón de agrupar una serie de ObjectGroups dentro del LatimerCoreScheme, y el propósito para el que se pretende utilizar los datos. Esto también puede reflejarse en los términos y métricas definidos mediante las clases SchemeTerm y SchemeMeasurementOrFact respectivamente. Utilizando este enfoque, se pueden construir perfiles estándar y reutilizables dentro de la norma Latimer Core más amplia para casos de uso comunes de descripciones de colecciones.","Cette propriété est destinée à résumer la raison du regroupement d'un certain nombre d'ObjectGroups au sein du LatimerCoreScheme, ainsi que l'objectif pour lequel les données sont destinées à être utilisées. Cela peut également se refléter dans les termes et les statistiques définis à l'aide des classes SchemeTerm et SchemeMeasurementOrFact respectivement. Cette approche permet d'élaborer des profils normés et réutilisables dans le cadre plus large du standard Latimer Core pour les cas d'utilisation courants des descriptions de collections.",,,,,,,,,,,,,,,,,
biogeographicRealm,Biogeographic Realm,Biogeografická oblast,,,Écozone,,,,,,,"The broadest biogeographic division of Earth's land and marine surface, based on distributional patterns of terrestrial and marine organisms.",Nejširší biogeografické rozdělení zemské pevniny a mořského povrchu na základě vzorců rozšíření suchozemských a mořských organismů.,,,"La division biogéographique la plus vaste de la surface terrestre et marine de la Terre, basée sur les schémas de répartition des organismes terrestres et marins.",,,,,,,,,,,,,,,,,,"This term may commonly be used in a biogeographic hierarchy above marineProvince (marine only), ecoregion and ecosystem. It is recommended to use controlled vocabularies such as those adopted by the World Wildlife Fund (WWF) / Global 200 (Olson et at. 1998). ","Tento termín může být běžně používán v biogeografické hierarchii nad mořskou provincií (pouze mořská), ekoregionem a ekosystémem. Doporučuje se používat řízené slovníky, například ty, které přijal Světový fond na ochranu přírody (WWF) / Global 200 (Olson et at. 1998). ",,,"Ce terme peut être couramment utilisé dans une hiérarchie biogéographique au-dessus de marineProvince (marin uniquement), écorégion et écosystème. Il est recommandé d'utiliser des vocabulaires contrôlés tels que ceux adoptés par le World Wildlife Fund (WWF) / Global 200 (Olson et al. 1998). ",,,,,,,,,,,,,,,,,
biome,Biome,Biom,,,Biome,,,,,,,A biogeographical unit consisting of a biological community that has formed in response to the physical environment in which they are found and a shared regional climate.,"Biogeografická jednotka tvořená biologickým společenstvím, které vzniklo v reakci na fyzikální prostředí, v němž se vyskytuje, a na společné regionální klima.",,,Unité biogéographique composée d'une communauté biologique qui s'est formée en réponse à l'environnement physique dans lequel elle se trouve et à un climat régional commun.,,,,,,,,,,,,,,,,,,"This property can be used to record terrestrial, freshwater and marine biomes. It is recommended to use controlled vocabularies such as those adopted by the World Wildlife Fund (WWF) / Global 200 (Olson et at. 1998). ","Tuto vlastnost lze použít k záznamu suchozemských, sladkovodních a mořských biomů. Doporučuje se používat řízené slovníky, například ty, které přijal Světový fond na ochranu přírody (WWF) / Global 200 (Olson et at. 1998). ",,,"Cette propriété peut être utilisée pour identifier les biomes terrestres, d'eau douce et marins. Il est recommandé d'utiliser des vocabulaires contrôlés tels que ceux adoptés par le World Wildlife Fund (WWF) / Global 200 (Olson et al. 1998). ",,,,,,,,,,,,,,,,,
biomeType,Biome Type,Typ Biomu,,,Type de Biome,,,,,,,A top level classification of the type of biome from which objects were collected or where an event took place.,"Klasifikace nejvyšší úrovně typu biomu, z něhož byly předměty shromážděny nebo kde se událost odehrála.",,,Une classification de haut niveau du type de biome dans lequel des objets ont été collectés ou dans lequel un événement a eu lieu.,,,,,,,,,,,,,,,,,,"The biomeType is positioned at a level between the biosphere (the global sum of all ecosystems on Earth) and the more detailed terrestrial, marine and freshwater biomes. The latter should be recorded using the EcologicalContext.biome property.","BiomeType je umístěn na úrovni mezi biosférou (globální souhrn všech ekosystémů na Zemi) a podrobnějšími suchozemskými, mořskými a sladkovodními biomy. Ty by měly být zaznamenány pomocí vlastnosti EcologicalContext.biome.",,,"Le biomeType se situe à un niveau intermédiaire entre la biosphère (la somme globale de tous les écosystèmes de la Terre) et les biomes plus détaillés au niveau terrestres, marins et dulçaquicoles. Ces derniers doivent être répertoriés à l'aide de la propriété EcologicalContext.biome.",,,,,,,,,,,,,,,,,
bioregion,Bioregion,Bioregion,,,Biorégion,,,,,,,"An ecologically and geographically defined area that is smaller than a biogeographic realm, but larger than an ecoregion or an ecosystem.","Ekologicky a geograficky vymezená oblast, která je menší než biogeografická oblast, ale větší než ekoregion nebo ekosystém.",,,"Une zone écologiquement et géographiquement définie qui est plus petite qu'une écozone, mais plus grande qu'une écorégion ou un écosystème.",,,,,,,,,,,,,,,,,,"This is analagous with the marine province concept for marine regions. It is recommended to use controlled vocabularies such as those adopted by the World Wildlife Fund (WWF) / Global 200 (Olson et at. 1998), from which this concept originated. ","To je obdoba konceptu mořské provincie pro mořské regiony. Doporučuje se používat řízené slovníky, jako jsou slovníky přijaté Světovým fondem na ochranu přírody (WWF) / Global 200 (Olson et at. 1998), z nichž tento koncept vychází. ",,,"Ce concept est analogue à celui des provinces marines pour les régions marines. Il est recommandé d'utiliser des vocabulaires contrôlés tels que ceux adoptés par le World Wildlife Fund (WWF) / Global 200 (Olson et al. 1998), à l'origine de ce concept. ",,,,,,,,,,,,,,,,,
collectionManagementSystem,Collection Management System,Systém správy sbírek,,,Système de Gestion de la Collection,,,,,,,The collection management system which is used to hold and manage the primary data for the objects contained within the ObjectGroup.,"Systém správy sbírek, který se používá k uchovávání a správě primárních dat pro objekty obsažené ve skupině ObjectGroup.",,,Le système de gestion des collections utilisé pour détenir et gérer les données primaires des objets contenus dans l'ObjectGroup.,,,,,,,,,,,,,,,,,,"This should reflect the system or database in which the object-level records reside, rather than the source of the Collection Description data.","To by mělo odrážet systém nebo databázi, ve které se nacházejí záznamy na úrovni objektu, a nikoli zdroj dat popisu sbírky.",,,"Ceci doit refléter le système ou la base de données dans lequel les enregistrements au niveau de l'objet se trouvent, plutôt que la source des données de la description de la collection.",,,,,,,,,,,,,,,,,
collectionName,Collection Name,Název sbírky,,,Nom de la Collection,,,,,,,A short title that summarises the collection objects contained within the ObjectGroup.,"Krátký název, který shrnuje objekty sbírky obsažené ve skupině ObjectGroup.",,,Un titre court qui résume les objets de la collection contenus dans l'ObjectGroup.,,,,,,,,,,,,,,,,,,,,,,,,,,,,,,,,,,,,,,,
conditionsOfAccess,Conditions of Access,Podmínky přístupu,,,Conditions d'Accès,,,,,,,Information about who can access the collection being described or an indication of its security status.,"Informace o tom, kdo má k popisované sbírce přístup, nebo údaj o jejím bezpečnostním statusu.",,,Les informations sur les personnes autorisées à accéder à la collection concernée ou l'indication du niveau de sécurité associé à cette collection.,,,,,,,,,,,,,,,,,,"If available, this should be a URL to a stable policy page. For example, https://www.fieldmuseum.org/science/research/area/fossils-meteorites/fossils-meteorites-policies.","Pokud je k dispozici, měla by to být adresa URL na stabilní stránku zásad. Například https://www.fieldmuseum.org/science/research/area/fossils-meteorites/fossils-meteorites-policies.",,,"Si elle est disponible, il devrait s'agir d'une URL vers une page de règlement stable. Par exemple, https://www.fieldmuseum.org/science/research/area/fossils-meteorites/fossils-meteorites-policies.",,,,,,,,,,,,,,,,,
contactDetailCategory,Contact Detail Category,Kategorie podrobností kontaktu,,,Catégorie des Coordonnées de Contact,,,,,,,The method of contact to which the contact detail applies.,"Způsob kontaktu, na který se údaj o kontaktu vztahuje.",,,La méthode de contact à laquelle se rapporte la coordonnée.,,,,,,,,,,,,,,,,,,Recommended practice is to use a controlled vocabulary.,Doporučeným postupem je používat řízený slovník.,,,La pratique optimale recommandée est d'utiliser un vocabulaire contrôlé.,,,,,,,,,,,,,,,,,
contactDetailFunction,Contact Detail Function,Detail kontaktu Funkce,,,Rôle des Coordonnées de Contact,,,,,,,A brief label describing the nature of the enquiry or enquiries that are appropriate to direct to the contact detail.,"Stručné označení popisující povahu dotazu nebo dotazů, které je vhodné směřovat na kontaktní údaje.",,,Une brève indication de la nature de la demande ou des demandes qu'il convient d'adresser à la personne de contact.,,,,,,,,,,,,,,,,,,,,,,,,,,,,,,,,,,,,,,,
contactDetailValue,Contact Detail Value,Hodnota detailu obsahu,,,Valeur des Coordonnées de Contact,,,,,,,"The value of the contact detail, such as the phone number or email address.","Hodnota údaje o kontaktu, například telefonní číslo nebo e-mailová adresa.",,,"La valeur des coordonnées du contact, comme le numéro de téléphone ou l'adresse électronique.",,,,,,,,,,,,,,,,,,,,,,,,,,,,,,,,,,,,,,,
description,Description,Popis,,,Description,,,,,,,A free text description or narrative about the collection.,Volný textový popis nebo sdělení o sbírce.,,,Une description ou un récit en texte libre sur la collection.,,,,,,,,,,,,,,,,,,"Use this field to record information about the collection in a human-readable, narrative style to introduce the main characteristics of the collection to someone unfamiliar to it. It may include additional information or re-state information held elsewhere in the collection description record - for example, for more atomic, categorised textual descriptions and narratives the MeasurementOrFact class should be used.","Toto pole použijte k zaznamenání informací o sbírce v lidsky čitelném, vyprávěcím stylu, abyste představili hlavní charakteristiky sbírky někomu, kdo ji nezná. Může obsahovat další informace nebo znovu uvádět informace, které se nacházejí jinde v záznamu popisu sbírky - například pro atomičtější, kategorizované textové popisy a vyprávění by se měla použít třída MeasurementOrFact.",,,"Ce champ sert à enregistrer des informations sur la collection dans un style narratif lisible par un humain, afin de présenter les principales caractéristiques de la collection à une personne qui n'en est pas familière. Il peut s'agir d'informations supplémentaires ou d'une reformulation d'informations contenues ailleurs dans la fiche de description de la collection - par exemple, pour des descriptions et des récits plus spécifiques et catégorisés, il convient d'utiliser la classe MeasurementOrFact.",,,,,,,,,,,,,,,,,
discipline,Discipline,Disciplína,,,Discipline,,,,,,,A high level classification of the scientific discipline to which the objects within the collection belong or are related.,"Vysokoúrovňová klasifikace vědního oboru, k němuž sbírkové předměty patří nebo s nímž souvisejí.",,,Une classification de haut niveau de la discipline scientifique à laquelle les objets de la collection appartiennent ou sont liés.,,,,,,,,,,,,,,,,,,"The recommendation is to use a controlled vocabulary that is also common across other community collections, object and occurrence standards. Suggested list https://confluence.egi.eu/display/EGIG/Scientific+Disciplines","Doporučuje se používat řízený slovník, který je společný i pro ostatní komunitní sbírky, standardy objektů a výskytů. Navrhovaný seznam https://confluence.egi.eu/display/EGIG/Scientific+Disciplines",,,"Il est recommandé d'utiliser un vocabulaire contrôlé qui soit également commun à d'autres collections, objets et standards d'occurrence. Une liste suggérée est disponible à https://confluence.egi.eu/display/EGIG/Scientific+Disciplines",,,,,,,,,,,,,,,,,
ecoregion,Ecoregion,Ekoregion,,,Écorégion,,,,,,,"An ecologically and geographically defined area that is smaller than a bioregion, which in turn is smaller than a biogeographic realm. Ecoregions cover relatively large areas of land or water, and contain characteristic, geographically distinct assemblages of natural communities and species.","Ekologicky a geograficky vymezená oblast, která je menší než bioregion, který je zase menší než biogeografická oblast. Ekoregiony pokrývají relativně velké plochy souše nebo vody a obsahují charakteristická, geograficky odlišná společenstva přírodních společenstev a druhů.",,,"Une zone écologiquement et géographiquement définie qui est plus petite qu'une biorégion, elle-même plus petite qu'un domaine biogéographique. Les écorégions couvrent des zones relativement vastes de terre ou d'eau et contiennent des assemblages caractéristiques et géographiquement distincts de communautés et d'espèces.",,,,,,,,,,,,,,,,,,It is recommended to use controlled vocabularies such as those adopted by the World Wildlife Fund (WWF) / Global 200 (Olson et at. 1998).,"Doporučuje se používat řízené slovníky, jako jsou ty, které přijal Světový fond na ochranu přírody (WWF) / Global 200 (Olson et at. 1998).",,,Il est recommandé d'utiliser des vocabulaires contrôlés tels que ceux adoptés par le World Wildlife Fund (WWF) / Global 200 (Olson et al. 1998).,,,,,,,,,,,,,,,,,
ecosystem,Ecosystem,Ekosystém,,,Écosystème,,,,,,,"A specific kind of ecological classification that considers all four elements of the definition of ecosystems: a biotic component, an abiotic complex, the interactions between and within them, and the physical space that they occupy.","Specifický druh ekologické klasifikace, který zohledňuje všechny čtyři prvky definice ekosystémů: biotickou složku, abiotický komplex, interakce mezi nimi a uvnitř nich a fyzický prostor, který zaujímají.",,,"Un mode spécifique de classification écologique qui prend en compte les quatre éléments de la définition des écosystèmes : une composante biotique, un complexe abiotique, les interactions entre eux et au sein de ceux-ci, et l'espace physique qu'ils occupent.",,,,,,,,,,,,,,,,,,,,,,,,,,,,,,,,,,,,,,,
eventName,Event Name,Název události,,,Intitulé de l'événement,,,,,,,The name commonly used to identify or refer to the event.,Název běžně používaný k identifikaci nebo označení události.,,,La dénomination communément utilisée pour identifier l'événement ou s'y référer.,,,,,,,,,,,,,,,,,,,,,,,,,,,,,,,,,,,,,,,
habitat,Habitat,Stanoviště,,Hábitat,Habitat,,,,Местообитание,,棲地,A description of the type of environment in which an organism lives.,"Popis typu prostředí, ve kterém organismus žije.",,,Une description du type d'environnement dans lequel vit un organisme.,,,,,,,,,,,,,,,,,,,,,,,,,,,,,,,,,,,,,,,
hasAddress,Has Address,Má adresu,,,A pour Adresse,,,,,,,This property refers to one or more related instances of the Address class.,Tato vlastnost odkazuje na jednu nebo více souvisejících instancí třídy Address.,,,Cette propriété fait référence à une ou plusieurs instances associées de la classe Adress.,,,,,,,,,,,,,,,,,,,,,,,,,,,,,,,,,,,,,,,
hasAddress,Has Address,Má adresu,,,A pour Adresse,,,,,,,This property refers to one or more related instances of the Address class.,Tato vlastnost odkazuje na jednu nebo více souvisejících instancí třídy Address.,,,Cette propriété fait référence à une ou plusieurs instances associées de la classe Adress.,,,,,,,,,,,,,,,,,,,,,,,,,,,,,,,,,,,,,,,
hasAddress,Has Address,Má adresu,,,A pour Adresse,,,,,,,This property refers to one or more related instances of the Address class.,Tato vlastnost odkazuje na jednu nebo více souvisejících instancí třídy Address.,,,Cette propriété fait référence à une ou plusieurs instances associées de la classe Adress.,,,,,,,,,,,,,,,,,,,,,,,,,,,,,,,,,,,,,,,
hasAddress,Has Address,Má adresu,,,A pour Adresse,,,,,,,This property refers to one or more related instances of the Address class.,Tato vlastnost odkazuje na jednu nebo více souvisejících instancí třídy Address.,,,Cette propriété fait référence à une ou plusieurs instances associées de la classe Adress.,,,,,,,,,,,,,,,,,,,,,,,,,,,,,,,,,,,,,,,
hasChronometricAge,Has Chronometric Age,Má Chronometrický věk,,,A pour Âge Chronométrique,,,,,,,This property refers to one or more related instances of the ChronometricAge class.,Tato vlastnost odkazuje na jednu nebo více souvisejících instancí třídy ChronometricAge.,,,Cette propriété fait référence à une ou plusieurs instances associées de la classe ChronometricAge.,,,,,,,,,,,,,,,,,,,,,,,,,,,,,,,,,,,,,,,
hasCollectionStatusHistory,Has Collection Status History,Má historii stavu sbírky,,,A pour Historique des Statuts de Collection,,,,,,,This property refers to one or more related instances of the CollectionStatusHistory class.,Tato vlastnost odkazuje na jednu nebo více souvisejících instancí třídy CollectionStatusHistory.,,,Cette propriété fait référence à une ou plusieurs instances associées de la classe CollectionStatusHistory.,,,,,,,,,,,,,,,,,,,,,,,,,,,,,,,,,,,,,,,
hasContactDetail,Has Contact Detail,Má kontaktní údaje,,,A pour Coordonnées,,,,,,,This property refers to one or more related instances of the ContactDetail class.,Tato vlastnost odkazuje na jednu nebo více souvisejících instancí třídy ContactDetail.,,,Cette propriété fait référence à une ou plusieurs instances associées de la classe ContactDetail.,,,,,,,,,,,,,,,,,,,,,,,,,,,,,,,,,,,,,,,
hasContactDetail,Has Contact Detail,Má kontaktní údaje,,,A pour Coordonnées,,,,,,,This property refers to one or more related instances of the ContactDetail class.,Tato vlastnost odkazuje na jednu nebo více souvisejících instancí třídy ContactDetail.,,,Cette propriété fait référence à une ou plusieurs instances associées de la classe ContactDetail.,,,,,,,,,,,,,,,,,,,,,,,,,,,,,,,,,,,,,,,
hasContactDetail,Has Contact Detail,Má kontaktní údaje,,,A pour Coordonnées,,,,,,,This property refers to one or more related instances of the ContactDetail class.,Tato vlastnost odkazuje na jednu nebo více souvisejících instancí třídy ContactDetail.,,,Cette propriété fait référence à une ou plusieurs instances associées de la classe ContactDetail.,,,,,,,,,,,,,,,,,,,,,,,,,,,,,,,,,,,,,,,
hasEcologicalContext,Has Ecological Context,Má ekologické souvislosti,,,A pour Contexte Écologique,,,,,,,This property refers to one or more related instances of the EcologicalContext class.,Tato vlastnost odkazuje na jednu nebo více souvisejících instancí třídy EcologicalContext.,,,Cette propriété fait référence à une ou plusieurs instances associées de la classe EcologicalContext.,,,,,,,,,,,,,,,,,,,,,,,,,,,,,,,,,,,,,,,
hasEcologicalContext,Has Ecological Context,Má ekologický kontext,,,A pour Contexte Écologique,,,,,,,This property refers to one or more related instances of the EcologicalContext class.,Tato vlastnost odkazuje na jednu nebo více souvisejících instancí třídy EcologicalContext.,,,Cette propriété fait référence à une ou plusieurs instances associées de la classe EcologicalContext.,,,,,,,,,,,,,,,,,,,,,,,,,,,,,,,,,,,,,,,
hasEvent,Has Event,Má událost,,,A pour Événement,,,,,,,This property refers to one or more related instances of the Event class.,Tato vlastnost odkazuje na jednu nebo více souvisejících instancí třídy Událost.,,,Cette propriété fait référence à une ou plusieurs instances associées de la classe Event.,,,,,,,,,,,,,,,,,,,,,,,,,,,,,,,,,,,,,,,
hasGeographicContext,Has Geographic Context,Má geografický kontext,,,A pour Contexte Géographique,,,,,,,This property refers to one or more related instances of the GeographicContext class.,Tato vlastnost odkazuje na jednu nebo více souvisejících instancí třídy GeographicContext.,,,Cette propriété fait référence à une ou plusieurs instances associées de la classe GeographicContext.,,,,,,,,,,,,,,,,,,,,,,,,,,,,,,,,,,,,,,,
hasGeographicContext,Has Geographic Context,Má geografické souvislosti,,,A pour Contexte Géographique,,,,,,,This property refers to one or more related instances of the GeographicContext class.,Tato vlastnost odkazuje na jednu nebo více souvisejících instancí třídy GeographicContext.,,,Cette propriété fait référence à une ou plusieurs instances associées de la classe GeographicContext.,,,,,,,,,,,,,,,,,,,,,,,,,,,,,,,,,,,,,,,
hasGeologicalContext,Has Geological Context,Má geologický kontext,,,A pour Contexte Géologique,,,,,,,This property refers to one or more related instances of the GeologicalContext class.,Tato vlastnost odkazuje na jednu nebo více souvisejících instancí třídy GeologicalContext.,,,Cette propriété fait référence à une ou plusieurs instances associées de la classe GeologicalContext.,,,,,,,,,,,,,,,,,,,,,,,,,,,,,,,,,,,,,,,
hasIdentifier,Has Identifier,Má identifikátor,,,A pour Identifiant,,,,,,,This property refers to one or more related instances of the Identifier class.,Tato vlastnost odkazuje na jednu nebo více souvisejících instancí třídy Identifier.,,Esta propiedad se refiere a una o más instancias relacionadas de la clase Identificador.,Cette propriété fait référence à une ou plusieurs instances associées de la classe Identifier.,,,,,,,,,,,,,,,,,,,,,,,,,,,,,,,,,,,,,,,
hasIdentifier,Has Identifier,Má identifikátor,,,A pour Identifiant,,,,,,,This property refers to one or more related instances of the Identifier class.,Tato vlastnost odkazuje na jednu nebo více souvisejících instancí třídy Identifier.,,Esta propiedad se refiere a una o más instancias relacionadas de la clase Identificador.,Cette propriété fait référence à une ou plusieurs instances associées de la classe Identifier.,,,,,,,,,,,,,,,,,,,,,,,,,,,,,,,,,,,,,,,
hasIdentifier,Has Identifier,Má identifikátor,,,A pour Identifiant,,,,,,,This property refers to one or more related instances of the Identifier class.,Tato vlastnost odkazuje na jednu nebo více souvisejících instancí třídy Identifier.,,Esta propiedad se refiere a una o más instancias relacionadas de la clase Identificador.,Cette propriété fait référence à une ou plusieurs instances associées de la classe Identifier.,,,,,,,,,,,,,,,,,,,,,,,,,,,,,,,,,,,,,,,
hasIdentifier,Has Identifier,Má identifikátor,,,A pour Identifiant,,,,,,,This property refers to one or more related instances of the Identifier class.,Tato vlastnost odkazuje na jednu nebo více souvisejících instancí třídy Identifier.,,Esta propiedad se refiere a una o más instancias relacionadas de la clase Identificador.,Cette propriété fait référence à une ou plusieurs instances associées de la classe Identifier.,,,,,,,,,,,,,,,,,,,,,,,,,,,,,,,,,,,,,,,
hasIdentifier,Has Identifier,Má identifikátor,,,A pour Identifiant,,,,,,,This property refers to one or more related instances of the Identifier class.,Tato vlastnost odkazuje na jednu nebo více souvisejících instancí třídy Identifier.,,Esta propiedad se refiere a una o más instancias relacionadas de la clase Identificador.,Cette propriété fait référence à une ou plusieurs instances associées de la classe Identifier.,,,,,,,,,,,,,,,,,,,,,,,,,,,,,,,,,,,,,,,
hasIdentifier,Has Identifier,Má identifikátor,,,A pour Identifiant,,,,,,,This property refers to one or more related instances of the Identifier class.,Tato vlastnost odkazuje na jednu nebo více souvisejících instancí třídy Identifier.,,Esta propiedad se refiere a una o más instancias relacionadas de la clase Identificador.,Cette propriété fait référence à une ou plusieurs instances associées de la classe Identifier.,,,,,,,,,,,,,,,,,,,,,,,,,,,,,,,,,,,,,,,
hasIdentifier,Has Identifier,Má identifikátor,,,A pour Identifiant,,,,,,,This property refers to one or more related instances of the Identifier class.,Tato vlastnost odkazuje na jednu nebo více souvisejících instancí třídy Identifier.,,Esta propiedad se refiere a una o más instancias relacionadas de la clase Identificador.,"Cette propriété fait référence à une ou plusieurs instances associées de la classe Identifier. Chaque classe RecordLevel doit contenir au moins un Identifier, de préférence un PID. ",,,,,,,,,,,,,,,,,,,,,,,,,,,,,,,,,,,,,,,
hasIdentifier,Has Identifier,Má Identifikátor,,,A pour Identifiant,,,,,,,This property refers to one or more related instances of the Identifier class.,Tato vlastnost odkazuje na jednu nebo více souvisejících instancí třídy Identifier.,,Esta propiedad se refiere a una o más instancias relacionadas de la clase Identificador.,Cette propriété fait référence à une ou plusieurs instances associées de la classe Identifier.,,,,,,,,,,,,,,,,,,,,,,,,,,,,,,,,,,,,,,,
hasIdentifier,Has Identifier,Má identifikátor,,,A pour Identifiant,,,,,,,This property refers to one or more related instances of the Identifier class.,Tato vlastnost odkazuje na jednu nebo více souvisejících instancí třídy Identifier.,,Esta propiedad se refiere a una o más instancias relacionadas de la clase Identificador.,Cette propriété fait référence à une ou plusieurs instances associées de la classe Identifier.,,,,,,,,,,,,,,,,,,,,,,,,,,,,,,,,,,,,,,,
hasIdentifier,Has Identifier,Má identifikátor,,,A pour Identifiant,,,,,,,This property refers to one or more related instances of the Identifier class.,Tato vlastnost odkazuje na jednu nebo více souvisejících instancí třídy Identifier.,,Esta propiedad se refiere a una o más instancias relacionadas de la clase Identificador.,Cette propriété fait référence à une ou plusieurs instances associées de la classe Identifier.,,,,,,,,,,,,,,,,,,,,,,,,,,,,,,,,,,,,,,,
hasIdentifier,Has Identifier,Má identifikátor,,,A pour Identifiant,,,,,,,This property refers to one or more related instances of the Identifier class.,Tato vlastnost odkazuje na jednu nebo více souvisejících instancí třídy Identifier.,,Esta propiedad se refiere a una o más instancias relacionadas de la clase Identificador.,Cette propriété fait référence à une ou plusieurs instances associées de la classe Identifier.,,,,,,,,,,,,,,,,,,,,,,,,,,,,,,,,,,,,,,,
hasIdentifier,Has Identifier,Má identifikátor,,,A pour Identifiant,,,,,,,This property refers to one or more related instances of the Identifier class.,Tato vlastnost odkazuje na jednu nebo více souvisejících instancí třídy Identifier.,,Esta propiedad se refiere a una o más instancias relacionadas de la clase Identificador.,Cette propriété fait référence à une ou plusieurs instances associées de la classe Identifier.,,,,,,,,,,,,,,,,,,,,,,,,,,,,,,,,,,,,,,,
hasIdentifier,Has Identifier,Má identifikátor,,,A pour Identifiant,,,,,,,This property refers to one or more related instances of the Identifier class.,Tato vlastnost odkazuje na jednu nebo více souvisejících instancí třídy Identifier.,,Esta propiedad se refiere a una o más instancias relacionadas de la clase Identificador.,Cette propriété fait référence à une ou plusieurs instances associées de la classe Identifier.,,,,,,,,,,,,,,,,,,,,,,,,,,,,,,,,,,,,,,,
hasIdentifier,Has Identifier,Má identifikátor,,,A pour Identifiant,,,,,,,This property refers to one or more related instances of the Identifier class.,Tato vlastnost odkazuje na jednu nebo více souvisejících instancí třídy Identifier.,,Esta propiedad se refiere a una o más instancias relacionadas de la clase Identificador.,Cette propriété fait référence à une ou plusieurs instances associées de la classe Identifier.,,,,,,,,,,,,,,,,,,,,,,,,,,,,,,,,,,,,,,,
hasIdentifier,Has Identifier,Má identifikátor,,,A pour Identifiant,,,,,,,This property refers to one or more related instances of the Identifier class.,Tato vlastnost odkazuje na jednu nebo více souvisejících instancí třídy Identifier.,,Esta propiedad se refiere a una o más instancias relacionadas de la clase Identificador.,Cette propriété fait référence à une ou plusieurs instances associées de la classe Identifier.,,,,,,,,,,,,,,,,,,,,,,,,,,,,,,,,,,,,,,,
hasIdentifier,Has Identifier,Má identifikátor,,,A pour Identifiant,,,,,,,This property refers to one or more related instances of the Identifier class.,Tato vlastnost odkazuje na jednu nebo více souvisejících instancí třídy Identifier.,,Esta propiedad se refiere a una o más instancias relacionadas de la clase Identificador.,Cette propriété fait référence à une ou plusieurs instances associées de la classe Identifier.,,,,,,,,,,,,,,,,,,,,,,,,,,,,,,,,,,,,,,,
hasIdentifier,Has Identifier,Má identifikátor,,,A pour Identifiant,,,,,,,This property refers to one or more related instances of the Identifier class.,Tato vlastnost odkazuje na jednu nebo více souvisejících instancí třídy Identifier.,,Esta propiedad se refiere a una o más instancias relacionadas de la clase Identificador.,Cette propriété fait référence à une ou plusieurs instances associées de la classe Identifier.,,,,,,,,,,,,,,,,,,,,,,,,,,,,,,,,,,,,,,,
hasIdentifier,Has Identifier,Má identifikátor,,,A pour Identifiant,,,,,,,This property refers to one or more related instances of the Identifier class.,Tato vlastnost odkazuje na jednu nebo více souvisejících instancí třídy Identifier.,,Esta propiedad se refiere a una o más instancias relacionadas de la clase Identificador.,Cette propriété fait référence à une ou plusieurs instances associées de la classe Identifier.,,,,,,,,,,,,,,,,,,,,,,,,,,,,,,,,,,,,,,,
hasIdentifier,Has Identifier,Má identifikátor,,,A pour Identifiant,,,,,,,This property refers to one or more related instances of the Identifier class.,Tato vlastnost odkazuje na jednu nebo více souvisejících instancí třídy Identifier.,,Esta propiedad se refiere a una o más instancias relacionadas de la clase Identificador.,Cette propriété fait référence à une ou plusieurs instances associées de la classe Identifier.,,,,,,,,,,,,,,,,,,,,,,,,,,,,,,,,,,,,,,,
hasIdentifier,Has Identifier,Má identifikátor,,,A pour Identifiant,,,,,,,"This property refers to one or more related instances of the Identifier class. Every RecordLevel class must contain at least one Identifier, preferably a PID. ","Tato vlastnost odkazuje na jednu nebo více souvisejících instancí třídy Identifier. Každá třída RecordLevel musí obsahovat alespoň jeden Identifier, nejlépe PID. ",,,"Cette propriété fait référence à une ou plusieurs instances associées de la classe Identifier. Chaque classe RecordLevel doit contenir au moins un Identifier, de préférence un PID. ",,,,,,,,,,,,,,,,,,,,,,,,,,,,,,,,,,,,,,,
hasIdentifier,Has Identifier,Má identifikátor,,,A pour Identifiant,,,,,,,This property refers to one or more related instances of the Identifier class.,Tato vlastnost odkazuje na jednu nebo více souvisejících instancí třídy Identifier.,,Esta propiedad se refiere a una o más instancias relacionadas de la clase Identificador.,Cette propriété fait référence à une ou plusieurs instances associées de la classe Identifier.,,,,,,,,,,,,,,,,,,,,,,,,,,,,,,,,,,,,,,,
hasIdentifier,Has Identifier,Má identifikátor,,,A pour Identifiant,,,,,,,This property refers to one or more related instances of the Identifier class.,Tato vlastnost odkazuje na jednu nebo více souvisejících instancí třídy Identifier.,,Esta propiedad se refiere a una o más instancias relacionadas de la clase Identificador.,Cette propriété fait référence à une ou plusieurs instances associées de la classe Identifier.,,,,,,,,,,,,,,,,,,,,,,,,,,,,,,,,,,,,,,,
hasIdentifier,Has Identifier,Má identifikátor,,,A pour Identifiant,,,,,,,This property refers to one or more related instances of the Identifier class.,Tato vlastnost odkazuje na jednu nebo více souvisejících instancí třídy Identifier.,,Esta propiedad se refiere a una o más instancias relacionadas de la clase Identificador.,Cette propriété fait référence à une ou plusieurs instances associées de la classe Identifier.,,,,,,,,,,,,,,,,,,,,,,,,,,,,,,,,,,,,,,,
hasMeasurementOrFact,Has Measurement Or Fact,Má měření nebo fakt,,Tiene Medida o Hecho,A pour Mesure ou Fait,,,,,,,This property refers to one or more related instances of the MeasurementOrFact class.,Tato vlastnost odkazuje na jednu nebo více souvisejících instancí třídy MeasurementOrFact.,,Esta propiedad hace referencia a una o más instancias relacionadas de la clase MeasurementOrFact.,Cette propriété fait référence à une ou plusieurs instances associées de la classe MeasurementOrFact.,,,,,,,,,,,,,,,,,,,,,,,,,,,,,,,,,,,,,,,
hasMeasurementOrFact,Has Measurement Or Fact,Má měření nebo fakt,,Tiene Medida o Hecho,A pour Mesure ou Fait,,,,,,,This property refers to one or more related instances of the MeasurementOrFact class.,Tato vlastnost odkazuje na jednu nebo více souvisejících instancí třídy MeasurementOrFact.,,Esta propiedad hace referencia a una o más instancias relacionadas de la clase MeasurementOrFact.,Cette propriété fait référence à une ou plusieurs instances associées de la classe MeasurementOrFact.,,,,,,,,,,,,,,,,,,,,,,,,,,,,,,,,,,,,,,,
hasMeasurementOrFact,Has Measurement Or Fact,Má měření nebo fakt,,Tiene Medida o Hecho,A pour Mesure ou Fait,,,,,,,This property refers to one or more related instances of the MeasurementOrFact class.,Tato vlastnost odkazuje na jednu nebo více souvisejících instancí třídy MeasurementOrFact.,,Esta propiedad hace referencia a una o más instancias relacionadas de la clase MeasurementOrFact.,Cette propriété fait référence à une ou plusieurs instances associées de la classe MeasurementOrFact.,,,,,,,,,,,,,,,,,,,,,,,,,,,,,,,,,,,,,,,
hasMeasurementOrFact,Has Measurement Or Fact,Má měření nebo fakt,,Tiene Medida o Hecho,A pour Mesure ou Fait,,,,,,,This property refers to one or more related instances of the MeasurementOrFact class.,Tato vlastnost odkazuje na jednu nebo více souvisejících instancí třídy MeasurementOrFact.,,Esta propiedad hace referencia a una o más instancias relacionadas de la clase MeasurementOrFact.,Cette propriété fait référence à une ou plusieurs instances associées de la classe MeasurementOrFact.,,,,,,,,,,,,,,,,,,,,,,,,,,,,,,,,,,,,,,,
hasMeasurementOrFact,Has Measurement Or Fact,Má měření nebo fakt,,Tiene Medida o Hecho,A pour Mesure ou Fait,,,,,,,This property refers to one or more related instances of the MeasurementOrFact class.,Tato vlastnost odkazuje na jednu nebo více souvisejících instancí třídy MeasurementOrFact.,,Esta propiedad hace referencia a una o más instancias relacionadas de la clase MeasurementOrFact.,Cette propriété fait référence à une ou plusieurs instances associées de la classe MeasurementOrFact.,,,,,,,,,,,,,,,,,,,,,,,,,,,,,,,,,,,,,,,
hasMeasurementOrFact,Has Measurement Or Fact,Má měření nebo fakt,,Tiene Medida o Hecho,A pour Mesure ou Fait,,,,,,,This property refers to one or more related instances of the MeasurementOrFact class.,Tato vlastnost odkazuje na jednu nebo více souvisejících instancí třídy MeasurementOrFact.,,Esta propiedad hace referencia a una o más instancias relacionadas de la clase MeasurementOrFact.,Cette propriété fait référence à une ou plusieurs instances associées de la classe MeasurementOrFact.,,,,,,,,,,,,,,,,,,,,,,,,,,,,,,,,,,,,,,,
hasMeasurementOrFact,Has Measurement Or Fact,Má měření nebo fakt,,Tiene Medida o Hecho,A pour Mesure ou Fait,,,,,,,This property refers to one or more related instances of the MeasurementOrFact class.,Tato vlastnost odkazuje na jednu nebo více souvisejících instancí třídy MeasurementOrFact.,,Esta propiedad hace referencia a una o más instancias relacionadas de la clase MeasurementOrFact.,Cette propriété fait référence à une ou plusieurs instances associées de la classe MeasurementOrFact.,,,,,,,,,,,,,,,,,,,,,,,,,,,,,,,,,,,,,,,
hasMeasurementOrFact,Has Measurement Or Fact,Má měření nebo fakt,,Tiene Medida o Hecho,A pour Mesure ou Fait,,,,,,,This property refers to one or more related instances of the MeasurementOrFact class.,Tato vlastnost odkazuje na jednu nebo více souvisejících instancí třídy MeasurementOrFact.,,Esta propiedad hace referencia a una o más instancias relacionadas de la clase MeasurementOrFact.,Cette propriété fait référence à une ou plusieurs instances associées de la classe MeasurementOrFact.,,,,,,,,,,,,,,,,,,,,,,,,,,,,,,,,,,,,,,,
hasMeasurementOrFact,Has Measurement Or Fact,Má měření nebo fakt,,Tiene Medida o Hecho,A pour Mesure ou Fait,,,,,,,This property refers to one or more related instances of the MeasurementOrFact class.,Tato vlastnost odkazuje na jednu nebo více souvisejících instancí třídy MeasurementOrFact.,,Esta propiedad hace referencia a una o más instancias relacionadas de la clase MeasurementOrFact.,Cette propriété fait référence à une ou plusieurs instances associées de la classe MeasurementOrFact.,,,,,,,,,,,,,,,,,,,,,,,,,,,,,,,,,,,,,,,
hasMeasurementOrFact,Has Measurement Or Fact,Má měření nebo fakt,,Tiene Medida o Hecho,A pour Mesure ou Fait,,,,,,,This property refers to one or more related instances of the MeasurementOrFact class.,Tato vlastnost odkazuje na jednu nebo více souvisejících instancí třídy MeasurementOrFact.,,Esta propiedad hace referencia a una o más instancias relacionadas de la clase MeasurementOrFact.,Cette propriété fait référence à une ou plusieurs instances associées de la classe MeasurementOrFact.,,,,,,,,,,,,,,,,,,,,,,,,,,,,,,,,,,,,,,,
hasMeasurementOrFact,Has Measurement Or Fact,Má měření nebo fakt,,Tiene Medida o Hecho,A pour Mesure ou Fait,,,,,,,This property refers to one or more related instances of the MeasurementOrFact class.,Tato vlastnost odkazuje na jednu nebo více souvisejících instancí třídy MeasurementOrFact.,,Esta propiedad hace referencia a una o más instancias relacionadas de la clase MeasurementOrFact.,Cette propriété fait référence à une ou plusieurs instances associées de la classe MeasurementOrFact.,,,,,,,,,,,,,,,,,,,,,,,,,,,,,,,,,,,,,,,
hasMeasurementOrFact,Has Measurement Or Fact,Má měření nebo fakt,,Tiene Medida o Hecho,A pour Mesure ou Fait,,,,,,,This property refers to one or more related instances of the MeasurementOrFact class.,Tato vlastnost odkazuje na jednu nebo více souvisejících instancí třídy MeasurementOrFact.,,Esta propiedad hace referencia a una o más instancias relacionadas de la clase MeasurementOrFact.,Cette propriété fait référence à une ou plusieurs instances associées de la classe MeasurementOrFact.,,,,,,,,,,,,,,,,,,,,,,,,,,,,,,,,,,,,,,,
hasMeasurementOrFact,Has Measurement Or Fact,Má měření nebo fakt,,Tiene Medida o Hecho,A pour Mesure ou Fait,,,,,,,This property refers to one or more related instances of the MeasurementOrFact class.,Tato vlastnost odkazuje na jednu nebo více souvisejících instancí třídy MeasurementOrFact.,,Esta propiedad hace referencia a una o más instancias relacionadas de la clase MeasurementOrFact.,Cette propriété fait référence à une ou plusieurs instances associées de la classe MeasurementOrFact.,,,,,,,,,,,,,,,,,,,,,,,,,,,,,,,,,,,,,,,
hasMeasurementOrFact,Has Measurement Or Fact,Má měření nebo fakt,,Tiene Medida o Hecho,A pour Mesure ou Fait,,,,,,,This property refers to one or more related instances of the MeasurementOrFact class.,Tato vlastnost odkazuje na jednu nebo více souvisejících instancí třídy MeasurementOrFact.,,Esta propiedad hace referencia a una o más instancias relacionadas de la clase MeasurementOrFact.,Cette propriété fait référence à une ou plusieurs instances associées de la classe MeasurementOrFact.,,,,,,,,,,,,,,,,,,,,,,,,,,,,,,,,,,,,,,,
hasMeasurementOrFact,Has Measurement Or Fact,Má měření nebo fakt,,Tiene Medida o Hecho,A pour Mesure ou Fait,,,,,,,This property refers to one or more related instances of the MeasurementOrFact class.,Tato vlastnost odkazuje na jednu nebo více souvisejících instancí třídy MeasurementOrFact.,,Esta propiedad hace referencia a una o más instancias relacionadas de la clase MeasurementOrFact.,Cette propriété fait référence à une ou plusieurs instances associées de la classe MeasurementOrFact.,,,,,,,,,,,,,,,,,,,,,,,,,,,,,,,,,,,,,,,
hasObjectClassification,Has Object Classification,Má klasifikaci objektu,,,A pour Classification de l'Objet,,,,,,,This property refers to one or more related instances of the ObjectClassification class.,Tato vlastnost odkazuje na jednu nebo více souvisejících instancí třídy ObjectClassification.,,,Cette propriété fait référence à une ou plusieurs instances associées de la classe ObjectClassification.,,,,,,,,,,,,,,,,,,,,,,,,,,,,,,,,,,,,,,,
hasObjectGroup,Has Object Group,Má skupinu objektů,,,A pour Groupe d'Objet,,,,,,,This property refers to one or more related instances of the ObjectGroup class.,Tato vlastnost odkazuje na jednu nebo více souvisejících instancí třídy ObjectGroup.,,,Cette propriété fait référence à une ou plusieurs instances associées de la classe ObjectGroup.,,,,,,,,,,,,,,,,,,,,,,,,,,,,,,,,,,,,,,,
hasObjectGroup,Has Object Group,Má skupinu objektů,,,A pour Groupe d'Objet,,,,,,,This property refers to one or more related instances of the ObjectGroup class.,Tato vlastnost odkazuje na jednu nebo více souvisejících instancí třídy ObjectGroup.,,,Cette propriété fait référence à une ou plusieurs instances associées de la classe ObjectGroup.,,,,,,,,,,,,,,,,,,,,,,,,,,,,,,,,,,,,,,,
hasOrganisationalUnit,Has Organisational Unit,Má organizační jednotku,,,A pour entité organisationnelle,,,,,,,This property refers to one or more related instances of the OrganisationalUnit class.,Tato vlastnost odkazuje na jednu nebo více souvisejících instancí třídy OrganisationalUnit.,,,Cette propriété fait référence à une ou plusieurs instances associées de la classe OrganisationalUnit.,,,,,,,,,,,,,,,,,,,,,,,,,,,,,,,,,,,,,,,
hasParentEvent,Has Parent Event,Má nadřazenou událost,,,A pour Événement Père,,,,,,,This property refers to one or more related parent instances of the Event class.,Tato vlastnost odkazuje na jednu nebo více souvisejících nadřazených instancí třídy Událost.,,,Cette propriété fait référence à une ou plusieurs instances parentales de la classe Event.,,,,,,,This term should only contain Events that can be considered to be a parent of the current instance.,"Tento termín by měl obsahovat pouze události, které lze považovat za nadřazené aktuální instanci.",,,Ce terme ne doit contenir que les Events qui peuvent être considérés comme des parents de l'instance considérée.,,,,,,,,,,,,,,,,,,,,,,,,,,,,
hasParentObjectClassification,Has Parent Object Classification,Má klasifikaci nadřazeného objektu,,,A pour Parent dans la Classification de l'Objet,,,,,,,This property refers to one or more related parent instances of the ObjectClassification class.,Tato vlastnost odkazuje na jednu nebo více souvisejících nadřazených instancí třídy ObjectClassification.,,,Cette propriété fait référence à une ou plusieurs instances parentales de la classe ObjectClassification.,,,,,,,,,,,,,,,,,,,,,,,,,,,,,,,,,,,,,,,
hasParentOrganisationalUnit,Has Parent Organisational Unit,Má nadřazenou organizační jednotku,,,A pour Entité Organisationnelle Mère,,,,,,,This property refers to one or more related parent instances of the OrganisationalUnit class.,Tato vlastnost odkazuje na jednu nebo více souvisejících nadřazených instancí třídy OrganisationalUnit.,,,Cette propriété fait référence à une ou plusieurs instances parentales de la classe OrganisationalUnit.,,,,,,,,,,,,,,,,,,,,,,,,,,,,,,,,,,,,,,,
hasParentStorageLocation,Has Parent Storage Location,Má místo nadřazeného úložiště,,,A pour Lieu de Stockage Père,,,,,,,This property refers to one or more related parent instances of the StorageLocation class.,Tato vlastnost odkazuje na jednu nebo více souvisejících nadřazených instancí třídy StorageLocation.,,,Cette propriété fait référence à une ou plusieurs instances parentales de la classe StorageLocation.,,,,,,,,,,,,,,,,,,,,,,,,,,,,,,,,,,,,,,,
hasPerson,Has Person,Má osobu,,,A pour Personne,,,,,,,This property refers to one or more related instances of the Person class.,Tato vlastnost odkazuje na jednu nebo více souvisejících instancí třídy Person.,,,Cette propriété fait référence à une ou plusieurs instances associées de la classe Person.,,,,,,,,,,,,,,,,,,,,,,,,,,,,,,,,,,,,,,,
hasPersonRole,Has Person Role,Má roli osoby,,,A pour Rôle,,,,,,,This property refers to one or more related instances of the PersonRole class.,Tato vlastnost odkazuje na jednu nebo více souvisejících instancí třídy PersonRole.,,,Cette propriété fait référence à une ou plusieurs instances associées de la classe PersonRole.,,,,,,,,,,,,,,,,,,,,,,,,,,,,,,,,,,,,,,,
hasPersonRole,Has Person Role,Má roli osoby,,,A pour Rôle,,,,,,,This property refers to one or more related instances of the PersonRole class.,Tato vlastnost odkazuje na jednu nebo více souvisejících instancí třídy PersonRole.,,,Cette propriété fait référence à une ou plusieurs instances associées de la classe PersonRole.,,,,,,,,,,,,,,,,,,,,,,,,,,,,,,,,,,,,,,,
hasPersonRole,Has Person Role,Má roli osoby,,,A pour Rôle d'une Personne,,,,,,,This property refers to one or more related instances of the PersonRole class.,Tato vlastnost odkazuje na jednu nebo více souvisejících instancí třídy PersonRole.,,,Cette propriété fait référence à une ou plusieurs instances associées de la classe PersonRole.,,,,,,,,,,,,,,,,,,,,,,,,,,,,,,,,,,,,,,,
hasPersonRole,Has Person Role,Má roli osoby,,,A pour Rôle d'une Personne,,,,,,,This property refers to one or more related instances of the PersonRole class.,Tato vlastnost odkazuje na jednu nebo více souvisejících instancí třídy PersonRole.,,,Cette propriété fait référence à une ou plusieurs instances associées de la classe PersonRole.,,,,,,,,,,,,,,,,,,,,,,,,,,,,,,,,,,,,,,,
hasReference,Has Reference,Má odkaz,,Tiene referencia,A pour Référence,,,,,,,This property refers to one or more related instances of the Reference class.,Tato vlastnost odkazuje na jednu nebo více souvisejících instancí třídy Reference.,,,Cette propriété fait référence à une ou plusieurs instances associées de la classe Reference.,,,,,,,,,,,,,,,,,,,,,,,,,,,,,,,,,,,,,,,
hasReference,Has Reference,Má odkaz,,Tiene referencia,A pour Référence,,,,,,,This property refers to one or more related instances of the Reference class.,Tato vlastnost odkazuje na jednu nebo více souvisejících instancí třídy Reference.,,,Cette propriété fait référence à une ou plusieurs instances associées de la classe Reference.,,,,,,,,,,,,,,,,,,,,,,,,,,,,,,,,,,,,,,,
hasReference,Has Reference,Má reference,,Tiene referencia,A pour Référence,,,,,,,This property refers to one or more related instances of the Reference class.,Tato vlastnost odkazuje na jednu nebo více souvisejících instancí třídy Reference.,,,Cette propriété fait référence à une ou plusieurs instances associées de la classe Reference.,,,,,,,,,,,,,,,,,,,,,,,,,,,,,,,,,,,,,,,
hasReference,Has Reference,Má odkaz,,Tiene referencia,A pour Référence,,,,,,,This property refers to one or more related instances of the Reference class.,Tato vlastnost odkazuje na jednu nebo více souvisejících instancí třídy Reference.,,,Cette propriété fait référence à une ou plusieurs instances associées de la classe Reference.,,,,,,,,,,,,,,,,,,,,,,,,,,,,,,,,,,,,,,,
hasReference,Has Reference,Má odkaz,,Tiene referencia,A pour Référence,,,,,,,This property refers to one or more related instances of the Reference class.,Tato vlastnost odkazuje na jednu nebo více souvisejících instancí třídy Reference.,,,Cette propriété fait référence à une ou plusieurs instances associées de la classe Reference.,,,,,,,,,,,,,,,,,,,,,,,,,,,,,,,,,,,,,,,
hasReference,Has Reference,Má reference,,Tiene referencia,A pour Référence,,,,,,,This property refers to one or more related instances of the Reference class.,Tato vlastnost odkazuje na jednu nebo více souvisejících instancí třídy Reference.,,,Cette propriété fait référence à une ou plusieurs instances associées de la classe Reference.,,,,,,,,,,,,,,,,,,,,,,,,,,,,,,,,,,,,,,,
hasReference,Has Reference,Má odkaz,,Tiene referencia,A pour Référence,,,,,,,This property refers to one or more related instances of the Reference class.,Tato vlastnost odkazuje na jednu nebo více souvisejících instancí třídy Reference.,,,Cette propriété fait référence à une ou plusieurs instances associées de la classe Reference.,,,,,,,,,,,,,,,,,,,,,,,,,,,,,,,,,,,,,,,
hasReference,Has Reference,Má odkaz,,Tiene referencia,A pour Référence,,,,,,,This property refers to one or more related instances of the Reference class.,Tato vlastnost odkazuje na jednu nebo více souvisejících instancí třídy Reference.,,,Cette propriété fait référence à une ou plusieurs instances associées de la classe Reference.,,,,,,,,,,,,,,,,,,,,,,,,,,,,,,,,,,,,,,,
hasReference,Has Reference,Má odkaz,,Tiene referencia,A pour Référence,,,,,,,This property refers to one or more related instances of the Reference class.,Tato vlastnost odkazuje na jednu nebo více souvisejících instancí třídy Reference.,,,Cette propriété fait référence à une ou plusieurs instances associées de la classe Reference.,,,,,,,,,,,,,,,,,,,,,,,,,,,,,,,,,,,,,,,
hasReference,Has Reference,Má odkaz,,Tiene referencia,A pour Référence,,,,,,,This property refers to one or more related instances of the Reference class.,Tato vlastnost odkazuje na jednu nebo více souvisejících instancí třídy Reference.,,,Cette propriété fait référence à une ou plusieurs instances associées de la classe Reference.,,,,,,,,,,,,,,,,,,,,,,,,,,,,,,,,,,,,,,,
hasReference,Has Reference,Má odkaz,,Tiene referencia,A pour Référence,,,,,,,This property refers to one or more related instances of the Reference class.,Tato vlastnost odkazuje na jednu nebo více souvisejících instancí třídy Reference.,,,Cette propriété fait référence à une ou plusieurs instances associées de la classe Reference.,,,,,,,,,,,,,,,,,,,,,,,,,,,,,,,,,,,,,,,
hasReference,Has Reference,Má odkaz,,Tiene referencia,A pour Référence,,,,,,,This property refers to one or more related instances of the Reference class.,Tato vlastnost odkazuje na jednu nebo více souvisejících instancí třídy Reference.,,,Cette propriété fait référence à une ou plusieurs instances associées de la classe Reference.,,,,,,,,,,,,,,,,,,,,,,,,,,,,,,,,,,,,,,,
hasReference,Has Reference,Má odkaz,,Tiene referencia,A pour Référence,,,,,,,This property refers to one or more related instances of the Reference class.,Tato vlastnost odkazuje na jednu nebo více souvisejících instancí třídy Reference.,,,Cette propriété fait référence à une ou plusieurs instances associées de la classe Reference.,,,,,,,,,,,,,,,,,,,,,,,,,,,,,,,,,,,,,,,
hasReference,Has Reference,Má referenci,,Tiene referencia,A pour Référence,,,,,,,This property refers to one or more related instances of the Reference class.,Tato vlastnost odkazuje na jednu nebo více souvisejících instancí třídy Reference.,,,Cette propriété fait référence à une ou plusieurs instances associées de la classe Reference.,,,,,,,,,,,,,,,,,,,,,,,,,,,,,,,,,,,,,,,
hasReference,Has Reference,Má odkaz,,Tiene referencia,A pour Référence,,,,,,,This property refers to one or more related instances of the Reference class.,Tato vlastnost odkazuje na jednu nebo více souvisejících instancí třídy Reference.,,,Cette propriété fait référence à une ou plusieurs instances associées de la classe Reference.,,,,,,,,,,,,,,,,,,,,,,,,,,,,,,,,,,,,,,,
hasReference,Has Reference,Má odkaz,,Tiene referencia,A pour Référence,,,,,,,This property refers to one or more related instances of the Reference class.,Tato vlastnost odkazuje na jednu nebo více souvisejících instancí třídy Reference.,,,Cette propriété fait référence à une ou plusieurs instances associées de la classe Reference.,,,,,,,,,,,,,,,,,,,,,,,,,,,,,,,,,,,,,,,
hasReference,Has Reference,Má odkaz,,Tiene referencia,A pour Référence,,,,,,,This property refers to one or more related instances of the Reference class.,Tato vlastnost odkazuje na jednu nebo více souvisejících instancí třídy Reference.,,,Cette propriété fait référence à une ou plusieurs instances associées de la classe Reference.,,,,,,,,,,,,,,,,,,,,,,,,,,,,,,,,,,,,,,,
hasReference,Has Reference,Má odkaz,,Tiene referencia,A pour Référence,,,,,,,This property refers to one or more related instances of the Reference class.,Tato vlastnost odkazuje na jednu nebo více souvisejících instancí třídy Reference.,,,Cette propriété fait référence à une ou plusieurs instances associées de la classe Reference.,,,,,,,,,,,,,,,,,,,,,,,,,,,,,,,,,,,,,,,
hasReference,Has Reference,Má odkaz,,Tiene referencia,A pour Référence,,,,,,,This property refers to one or more related instances of the Reference class.,Tato vlastnost odkazuje na jednu nebo více souvisejících instancí třídy Reference.,,,Cette propriété fait référence à une ou plusieurs instances associées de la classe Reference.,,,,,,,,,,,,,,,,,,,,,,,,,,,,,,,,,,,,,,,
hasReference,Has Reference,Má odkaz,,Tiene referencia,A pour Référence,,,,,,,This property refers to one or more related instances of the Reference class.,Tato vlastnost odkazuje na jednu nebo více souvisejících instancí třídy Reference.,,,Cette propriété fait référence à une ou plusieurs instances associées de la classe Reference.,,,,,,,,,,,,,,,,,,,,,,,,,,,,,,,,,,,,,,,
hasReference,Has Reference,Má odkaz,,Tiene referencia,A pour Référence,,,,,,,This property refers to one or more related instances of the Reference class.,Tato vlastnost odkazuje na jednu nebo více souvisejících instancí třídy Reference.,,,Cette propriété fait référence à une ou plusieurs instances associées de la classe Reference.,,,,,,,,,,,,,,,,,,,,,,,,,,,,,,,,,,,,,,,
hasResourceRelationship,Has Resource Relationship,Má vztah ke zdroji,,,A pour Relation entre les Ressources,,,,,,,This property refers to one or more related instances of the ResourceRelationship class.,Tato vlastnost odkazuje na jednu nebo více souvisejících instancí třídy ResourceRelationship.,,,Cette propriété fait référence à une ou plusieurs instances associées de la classe ResourceRelationship.,,,,,,,,,,,,,,,,,,,,,,,,,,,,,,,,,,,,,,,
hasResourceRelationship,Has Resource Relationship,Má vztah ke zdroji,,,A pour Relation entre les Ressources,,,,,,,This property refers to one or more related instances of the ResourceRelationship class.,Tato vlastnost odkazuje na jednu nebo více souvisejících instancí třídy ResourceRelationship.,,,Cette propriété fait référence à une ou plusieurs instances associées de la classe ResourceRelationship.,,,,,,,,,,,,,,,,,,,,,,,,,,,,,,,,,,,,,,,
hasRole,Has Role,Má roli,,,A pour Rôle,,,,,,,This property refers to one or more related instances of the Role class.,Tato vlastnost odkazuje na jednu nebo více souvisejících instancí třídy Role.,,,Cette propriété fait référence à une ou plusieurs instances associées de la classe Role.,,,,,,,,,,,,,,,,,,This property maps to the PROV-O property hadRole (http://www.w3.org/ns/prov#hadRole).,Tato vlastnost odpovídá vlastnosti hadRole (http://www.w3.org/ns/prov#hadRole).,,,Cette propriété correspond à la propriété hadRole du PROV-O (http://www.w3.org/ns/prov#hadRole).,,,,,,,,,,,,,,,,,
hasSchemeMeasurementOrFact,Has Scheme Measurement Or Fact,Má schéma měření nebo fakt,,,A pour Mesure ou Fait du Modèle,,,,,,,This property refers to one or more related instances of the SchemeMeasurementOrFact class.,Tato vlastnost odkazuje na jednu nebo více souvisejících instancí třídy SchemeMeasurementOrFact.,,,Cette propriété fait référence à une ou plusieurs instances associées de la classe SchemeMeasurementOrFact.,,,,,,,,,,,,,,,,,,,,,,,,,,,,,,,,,,,,,,,
hasSchemeTerm,Has Scheme Term,Má termín schématu,,,A pour Terme du Modèle,,,,,,,This property refers to one or more related instances of the SchemeTerm class.,Tato vlastnost odkazuje na jednu nebo více souvisejících instancí třídy SchemeTerm.,,,Cette propriété fait référence à une ou plusieurs instances associées de la classe SchemeTerm.,,,,,,,,,,,,,,,,,,,,,,,,,,,,,,,,,,,,,,,
hasStorageLocation,Has Storage Location,Má úložné místo,,,A pour Lieu de Stockage,,,,,,,This property refers to one or more related instances of the StorageLocation class.,Tato vlastnost odkazuje na jednu nebo více souvisejících instancí třídy StorageLocation.,,,Cette propriété fait référence à une ou plusieurs instances associées de la classe StorageLocation.,,,,,,,,,,,,,,,,,,,,,,,,,,,,,,,,,,,,,,,
hasTaxon,Has Taxon,Má taxon,,,A pour Taxon,,,,,,,This property refers to one or more related instances of the Taxon class.,Tato vlastnost odkazuje na jednu nebo více souvisejících instancí třídy Taxon.,,,Cette propriété fait référence à une ou plusieurs instances associées de la classe Taxon.,,,,,,,,,,,,,,,,,,,,,,,,,,,,,,,,,,,,,,,
hasTemporalCoverage,Has Temporal Coverage,Má časový rozsah,,Tiene cobertura temporal,A pour Couverture Temporelle,,,,,,,This property refers to one or more related instances of the TemporalCoverage class.,Tato vlastnost odkazuje na jednu nebo více souvisejících instancí třídy TemporalCoverage.,,,Cette propriété fait référence à une ou plusieurs instances associées de la classe TemporalCoverage.,,,,,,,,,,,,,,,,,,,,,,,,,,,,,,,,,,,,,,,
hasTemporalCoverage,Has Temporal Coverage,Má časový rozsah,,Tiene cobertura temporal,A pour Couverture Temporelle,,,,,,,This property refers to one or more related instances of the TemporalCoverage class.,Tato vlastnost odkazuje na jednu nebo více souvisejících instancí třídy TemporalCoverage.,,,Cette propriété fait référence à une ou plusieurs instances associées de la classe TemporalCoverage.,,,,,,,,,,,,,,,,,,,,,,,,,,,,,,,,,,,,,,,
hasTemporalCoverage,Has Temporal Coverage,Má časový rozsah,,Tiene cobertura temporal,A pour Couverture Temporelle,,,,,,,This property refers to one or more related instances of the TemporalCoverage class.,Tato vlastnost odkazuje na jednu nebo více souvisejících instancí třídy TemporalCoverage.,,,Cette propriété fait référence à une ou plusieurs instances associées de la classe TemporalCoverage.,,,,,,,,,,,,,,,,,,,,,,,,,,,,,,,,,,,,,,,
identifierSource,Identifier Source,Zdroj identifikátoru,,,Source de l'Identifiant,,,,,,,The source or creator of the identifier.,Zdroj nebo původce identifikátoru.,,,La source ou le créateur de l'identifiant.,,,,,,,,,,,,,,,,,,"This term refers to the organisation, framework, software or database that minted the identifier represented in the identifier property.","Tento termín označuje organizaci, rámec, software nebo databázi, která vytvořila identifikátor reprezentovaný ve vlastnosti identifikátoru.",,,"Ce terme fait référence à l'organisation, au dispositif, au logiciel ou à la base de données qui a créé l'identifiant représenté dans la propriété identifier.",,,,,,,,,,,,,,,,,
identifierType,Identifier Type,Typ identifikátoru,,,Type d'Identifiant,,,,,,,The type and format of the value in the identifier field.,Typ a formát hodnoty v poli identifikátoru.,,,Le type et le format de la valeur du champ identifier.,,,,,,,,,,,,,,,,,,This property should be used to help people and software understand how the identifier can be used (e.g. whether it's a resolvable IRI) and validate the identifier based on format and composition (e.g. a valid UUID).,"Tato vlastnost by měla pomoci lidem a softwaru pochopit, jak lze identifikátor použít (např. zda se jedná o rozlišitelný IRI), a ověřit identifikátor na základě formátu a složení (např. platný UUID).",,,"Cette propriété doit être utilisée pour aider les personnes et les logiciels à comprendre comment l'identifiant peut être utilisé (par exemple, s'il s'agit d'un IRI résoluble) et à valider l'identifiant sur la base de son format et de sa composition (par exemple, un UUID valide).",,,,,,,,,,,,,,,,,
identifierValue,Identifier,Identifikátor,,Identificador,Identifiant,,,,,,,"A textual or numeric identifier, acronym or IRI that provides an unambiguous reference for an entity within a given context.","Textový nebo číselný identifikátor, akronym nebo IRI, který poskytuje jednoznačný odkaz na entitu v daném kontextu.",,,"Un identifiant textuel ou numérique, un acronyme ou un IRI qui fournit une référence non ambiguë pour une entité dans un contexte donné.",,,,,,,,,,,,,,,,,,"This may be a simple value or resolvable IRI, and can reflect any identifier used to identify an entity (such as a collection, taxon, institution or person) included in the Collection Description.","Může to být jednoduchá hodnota nebo rozlišitelný IRI a může odrážet jakýkoli identifikátor používaný k identifikaci entity (například sbírky, taxonu, instituce nebo osoby) zahrnuté do popisu sbírky.",,,"Il peut s'agir d'une simple valeur ou d'un IRI résoluble, et peut refléter tout identifiant utilisé pour identifier une entité (telle qu'une collection, un taxon, une institution ou une personne) incluse dans la description de la collection.",,,,,,,,,,,,,,,,,
isCurrentCollection,Is Current Collection,Je aktuální sbírka,,,Est la Collection Actuelle,,,,,,,A flag to indicate whether the collection still exists as a single entity.,"Příznak označující, zda sbírka stále existuje jako jedna entita.",,,Un indicateur permettant de savoir si la collection existe toujours en tant qu'entité distincte.,,,,,,,,,,,,,,,,,,Use this to indicate if the record describes the entirety of a known historical collection. If only part of the collection is present the value is 'false'.,"Použijte ji k označení, zda záznam popisuje celou známou historickou sbírku. Pokud se jedná pouze o část sbírky, je hodnota ""false"".",,,"Cette valeur indique si l'enregistrement décrit l'intégralité d'une collection historique connue. Si seule une partie de la collection est présente, la valeur doit être « false ».",,,,,,,,,,,,,,,,,
isDerivedCollection,Is Derived Collection,Je odvozená sbírka,,,Est une Collection Dérivée,,,,,,,A flag to indicate that the collection description has been generated by aggregating data from one or more underlying datasets of its individual objects.,"Příznak označující, že popis sbírky byl vytvořen agregací dat z jedné nebo více základních datových sad jejích jednotlivých objektů.",,,Un indicateur qui signale que la description de la collection a été générée par l'agrégation de données provenant d'un ou de plusieurs ensembles de données sous-jacents de ses objets individuels.,,,,,,,,,,,,,,,,,,"If `true`, the LtC record has been wholly generated through the synthesis of existing digital records, such as by a programmatic aggregation of specimen records. If `false`, the LtC record is known to have been generated through some other method, such as in response to an institutional survey. Leaving this field blank indicates that the method used to construct the record is unknown or has yet to be recorded.","Pokud je `true`, záznam LtC byl zcela vytvořen syntézou existujících digitálních záznamů, například programovou agregací záznamů vzorků. Je-li `false`, je známo, že záznam LtC byl vytvořen jinou metodou, například jako odpověď na institucionální průzkum. Ponechání tohoto pole prázdného znamená, že metoda použitá k vytvoření záznamu není známa nebo musí být teprve zaznamenána.",,,"Si `true`, l'enregistrement LtC a été entièrement généré par la synthèse d'enregistrements numériques existants, comme par une agrégation informatisée d'enregistrements de spécimens. Si `false`, l'enregistrement LtC est réputé avoir été généré par une autre méthode, par exemple en réponse à une demande institutionnelle. Le fait de laisser ce champ vide indique que la méthode utilisée pour construire l'enregistrement est inconnue ou n'a pas encore été répertoriée.",,,,,,,,,,,,,,,,,
isDistinctObjects,Is Distinct Objects,Je odlišný objekt,,,Sont des Objets Distincts,,,,,,,A flag to designate whether a physical object may be described by more than one ObjectGroup within the LatimerCoreScheme.,"Příznak určující, zda fyzický objekt může být popsán více než jednou skupinou objektů v rámci LatimerCoreScheme.",,Indicador para designar si un objeto físico puede ser descrito por más de un ObjectGroup dentro del LatimerCoreScheme.,Un indicateur permettant de déterminer si un objet physique peut être décrit par plus d'un ObjectGroup au sein du LatimerCoreScheme.,,,,,,,,,,,,,,,,,,"If isDistinctObjects is set to 'true', then no collection object should be covered by more than one object group within the LatimerCoreScheme. This is important for aggregating and reporting on metrics such as object counts, as it prevents any physical object from being counted more than once.","Pokud je isDistinctObjects nastaveno na hodnotu 'true', pak by žádný objekt sbírky neměl být zahrnut do více než jedné skupiny objektů v rámci LatimerCoreScheme. To je důležité pro agregaci a vykazování metrik, jako jsou počty objektů, protože to zabraňuje tomu, aby byl jakýkoli fyzický objekt započítán více než jednou.",,"Si isDistinctObjects se establece en 'true', ningún objeto de la colección debe estar cubierto por más de un grupo de objetos dentro de LatimerCoreScheme. Esto es importante para agregar e informar sobre métricas como el recuento de objetos, ya que evita que cualquier objeto físico se cuente más de una vez.","Si isDistinctObjects a pour valeur « true », aucun objet de la collection ne doit être couvert par plus d'un groupe d'objets au sein du LatimerCoreScheme. Ceci est important pour l'agrégation et l'établissement de rapports sur des statistiques telles que le nombre d'objets, car cela évite qu'un objet physique soit comptabilisé plusieurs fois.",,,,,,,,,,,,,,,,,
isKnownToContainTypes,Is Known To Contain Types,"Je známo, že obsahuje typy",,,Est réputée contenir des types,,,,,,,Flag property to indicate that the collection is known to include type specimens.,"Vlastnost příznaku označující, že sbírka obsahuje typové exempláře.",,,Propriété de signalement pour indiquer que la collection est réputée inclure des spécimens types.,,,,,,,,,,,,,,,,,,`true` - this collection contains types; `false` - this collections does not contain types,`true` - tato kolekce obsahuje typy; `false` - tato kolekce neobsahuje typy,,,`true` - cette collection contient des types ; `false` - cette collection ne contient pas de types,,,,,,,,,,,,,,,,,
isMandatoryMetric,Is Mandatory Metric,Je povinnou metrikou,,,Est une Statistique Obligatoire,,,,,,,A flag to designate whether it is mandatory or optional for every collection description within the LatimerCoreScheme to include the measurement or fact defined by the schemeMeasurementType property.,"Příznak určující, zda je povinné nebo nepovinné, aby každý popis sbírky v rámci LatimerCoreSchema obsahoval měření nebo skutečnost definovanou vlastností schemeMeasurementType.",,,Un indicateur indiquant s'il est obligatoire ou facultatif pour chaque description de collection dans le LatimerCoreScheme d'inclure la mesure ou le fait défini par la propriété schemeMeasurementType.,,,,,,,,,,,,,,,,,,This flag can be used for software automation and data validation.,Tento příznak lze použít pro automatizaci softwaru a ověřování dat.,,,Cet indicateur peut être utilisé pour l'automatisation des logiciels et la validation des données.,,,,,,,,,,,,,,,,,
isMandatoryTerm,Is Mandatory Term,Je povinný termín,,,Est un Terme Obligatoire,,,,,,,A flag to designate whether it is mandatory or optional for all ObjectGroups in the LatimerCoreScheme to include or be linked to valid data for the class or property defined in the termName property.,"Příznak, který určuje, zda je pro všechny ObjectGroups v LatimerCoreScheme povinné nebo nepovinné, aby obsahovaly nebo byly propojeny s platnými daty pro třídu nebo vlastnost definovanou ve vlastnosti termName.",,,Un indicateur pour déterminer s'il est obligatoire ou facultatif pour tous les ObjectGroups du LatimerCoreScheme d'inclure ou d'être liés à des données valides pour la classe ou la propriété définie dans termName.,,,,,,,,,,,,,,,,,,"This flag can be used for software automation and data validation. For example, if the termName is 'preservationMethod' (a property) and isMandatoryTerm is 'true', then an interface or query should always expect a value for that property, and can validate against that expectation. If the termName is Taxon (a class) and isMandatoryTerm is 'true', then similarly the expectation will be that at least one populated Taxon object is linked to every ObjectGroup. If the isRepeatableTerm property is set to 'false', then the expectation will be that exactly one populated Taxon object is linked to every ObjectGroup and no more.","Tento příznak lze použít pro automatizaci softwaru a ověřování dat. Pokud je například termName ""preservationMethod"" (vlastnost) a isMandatoryTerm je ""true"", pak by rozhraní nebo dotaz měly vždy očekávat hodnotu pro tuto vlastnost a mohou ji validovat podle tohoto očekávání. Pokud je termName Taxon (třída) a isMandatoryTerm je ""true"", pak se podobně očekává, že ke každému objektu ObjectGroup bude připojen alespoň jeden vyplněný objekt Taxon. Pokud je vlastnost isRepeatableTerm nastavena na ""false"", pak se očekává, že ke každému ObjectGroup bude připojen přesně jeden vyplněný objekt Taxon a žádný další.",,,"Cet indicateur peut être utilisé pour l'automatisation des logiciels et la validation des données. Par exemple, si le nom du terme est « preservationMethod » (une propriété) et que isMandatoryTerm est « true », une interface ou une requête doit toujours demander une valeur pour cette propriété, et peut contrôler cette exigence. Si termName est Taxon (une classe) et que isMandatoryTerm est « true », il est attendu qu'au moins un objet Taxon renseigné soit lié à chaque ObjectGroup. Si la propriété isRepeatableTerm a la valeur « false », il est attendu qu'un seul et unique objet Taxon renseigné soit lié à chaque ObjectGroup.",,,,,,,,,,,,,,,,,
isRepeatableMetric,Is Repeatable Metric,Je opakovatelná metrika,,,Est une Statistique Répétable,,,,,,,A flag to designate whether multiple instances of the same schemeMeasurementType may be attached to a single entity.,"Příznak určující, zda může být k jedné entitě připojeno více instancí stejného typu schemeMeasurementType.",,,Un indicateur permettant de déterminer si plusieurs instances du même schemeMeasurementType peuvent être rattachées à une seule entité.,,,,,,,,,,,,,,,,,,"For example, this property can be used to stipulate that, using the MeasurementOrFact class, only one 'Object count' may be attached to an ObjectGroup, but multiple 'Curator notes' may be attached to the same ObjectGroup.","Pomocí této vlastnosti lze například stanovit, že pomocí třídy MeasurementOrFact lze ke skupině objektů připojit pouze jeden ""Počet objektů"", ale ke stejné skupině objektů lze připojit více ""Poznámek kurátora"".",,,"Par exemple, cette propriété peut être utilisée pour préciser qu'en utilisant la classe MeasurementOrFact, un seul 'Object count' peut être associé à un ObjectGroup, mais que plusieurs 'Curator notes' peuvent être associées au même ObjectGroup.",,,,,,,,,,,,,,,,,
isRepeatableTerm,Is Repeatable Term,Je opakovatelný termín,,,Est un Terme Répétable,,,,,,,A flag to designate whether multiple instances of the Latimer Core class or property defined in the termName property may be attached to a single ObjectGroup.,"Příznak určující, zda může být k jedné skupině objektů ObjectGroup připojeno více instancí třídy Latimer Core nebo vlastnosti definované ve vlastnosti termName.",,,Un indicateur permettant de déterminer si plusieurs instances de la classe ou de la propriété Latimer Core définie dans la propriété termName peuvent être attachées à un seul ObjectGroup.,,,,,,,,,,,,,,,,,,"This property essentially defines whether the property or class is used for a 'tagging' approach (e.g. attaching multiple Taxon records to the same ObjectGroup to reflect the taxonomic scope, or a 'dimensional' approach (e.g. attaching a single GeologicalContext to an ObjectGroup, to show that it represents only objects from the Mesozoic). This has implications on how metrics may be handled, and more information is available in the non-normative guidance.","Tato vlastnost v podstatě určuje, zda se vlastnost nebo třída používá pro ""značkovací"" přístup (např. připojení více záznamů Taxon ke stejné ObjectGroup, aby se vyjádřil taxonomický rozsah, nebo ""dimenzionální"" přístup (např. připojení jediného GeologicalContext ke skupině ObjectGroup, aby se ukázalo, že reprezentuje pouze objekty z druhohor). To má dopad na to, jak lze zacházet s metrikami, a více informací je k dispozici v nenormativních pokynech.",,,"Cette propriété définit en substance si la propriété ou la classe est utilisée dans le cadre d'une approche de « marquage » (par exemple, attacher plusieurs enregistrements Taxon au même ObjectGroup pour refléter la couverture taxonomique) ou d'une approche « dimensionnelle » (par exemple, attacher un seul GeologicalContext à un ObjectGroup pour montrer qu'il ne représente que des objets du Mésozoïque). Cela a des implications sur la manière dont les mesures peuvent être traitées. De plus amples informations sont disponibles dans les guides non normatifs.",,,,,,,,,,,,,,,,,
isTopParent,Is Top Parent,Je nejvyšší nadřazený,,,Est le Parent le plus Inclusif,,,,,,,A flag to indicate that the current instance of ObjectClassification is at the top of the hierarchy represented by multiple nested instances of the class.,"Označení, že aktuální instance třídy ObjectClassification je na vrcholu hierarchie reprezentované více vnořenými instancemi třídy.",,,Un indicateur qui signale que l'instance actuelle de ObjectClassification se trouve au sommet de la hiérarchie représentée par plusieurs instances imbriquées de la classe.,,,,,,,"If this term is used, it should be set to `true` in the instance of ObjectClassification which represents the highest level of a hierarchy and `false` in the rest. If the direction of the hierarchy is self-evident or otherwise not notable, this term should not be populated. ","Pokud je tento termín použit, měl by být nastaven na `true` v instanci ObjectClassification, která představuje nejvyšší úroveň hierarchie, a na `false` v ostatních. Pokud je směr hierarchie zřejmý nebo jinak pozoruhodný, neměl by být tento termín vyplněn. ",,,"Si ce terme est utilisé, il doit être mis à `true` dans l'instance d'ObjectClassification qui représente le plus haut niveau d'une hiérarchie et à `false` dans les autres. Si la direction de la hiérarchie est évidente ou si elle n'est pas significative, ce terme ne doit pas être renseigné. ",,,,,,,,,,,,,,,,,,,,,,,,,,,,
locationDescription,Location Description,Popis umístění,,,Description du Lieu,,,,,,,Short textual description of the storage location of the group of items,Krátký textový popis místa uložení skupiny položek,,,Une brève description textuelle du lieu de stockage du groupe d'objets,,,,,,,,,,,,,,,,,,,,,,,,,,,,,,,,,,,,,,,
locationName,Location Name,Název umístění,,,Intitulé du Lieu,,,,,,,A label used to identify a place where the collection is stored.,"Štítek sloužící k identifikaci místa, kde je sbírka uložena.",,,Une indication permettant d'identifier l'endroit où la collection est conservée.,,,,,,,,,,,,,,,,,,This is the lowest level of storage location for the object group (collection or sub-collection).,Jedná se o nejnižší úroveň umístění úložiště pro skupinu objektů (sbírku nebo dílčí sbírku).,,,Il s'agit du niveau le plus précis du lieu de stockage pour le groupe d'objets (collection ou sous-collection).,,,,,,,,,,,,,,,,,
locationType,Location Type,Typ umístění,,,Type de Lieu,,,,,,,The nature of the location where the collection is stored.,"Charakter místa, kde je sbírka uložena.",,,La nature du lieu où la collection est conservée.,,,,,,,,,,,,,,,,,,"This defines the type of storage location named in locationName, and may refer to static locations or moveable containers.",Definuje typ úložného místa uvedeného v položce locationName a může se týkat statických míst nebo pohyblivých kontejnerů.,,,"Cela définit le type de lieu de stockage mentionné dans locationName, et peut faire référence à des lieux fixes ou à des conteneurs mobiles.",,,,,,,,,,,,,,,,,
material,Material,Materiál,,,Matériel,,,,,,,"Material denotes the raw substance(s) from which the object is formed, in whole or in part.","Materiál označuje surovinu (suroviny), z níž je předmět zcela nebo zčásti vytvořen.",,,"Material désigne la ou les substance(s) brute(s) à partir de laquelle ou desquelles l'objet est formé, en totalité ou en partie.",,,,,,,,,,,,,,,,,,"This definition maps roughly to the concept of E57 'material' from the CIDOC CRM: https://cidoc-crm.org/Entity/E57-Material/version-7.1.1. The object, or artefact could contain biological parts, for example jewellery made of amber with insects in, or cloaks made of bird feathers. It should not be used for taxonomic identifications.","Tato definice zhruba odpovídá pojmu E57 ""materiál"" z CIDOC CRM: https://cidoc-crm.org/Entity/E57-Material/version-7.1.1. Předmět nebo artefakt může obsahovat biologické části, například šperky z jantaru s hmyzem nebo pláště z ptačích per. Neměl by být používán k taxonomické identifikaci.",,,"Cette définition correspond à peu près au concept E57 « material » du CIDOC CRM : https://cidoc-crm.org/Entity/E57-Material/version-7.1.1. L'objet ou l'artefact peut contenir des éléments biologiques, par exemple des bijoux en ambre renfermant des insectes ou des manteaux en plumes d'oiseaux. Ce champs ne doit pas être utilisé pour des identifications taxonomiques.",,,,,,,"`Biological body`, `Organism material (cp. objectType = `Organism product`)`, `Viable cells`, `Protein`, `RNA`, `DNA`, etc.","`Biologické tělo`, `Materiál organismu (cp. objectType = `Produkt organismu`)`, `Živé buňky`, `Protein`, `RNA`, `DNA` atd.",,,"`Corps biologique`, `Matériau de l'organisme (cp. objectType = `Produit de l'organisme`) `, `Cellules viables`, `Protéines`, `ARN`, `ADN`, etc.",,,,,,
measurementDerivation,Measurement Derivation,Derivace měření,,,Origine de la Mesure,,,,,,,"An indicator as to whether the measurement, fact, characteristic, or assertion being applied to the collection was derived from reported figures or aggregated/calculated from underlying data.","Ukazatel, zda měření, fakt, charakteristika nebo tvrzení, které se na sbírku vztahuje, bylo odvozeno z vykázaných údajů nebo agregováno/vypočteno z podkladových dat.",,,"Un indicateur permettant de savoir si la mesure, le fait, la caractéristique ou l'assertion appliquée à la collection a été dérivée des chiffres déclarés ou agrégée/calculée à partir de données sous-jacentes.",,,,,,,,,,,,,,,,,,"If there is more detailed information about the method by which a measurement or fact was derived, this should be captured using the measurementMethod property.","Pokud existují podrobnější informace o metodě, kterou bylo měření nebo fakt odvozen, měly by být zachyceny pomocí vlastnosti measurementMethod.",,,"S'il existe des informations plus précises sur la méthode de calcul d'une mesure ou d'un fait, elles doivent être saisies à l'aide de la propriété measurementMethod.",,,,,,,,,,,,,,,,,
measurementFactText,Fact or Narrative Text,Faktický nebo popisující text,,,Faits ou Texte Narratif,,,,,,,"The value of the qualitative fact, characteristic, or assertion being made about the collection.","Hodnota kvalitativního faktu, vlastnosti nebo tvrzení, které se o sbírce uvádí.",,,"La valeur du fait qualitatif, de la caractéristique ou de l'affirmation concernant la collection.",,,,,,,,,,,,,,,,,,"This property should also be used for storing textual information about the collection within a particular context, such as narratives or comments about digitisation readiness.","Tato vlastnost by měla být použita také pro ukládání textových informací o sbírce v určitém kontextu, jako jsou popisy nebo komentáře k připravenosti digitalizace.",,,"Cette propriété doit également être utilisée pour stocker des informations textuelles sur la collection dans un contexte particulier, telles que des récits ou des commentaires sur l'état d'avancement de la numérisation.",,,,,,,,,,,,,,,,,
objectClassificationLevel,Object Classification Level,Úroveň klasifikace objektu,,,Niveau de Classification de l'Objet,,,,,,,The level of the ObjectClassification in the hierarchy.,Úroveň klasifikace objektů v hierarchii.,,,Le niveau de l'ObjectClassification dans la hiérarchie.,,,,,,,,,,,,,,,,,,It is up to the user to name the levels to be relevant to the hierarchical classification scheme that they are defining.,"Záleží na uživateli, jak pojmenuje úrovně, aby odpovídaly hierarchickému klasifikačnímu schématu, které definuje.",,,Il incombe à l'utilisateur de nommer les niveaux correspondant au système de classification hiérarchique qu'il est en train de définir.,,,,,,,,,,,,,,,,,
objectClassificationName,Object Classification Name,Název klasifikace objektu,,,Nom de la Classification de l'Objet,,,,,,,"A short title describing this ObjectClassification as a class, unit or grouping.","Krátký název popisující tuto klasifikaci objektů jako třídu, jednotku nebo seskupení.",,,"Titre bref décrivant cet objetClassification en tant que classe, unité ou groupe.",,,,,,,,,,,,,,,,,,"This is a user-determined name given for classifying their collection. This name, expressing an assigned classification, can be part of a self-referential hierarchy.","Jedná se o název určený uživatelem pro klasifikaci jeho sbírky. Tento název, vyjadřující přiřazenou klasifikaci, může být součástí autoreferenční hierarchie.",,,"Nom déterminé par l'utilisateur pour classer sa collection. Ce nom, qui exprime une classification attribuée, peut faire partie d'une hiérarchie qui s'autoréférence.",,,,,,,,,,,,,,,,,
objectType,Object Type,Typ objektu,,,Type d'objet,,,,,,,High-level terms for the classification of curated objects.,Vysokoúrovňové termíny pro klasifikaci kurátorských objektů.,,,Termes de haut niveau pour la classification des objets conservés.,,,,,,,A more generic classification of items in the collection than described in preparationType.,"Obecnější klasifikace položek ve sbírce, než je popsáno v položce preparationType.",,,Une classification plus générique des éléments de la collection que celle décrite dans preparationType.,,,,,,,"Hands-on, practical attributes classifying the stored curated objects. You will expect to find these kinds and types of objects when you go to and access their storage location. This should not be used for classifying objects by taxon. The best way to do that is to use the Taxon class (formal taxonomy and vernacular names) or ObjectClassification class (informal classification).","Praktické atributy klasifikující uložené kurátorované objekty. Tyto druhy a typy objektů očekáváte, když přejdete na místo uložení a přistoupíte k němu. Nemělo by sloužit ke klasifikaci objektů podle taxonů. K tomu je nejlepší použít třídu Taxon (formální taxonomie a slovní názvy) nebo třídu ObjectClassification (neformální klasifikace).",,,Attributs pratiques permettant de classer les objets conservés. Il faut s'attendre à trouver ces types d'objets lorsque l'on accède leur lieu de stockage. Ce champs ne doit pas être utilisé pour classer les objets par taxon. La meilleure façon de le faire est d'utiliser la classe Taxon (taxonomie scientifique et noms vernaculaires) ou la classe ObjectClassification (classification informelle).,,,,,,,"if baseTypeOfObjectGroup = `MaterialEntity`: `Specimen`, `Tissue`, `Culture`, `HTS Library`, `Lysate`, `Environmental sample`, `Extracted/Preserved DNA/RNA`, `Microscope slide`, `Spore print`, `Macrofossil`, `Mesofossil`, `Microfossil`, `Oversized fossil`; if typeOfObjectGroup = `Non-biological`: `Macro-object`, `Micro-object`, `Oversized object`, `Cut/polished gemstone`, `Core`, `Fluid`, `Hazardous material/object`, `Mixed`; if baseTypeOfObjectGroup = `InformationArtefact`: `Text`, `Audio`, `Visual`","if baseTypeOfObjectGroup = `MaterialEntity`: `Specimen`, `Tissue`, `Culture`, `HTS Library`, `Lysate`, `Environmental sample`, `Extracted/Preserved DNA/RNA`, `Microscope slide`, `Spore print`, `Macrofossil`, `Mesofossil`, `Microfossil`, `Oversized fossil`; if typeOfObjectGroup = `Non-biological`: `Makroobjekt`, `Mikroobjekt`, `Přerostlý objekt`, `Broušený/leštěný drahokam`, `Jádro`, `Tekutina`, `Nebezpečný materiál/objekt`, `Smíšený`; if baseTypeOfObjectGroup = `InformationArtefact`: `Text`, `Audio`, `Vizuální`",,,"si baseTypeOfObjectGroup = `MaterialEntity` : `Spécimen`, `Tissu`, `Culture`, `Bibliothèque HTS`, `Lysat`, `Echantillon environnemental`, `Extraction/préservation d'ADN/ARN`, `Lame de microscope`, `Empreinte de spores`, `Macrofossile`, `Mésofossile`, `Microfossile`, `Fossile surdimensionné` ; si typeOfObjectGroup = `Non-biological` : `Macro-objet`, `Micro-objet`, `Objet surdimensionné`, `Pierre précieuse taillée/polie`, `Core`, `Fluide`, `Matière/objet dangereux`, `Mélange` ; si baseTypeOfjectGroup = `InformationArtefact` : `Texte`, `Audio`, `Visuel`",,,,,,
organisationalUnitName,Organisational Unit Name,Název organizační jednotky,,,Nom de l'Entité Organisationnelle,,,,,,,An official name of the organisational unit in the local language.,Oficiální název organizační jednotky v místním jazyce.,,,Nom officiel de l'entité organisationnelle dans sa langue d'origine.,,,,,,,,,,,,,,,,,,"Repeatable where there are more than one official local language required for example Belgian Institutions where an official name exists in French, Dutch, German and English. See 'A Collection of Crosswalks from Fifteen Research Data Schemas to Schema.org' (https://www.rd-alliance.org/group/research-metadata-schemas-wg/outcomes/collection-crosswalks-fifteen-research-data-schemas) from RDA for crosswalks for properties with the function of Name, Title, etc. Take into account the note at the class level (Class:OrganisationalUnit) about associating an identifier in addition to a name with the organisational unit.","Lze opakovat, pokud je vyžadován více než jeden úřední místní jazyk, například belgické instituce, kde existuje úřední název ve francouzštině, nizozemštině, němčině a angličtině. Viz ""A Collection of Crosswalks from Fifteen Research Data Schemas to Schema.org"" (https://www.rd-alliance.org/group/research-metadata-schemas-wg/outcomes/collection-crosswalks-fifteen-research-data-schemas) od RDA, kde jsou uvedeny křížové přechody pro vlastnosti s funkcí Name, Title atd. Vezměte v úvahu poznámku na úrovni třídy (Class:OrganisationalUnit) o přiřazení identifikátoru kromě názvu k organizační jednotce.",,,"Répétable lorsqu'il y a plus d'une langue officielle locale requise, par exemple pour les institutions belges dont le nom officiel existe en français, en néerlandais, en allemand et en anglais. Voir « A Collection of Crosswalks from Fifteen Research Data Schemas to Schema.org » (https://www.rd-alliance.org/group/research-metadata-schemas-wg/outcomes/collection-crosswalks-fifteen-research-data-schemas) de RDA pour les passerelles pour les propriétés ayant la fonction de Nom, Titre, etc. Tenir compte de la note au niveau de la classe (Class:OrganisationalUnit) concernant l'association d'un identifiant en supplément d'un nom à l'entité organisationnelle.",,,,,,,,,,,,,,,,,
organisationalUnitType,Organisational Unit Type,Typ organizační jednotky,,,Type d'Entité Organisationnelle,,,,,,,The type or level of organisational unit within a hierarchy responsible for the management of the collection being described.,Typ nebo úroveň organizační jednotky v rámci hierarchie odpovědné za správu popisované sbírky.,,,Le type ou le niveau d'entité organisationnelle au sein d'une hiérarchie responsable de la gestion de la collection décrite.,,,,,,,,,,,,,,,,,,Example vocabulary list: https://vocab.org/aiiso/ . This property is likely related to the W3C class org:Role (https://www.w3.org/TR/2014/REC-vocab-org-20140116/#class-role).,Příklad seznamu slovní zásoby: https://vocab.org/aiiso/ . Tato vlastnost pravděpodobně souvisí s třídou W3C org:Role (https://www.w3.org/TR/2014/REC-vocab-org-20140116/#class-role).,,,Exemple de vocabulaire : https://vocab.org/aiiso/ . Cette propriété est probablement liée à la classe W3C org:Role (https://www.w3.org/TR/2014/REC-vocab-org-20140116/#class-role).,,,,,,,"`Department` (A group of people recognised by an organization as forming a cohesive group referred to by the organization as a department), `Division` (A group of people recognised by an organization as forming a cohesive group referred to by the organization as a division)","`Oddělení` (skupina osob, kterou organizace uznává jako ucelenou skupinu, kterou organizace označuje jako oddělení), `Divize` (skupina osob, kterou organizace uznává jako ucelenou skupinu, kterou organizace označuje jako divizi)",,,"`Département` (groupe de personnes reconnu par une organisation comme formant un groupe cohérent, désigné par l'organisation comme un département), `Division` (groupe de personnes reconnu par une organisation comme formant un groupe cohérent, désigné par l'organisation comme une division)",,,,,,
period,Period,Období,,,Période,,,,,,,Used to describe prehistoric or historic periods.,Používá se k popisu prehistorických nebo historických období.,,,Utilisé pour décrire les périodes préhistoriques ou historiques.,,,,,,,Used to describe the prehistoric or historic period from which objects in the collection originated.,"Používá se k popisu prehistorického nebo historického období, z něhož předměty ve sbírce pocházejí.",,,Utilisé pour décrire la période préhistorique ou historique d'où sont issus les objets de la collection.,,,,,,,"Often used to describe prehistoric or historic periods, but also geopolitical units and activities of settlements are regarded as special cases of Period. However, there are no assumptions about the scale of the associated phenomena. In particular all events are seen as synthetic processes consisting of coherent phenomena. This property maps to the Period class of the CIDOC-CRM conceptual reference model (http://www.cidoc-crm.org/Entity/e4-period/version-7.1.1).","Často se používá k popisu prehistorických nebo historických období, ale za zvláštní případy období se považují také geopolitické jednotky a činnosti osad. Neexistují však žádné předpoklady o rozsahu souvisejících jevů. Zejména se na všechny události pohlíží jako na syntetické procesy sestávající ze souvislých jevů. Tato vlastnost odpovídá třídě Period konceptuálního referenčního modelu CIDOC-CRM (http://www.cidoc-crm.org/Entity/e4-period/version-7.1.1).",,,"Souvent utilisée pour décrire des périodes préhistoriques ou historiques. Elle décrit aussi des unités géopolitiques et des activités de peuplement humains qui sont considérées comme des cas particuliers de Period. Cependant, il n'y a pas d'hypothèses sur l'échelle des phénomènes associés. En particulier, tous les événements sont considérés comme des processus synthétiques constitués de phénomènes cohérents. Cette propriété correspond à la classe Period du modèle conceptuel de référence CIDOC-CRM (http://www.cidoc-crm.org/Entity/e4-period/version-7.1.1).",,,,,,,,,,,,,,,,,
preparationType,Preparation Type,Typ preparace,,,Type de Préparation,,,,,,,A term used to classify or describe an object that indicates the actions that have been taken upon it and/or the processes it has been put through to prepare it for scientific use or study.,"Termín používaný ke klasifikaci nebo popisu předmětu, který označuje činnosti, které byly na něm provedeny, a/nebo procesy, kterými prošel, aby byl připraven k vědeckému použití nebo studiu.",,,Un terme utilisé pour classer ou décrire un objet qui indique les actions qui ont été effectuées sur ce dernier et/ou les processus auxquels il a été soumis pour le préparer à une utilisation ou à une étude scientifique.,,,,,,,A more specific classification of items in the collection than described in objectType.,"Specifičtější klasifikace položek v kolekci, než je popsána v položce objectType.",,,Une classification plus spécifique des éléments de la collection que celle indiquée dans objectType.,,,,,,,"These attributes commonly identify the parts or states that are the outcome of the preparation process, which produced the curated object. This can be the same as PreservationMethod (e.g. Bone), but is not always. For cultural collections terms such as 'bowl', 'textile' are appropriate at this level. This should not be used for classifying objects by taxon. The best way to do that is to use the Taxon class (formal taxonomy and vernacular names) or ObjectClassification class (informal classification).","Tyto atributy běžně identifikují části nebo stavy, které jsou výsledkem procesu přípravy, při němž vznikl kurátorovaný objekt. Mohou být stejné jako PreservationMethod (např. Bone), ale není tomu tak vždy. Pro kulturní sbírky jsou na této úrovni vhodné termíny jako ""mísa"", ""textil"". Neměla by se používat pro klasifikaci předmětů podle taxonů. K tomu je nejlepší použít třídu Taxon (formální taxonomie a místní názvy) nebo třídu ObjectClassification (neformální klasifikace).",,,"Ces attributs identifient généralement les parties ou les états qui sont le résultat du processus de préparation qui a produit l'objet conservé. Il peut s'agir de la même chose que PreservationMethod (par exemple Os), mais ce n'est pas forcément le cas. Pour les collections culturelles, des termes tels que « bol », « textile » sont appropriés à ce niveau. Ce niveau ne doit pas être utilisé pour classer les objets par taxon. La meilleure façon de le faire est d'utiliser la classe Taxon (taxonomie scientifique et noms vernaculaires) ou la classe ObjectClassification (classification informelles).",,,,,,,"if objectType = `Specimen` or `Part of entity`: `Bones`, `Eggs`, `Pollen`, `Muscle`, `Leaf`, `Blood`, `Skins`, `Shells`, `Wood`, ... ; if typeOfObjectGroup = `human-made`: `Bowl`, `Textile`, ...; if typeOfObjectGroup = `digital`: `txt`, `jpg`, `mp4`, ...; etc","pokud je objectType = `Exemplář` nebo `Část entity`: `Kosti`, `Vejce`, `Pyl`, `Svaly`, `Listy`, `Krev`, `Kůže`, `Skořápky`, `Dřevo`, . ... ; pokud je typeOfObjectGroup = `human-made`: `Miska`, `Textil`, ...; pokud je typeOfObjectGroup = `digital`: `txt`, `jpg`, `mp4`, ...; atd",,,"si objectType = `Spécimen` ou `Partie d'entité` : `Ossature`, `Oeuf`, `Pollen`, `Muscle`, `Feuille`, `Sang`, `Peau`, `Coquille`, `Bois`, . ... ; si typeObjectGroup = `fabriqué par l'Homme` : `Bol`, `Tissu`, ... ; si typeObjectGroup = `numérique` : `txt`, `jpg`, `mp4`, ... ; etc",,,,,,
preservationMethod,Preservation Method,Metoda uchovávání,,,Méthode de Conservation,,,,,,,"A term used to classify or describe an object that indicates the primary or most recent action, measure or process that has been used in order to preserve the objects in the collection for long-term storage.","Termín používaný pro klasifikaci nebo popis předmětu, který označuje primární nebo nejnovější činnost, opatření nebo proces, který byl použit za účelem uchování předmětů ve sbírce pro dlouhodobé uložení.",,,"Un terme utilisé pour classer ou décrire un objet qui indique l'action, la mesure ou le processus principal ou le plus récent qui a été utilisé pour conserver les objets de la collection en vue d'un stockage à long terme.",,,,,,,For the purposes of a collection description preservationType should be used to describe the larger collection,Pro účely popisu sbírky by měl být použit typ uchováváníType pro popis větší sbírky,,,"Dans le cadre d'une description de collection, preservationType doit être utilisé pour décrire la collection dans son ensemble",,,,,,,Preservation method generally describes the final storage state. Not intended to be used as the fossilization method. Use preservationMode for that. This field is intended to be use where a collection has a single or prominent preservationMethod. We recommend the Arctos PART_PRESERVATION vocabulary (https://arctos.database.museum/info/ctDocumentation.cfm?table=CTPART_PRESERVATION). For herbarium sheets use 'dried_pressed'. If an alcohol collection uses mixed percentages use 'alcohol'.,"Způsob uchování obecně popisuje konečný stav uložení. Není určena k použití jako metoda fosilizace. K tomu slouží metoda preservationMode. Toto pole je určeno k použití v případě, že sbírka má jedinou nebo výraznou metodu uchováníMetoda. Doporučujeme slovník Arctos PART_PRESERVATION (https://arctos.database.museum/info/ctDocumentation.cfm?table=CTPART_PRESERVATION). Pro herbářové listy použijte ""dried_pressed"". Pokud sbírka využívá smíšené procento alkoholu, použijte ""alcohol"".",,,"La méthode de conservation décrit généralement l'état final de stockage. Elle n'est pas destinée à être utilisée pour le procédé de fossilisation. Utiliser preservationMode pour cela. Ce champ est destiné à être utilisé lorsqu'une collection a une méthode de préservation unique ou prédominante. Le vocabulaire Arctos PART_PRESERVATION (https://arctos.database.museum/info/ctDocumentation.cfm?table=CTPART_PRESERVATION) est recommandé. Pour les feuilles d'herbier, utilisez « dried_pressed ». Si une collection d'alcool utilise des pourcentages variables, utilisez « alcohol ».",,,,,,,"`dried`, `dried_pressed`, `dried_pinned`, `Dried assemblage`, `Dried - not assembled`, `Dry preserved`, `papered/packaged`, `slide box`, `Skeletonized`, `Tanned`, `mounted`, `Slide mount`, `Embedded`, `gum_arabic`, `Blood sampling cards (biomedical)`, `Fluid preserved`, `Alcohol, formaledhyde`, `glycerin`, `EDTA`, `frozen / cryopreserved`, `Cryopreserved / frozen - 80C`, `refrigerated`, `freeze_dried`, `Surface coating`, `SEM stub`, `Stasis`, `cell culture`, `axenic culture`, `viable cells`, `Controlled atmosphere`, `Climate controlled conditions`, `Non climate controlled conditions`, `no_treatment`, etc.","`sušené`, `sušené_lisované`, `sušené_přišpendlené`, `sušené sestavené`, `sušené - nesestavené`, `suché konzervované`, `papírované/balené`, `slide box`, `skeletizované`, `vyčiněný`, `montovaný`, `skluzná montáž`, `vložený`, `gumový_arabský`, `karty pro odběr krve (biomedicínské)`, `konzervační tekutina`, `alkohol, formaledhyd`, `glycerin`, `EDTA`, `zmrazené / kryokonzervované`, `kryokonzervované / zmrazené - 80C`, `chlazené`, `zmrazené_sušené`, `povrchový nátěr`, `zbytek SEM`, `stáza`, `buněčná kultura`, `axenická kultura`, `životaschopné buňky`, `kontrolovaná atmosféra`, `kontrolované klimatické podmínky`, `neklimatické podmínky`, `bez ošetření`, atd.",,,"`séché`, `séché_pressé`, `séché_épinglé`, `assemblage séché`, `séché - non assemblé`, `séché conservé`, `emballé`, `boîte à glissière`, `squelettisé`, `Tanné`, `Monté`, `Montage de diapositives`, `Encastré`, `Gomme_arabique`, `Cartes de prélèvement sanguin (biomédical)`, `Conservé en fluide`, `Alcool, formaldéhyde`, `Glycérine`, `EDTA`, `Congelé / cryoconservé`, `Cryopréservé / congelé - 80C`, `réfrigéré`, `séché par congélation`, `Enrobage de surface`, `Bouton SEM`, `Stase`, `Culture cellulaire`, `Culture axénique`, `Cellules viables`, `Atmosphère contrôlée`, `Conditions climatiques contrôlées`, `Conditions non climatiques contrôlées`, `Non-traitement`, etc.",,,,,,
preservationMode,Preservation Mode,Režim uchovávání,,,Mode de Conservation,,,,,,,"The means by which a palaeontological specimen was preserved or created e.g. body, cast, mold, trace fossil, soft parts mineralised etc.","Způsob, jakým byl paleontologický exemplář zachován nebo vytvořen, např. tělo, odlitek, forma, stopová fosilie, mineralizované měkké části atd.",,,"Le moyen par lequel un spécimen paléontologique a été préservé ou créé, par exemple un corps, un moulage, un moule, une trace fossile, des parties molles minéralisées, etc.",,,,,,,Use to describe the preservation mode of a collection as a whole (e.g. Amber collection).,Používá se k popisu způsobu uchování sbírky jako celku (např. sbírka jantaru).,,,"Sert à décrire le mode de préservation d'une collection dans son ensemble (par exemple, une collection d'ambre).",,,,,,,This property should be only used in association with ObjectGroups that contain paleontological material. It is aligned with the concept of preservationMode in ABCD(EFG) (https://efg.geocase.eu/documentation/html/efg.html#element_PreservationMode_Link03032878).,"Tato vlastnost by se měla používat pouze ve spojení se skupinami objektů, které obsahují paleontologický materiál. Je sladěna s pojmem preservationMode v ABCD(EFG) (https://efg.geocase.eu/documentation/html/efg.html#element_PreservationMode_Link03032878).",,,Cette propriété ne doit être utilisée qu'en association avec des ObjectGroups contenant du matériel paléontologique. Elle est alignée sur le concept de preservationMode dans ABCD(EFG) (https://efg.geocase.eu/documentation/html/efg.html#element_PreservationMode_Link03032878).,,,,,,,,,,,,,,,,,
referenceDetails,Reference Details,Podrobnosti o odkazu,,,Détails sur la Référence,,,,,,,Detailed information about the resource being referenced.,Podrobné informace o odkazovaném zdroji.,,,Informations détaillées sur la ressource référencée.,,,,,,,,,,,,,,,,,,,,,,,,,,,,,,,,,,,,,,,
referenceName,Reference Name,Název odkazu,,,Nom de la Référence,,,,,,,A name given to a reference.,Název pro odkaz.,,,Un nom donné à une référence.,,,,,,,,,,,,,,,,,,"If the reference is to a publication, this field should hold the publication title; otherwise any appropriate, short, text label relevant to the resource being referenced may be used.","Pokud se jedná o odkaz na publikaci, měl by být v tomto poli uveden název publikace; jinak lze použít jakékoli vhodné krátké textové označení odpovídající odkazovanému zdroji.",,,"Si la référence est une publication, ce champ doit contenir le titre de la publication ; sinon, toute désignation textuelle brève et pertinente pour la ressource référencée peut être utilisée.",,,,,,,,,,,,,,,,,
referenceType,Reference Type,Typ odkazu,,,Type de Référence,,,,,,,The type of resource being referenced.,"Typ prostředku, na který je odkazováno.",,,Le type de ressource référencée.,,,,,,,,,,,,,,,,,,This property is intended to be used for a high level categorisation of resource types.,Tato vlastnost je určena pro kategorizaci typů zdrojů na vysoké úrovni.,,,Cette propriété est destinée à être utilisée pour une catégorisation de haut niveau des types de ressources.,,,,,,,,,,,,,,,,,
region,Region,Region,,,Région,,,,,,,The name of a spatial region or named place of any size within an individual or multiple administrative areas.,Název prostorového regionu nebo pojmenovaného místa libovolné velikosti v rámci jedné nebo více správních oblastí.,,,Le nom d'une aire spatiale ou d'un lieu nommé de n'importe quelles dimensions à l'intérieur d'une ou de plusieurs zones administratives.,,,,,,,,,,,,,,,,,,"Recommended best practice is to use this field in situations where the administrative location fields (country, stateProvince, county, etc.) provide insufficient description. For geological collections examples include basins, provinces, and fossil deposits.","Doporučeným postupem je použít toto pole v situacích, kdy pole pro administrativní umístění (země, stát, provincie, kraj atd.) neposkytují dostatečný popis. U geologických sbírek jsou příkladem pánve, provincie a naleziště zkamenělin.",,,"La pratique optimale recommandée est d'utiliser ce champ dans les situations où les champs de localisation administrative (country, stateProvince, county, etc.) fournissent une description insuffisante. Pour les collections géologiques, on peut citer les bassins, les provinces et les gisements de fossiles.",,,,,,,"Multi-country: `North European Plain`, Multi-state/Province: `Pacific Northwest`, Waterbody: `Southern`, Geological basins and provinces: `Michigan Basin`, `Mazon Creek`, `Bundenbach`","Více zemí: Severoevropská nížina"", Více států/provincie: ""Tichomořský severozápad"", Vodní útvar: ""Jižní"", Geologické pánve a provincie: `Michigan Basin`, `Mazon Creek`, `Bundenbach`",,,"Multi-pays : `Plaine d'Europe du Nord`, Multi-états/Province : `Pacific Northwest`, Étendue d'eau : `Southern`, Bassins et provinces géologiques : `Michigan Basin`, `Mazon Creek`, `Bundenbach`",,,,,,
relatedResourceName,Related Resource Name,Název souvisejícího zdroje,,,Nom de la Ressource Associée,,,,,,,A short textual name for the related resource.,Krátký textový název souvisejícího zdroje.,,,Un nom bref pour la ressource associée.,,,,,,,,,,,,,,,,,,"This property can be used to list resources related to the source entity which lack an identifier, for example if a separate record for that resource doesn't yet exist. In the Collection Description standard, a use of this is to list named subcollections of a larger collections at a time when the resources might not be available to create a full Collection Description for each of them. If at a later point a Collection Description record is created for the subcollection, an identifier can be added to the relatedResourceID property to maintain the same relationship.","Tuto vlastnost lze použít k zobrazení zdrojů souvisejících se zdrojovou entitou, které nemají identifikátor, například pokud pro daný zdroj ještě neexistuje samostatný záznam. Ve standardu Popis sbírky se tato vlastnost používá k výpisu pojmenovaných podsbírek větších sbírek v době, kdy zdroje nemusí být k dispozici, aby bylo možné pro každou z nich vytvořit úplný Popis sbírky. Pokud je později pro dílčí sbírku vytvořen záznam Popisu sbírky, lze do vlastnosti relatedResourceID přidat identifikátor, aby byl zachován stejný vztah.",,,"Cette propriété peut être utilisée pour dresser la liste des ressources liées à l'entité source qui n'ont pas d'identifiant, par exemple s'il n'existe pas encore d'enregistrement distinct pour cette ressource. Dans le standard sur la description des collections, cette propriété permet de lister des sous-collections nommées d'une collection plus importante à un moment où les ressources nécessaires à la création d'une description complète de la collection pour chacune d'entre elles ne sont pas encore disponibles. Si, par la suite, un enregistrement de description de collection est créé pour la sous-collection, un identifiant peut être ajouté à la propriété relatedResourceID afin de maintenir la même relation.",,,,,,,,,,,,,,,,,
relatedResourceType,Related Resource Type,Související typ zdroje,,,Type de la Ressource Associée,,,,,,,"The class or property within Latimer Core, or class, property or less formal concept outside of the Latimer Core standard, that is represented by the related resource.","Třída nebo vlastnost v rámci standardu Latimer Core nebo třída, vlastnost či méně formální koncept mimo standard Latimer Core, který je reprezentován souvisejícím zdrojem.",,,"La classe ou la propriété au sein du Latimer Core, ou la classe, la propriété ou le concept moins formel en dehors du standard Latimer Core, qui est représenté par la ressource correspondante.",,,,,,,,,,,,,,,,,,"This property can be used to explicitly define the type of resource that the ID stored in the relatedResourceID property references, either to support IDs that don’t fully resolve and provide contextual metadata, or just for information purposes. It can also provide context for use cases where the relatedResourceName is used rather than the relatedResourceID to define the target, for example to attach a simple list of the names of related collections to an ObjectGroup.","Tuto vlastnost lze použít k explicitnímu definování typu zdroje, na který odkazuje ID uložené ve vlastnosti relatedResourceID, a to buď k podpoře ID, která nejsou plně rozlišitelná, a k poskytnutí kontextových metadat, nebo pouze pro informační účely. Může také poskytnout kontext pro případy použití, kdy se k definici cíle používá spíše relatedResourceName než relatedResourceID, například k připojení jednoduchého seznamu názvů souvisejících sbírek k ObjectGroup.",,,"Cette propriété peut être utilisée pour définir explicitement le type de ressource que l'identifiant stocké dans la propriété relatedResourceID référence, soit pour prendre en charge les identifiants qui ne sont pas entièrement résolus et fournir des métadonnées contextuelles, soit simplement à titre d'information. Elle peut également fournir un contexte pour les cas de figure où le relatedResourceName est utilisé plutôt que le relatedResourceID pour définir la cible, par exemple pour attacher une simple liste de noms de collections associées à un ObjectGroup.",,,,,,,,,,,,,,,,,
relationshipOfResource,Relationship Of Resource,Vztah ke zdroji,,,Relation entre les ressources,,,,Связь между ресурсами,,關係描述,The relationship of the resource identified by relatedResourceID to the subject (optionally identified by the resourceID).,Vztah zdroje identifikovaného pomocí relatedResourceID k subjektu (volitelně identifikovanému pomocí resourceID).,,,La relation entre la ressource identifiée par relatedResourceID et le sujet (potentiellement identifié par resourceID).,,,,,,,,,,,,,,,,,,Recommended best practice is to use a controlled vocabulary. https://schema.org/Property,Doporučeným osvědčeným postupem je používat řízený slovník. https://schema.org/Property,,,La pratique optimale recommandée est d'utiliser un vocabulaire contrôlé. Voir https://schema.org/Property,,,,,,,,,,,,,,,,,
resourceIRI,Resource IRI,IRI zdroje,,,IRI de la Ressource,,,,,,,A preferably resolvable IRI providing access to the resource defined in the reference.,Přednostně rozlišitelný IRI poskytující přístup k prostředku definovanému v referenci.,,,"Un IRI, de préférence résoluble, permettant d'accéder à la ressource définie dans la référence.",,,,,,,,,,,,,,,,,,,,,,,,,,,,,,,,,,,,,,,
roleName,Role Name,Název role,,,Intitulé du Rôle,,,,,,,A short descriptive name for the role.,Krátký popisný název role.,,,Un titre descriptif et bref pour le rôle.,,,,,,,,,,,,,,,,,,,,,,,,,,,,,,,,,,,,,,,
schemeMeasurementType,Scheme Measurement Type,Typ schématu měření,,,Type de Mesure du Modèle,,,,,,,A category of quantitative metric or qualitative fact that can be included in the LatimerCoreScheme.,"Kategorie kvantitativní metriky nebo kvalitativní skutečnosti, kterou lze zahrnout do LatimerCoreScheme.",,,Une catégorie de mesures quantitatives ou de faits qualitatifs qui peuvent être inclus dans le LatimerCoreScheme.,,,,,,,,,,,,,,,,,,"The schemeMeasurementType should correspond to, and be used to catalogue and/or constrain, the values that can be used in the measurementType property of the MeasurementOrFact class.","SchemeMeasurementType by měl odpovídat hodnotám, které lze použít ve vlastnosti measurementType třídy MeasurementOrFact, a měl by být použit k jejich katalogizaci a/nebo omezení.",,,Le schemeMeasurementType doit correspondre aux valeurs susceptibles d'être utilisées dans la propriété measurementType de la classe MeasurementOrFact et être utilisé pour cataloguer et/ou restreindre ces valeurs.,,,,,,,,,,,,,,,,,
schemeName,Scheme Name,Název schematu,,,A pour Nom du Modèle,,,,,,,A short descriptive name given to the LatimerCoreScheme.,Krátký popisný název pro LatimerCoreScheme.,,,Un nom descriptif et bref donné au LatimerCoreScheme.,,,,,,,,,,,,,,,,,,,,,,,,,,,,,,,,,,,,,,,
status,Status,Stav,,,Statut,,,,,,,The development status of the collection during a specified period.,Vývojový stav sbírky v určitém období.,,,Le statut de développement de la collection au cours d'une période donnée.,,,,,,,,,,,,,,,,,,The values/vocabularies for a status are predicated by the statusType. The in the examples mentioned terms are a cumulative list of terms associated with several different statusTypes.,Hodnoty/slovníky pro stav jsou předurčeny statusType. V příkladech uvedené termíny jsou kumulativním seznamem termínů spojených s několika různými statusTypes.,,,"Les valeurs/vocabulaires d'un statut sont déterminées par le statusType. Dans les exemples, les termes mentionnés sont une liste cumulative de termes associés à plusieurs statusTypes différents.",,,,,,,,,,,,,,,,,
statusChangeReason,Status Change Reason,Důvod změny stavu,,,Raison de Modification du Statut,,,,,,,An explanation of why the collection transitioned to the value set in the status property.,"Vysvětlení, proč sbírka přešla na hodnotu nastavenou ve vlastnosti stav.",,,Une explication de la raison pour laquelle la collection est passée à la valeur indiquée dans la propriété Status.,,,,,,,,,,,,,,,,,,statusChangeReason should be aligned with the value of statusType.,statusChangeReason by měl být sladěn s hodnotou statusType.,,,statusChangeReason doit être alignée sur la valeur de statusType.,,,,,,,,,,,,,,,,,
statusType,Status Type,Typ stavu,,,Type de Statut,,,,,,,A top-level classification of the different categories of status that can be applied to the collection.,"Klasifikace na nejvyšší úrovni různých kategorií stavu, které lze na sbírku použít.",,,Une classification de haut niveau des différentes catégories de statuts qui peuvent être appliquées à la collection.,,,,,,,,,,,,,,,,,,statusType forms the top level of a two-level hierarchy with the status property. Recommended best practice is to use a controlled vocabulary.,statusType tvoří nejvyšší úroveň dvouúrovňové hierarchie s vlastností status. Doporučeným osvědčeným postupem je použití řízeného slovníku.,,,statusType forme le niveau supérieur d'une hiérarchie à deux niveaux avec la propriété status. La pratique optimale recommandée est d'utiliser un vocabulaire contrôlé.,,,,,,,,,,,,,,,,,
supergroup,Supergroup,Nadskupina,,,Supergroupe,,,,,,,The full name of the lithostratigraphic supergroup from which the cataloged item was collected.,"Úplný název litostratigrafické nadskupiny, ze které byla katalogizovaná položka odebrána.",,,Nom complet du supergroupe lithostratigraphique dans lequel la ressource cataloguée a été prélevée.,,,,,,,A supergroup is a formal assemblage of related or superposed groups or of groups and formations. Such units have proved useful in regional and provincial syntheses. Supergroups should be named only where their recognition serves a clear purpose.,"Nadskupina je formální seskupení příbuzných nebo nadřazených skupin nebo skupin a útvarů. Tyto jednotky se ukázaly jako užitečné při regionálních a provinčních syntézách. Nadskupiny by měly být pojmenovány pouze v případech, kdy jejich rozpoznání slouží jasnému účelu.",,,"Un supergroupe est un assemblage formalisé de groupes liés ou superposés, ou de groupes et de formations. Ces unités se sont révélées utiles dans les synthèses régionales et provinciales. Les supergroupes ne doivent être nommés que lorsque leur définition répond à un objectif concret.",,,,,,,Recommended vocabulary. At time of inclusion this term is in progress of being included as part of dwc tdwg/dwc#234,Doporučený slovník. V době zařazení se tento termín připravuje k zařazení jako součást dwc tdwg/dwc#234,,,"Vocabulaire recommandé. Au moment de la rédaction, ce terme est en cours d'inclusion dans le dwc tdwg/dwc#234",,,,,,,,,,,,,,,,,
temporalCoverageEndDateTime,Temporal Coverage End Date,Datum ukončení časového rozsahu,,,Date de Fin de la Couverture Temporelle,,,,,,,Datetime at which the TemporalCoverage finished.,"Datum, ke kterému byla funkce TemporalCoverage ukončena.",,,Datetime à laquelle la couverture temporelle a fini.,,,,,,,"If temporalCoverageEndDateTime is populated, temporalCoverageType is strongly recommended.","Pokud je vyplněna položka temporalCoverageEndDateTime, doporučuje se vyplnit položku temporalCoverageType.",,,"Si le champ temporalCoverageEndDateTime est renseigné, le champ temporalCoverageType est également préconisé.",,,,,,,,,,,,,,,,,,,,,,,,,,,,
temporalCoverageStartDateTime,Temporal Coverage Start Date,Datum zahájení časového rozsahu,,Fecha de inicio de la Cobertura Temporal,Date de Début de la Couverture Temporelle,,,,,,,Datetime at which the TemporalCoverage began.,"Datum, ke kterému byla funkce TemporalCoverage zahájena.",,Fecha y hora en el que el TemporalCoverage inició.,Datetime à laquelle la couverture temporelle a débuté.,,,,,,,"If temporalCoverageStartDateTime is populated, temporalCoverageType is recommended.","Pokud je vyplněna položka temporalCoverageStartDateTime, doporučuje se vyplnit položku temporalCoverageType.",,"Si temporalCoverageStartDateTime se rellena, temporalCoverageType es recomendado.","Si le champ temporalCoverageStartDateTime est renseigné, le champ temporalCoverageType est également préconisé.",,,,,,,,,,,,,,,,,,,,,,,,,,,,
temporalCoverageType,Temporal Coverage Type,Typ časového rozsahu,,Tipo de Cobertura Temporal,Type de Couverture Temporelle,,,,,,,The type or context of the described TemporalCoverage.,Typ nebo kontext popisovaného TemporalCoverage.,,El tipo o contexto del TemporalCoverage descrito.,Le type ou le contexte de la couverture temporelle décrite.,,,,,,,"If temporalCoverageStartDateTime is populated, temporalCoverageType is recommended.","Pokud je vyplněna položka temporalCoverageStartDateTime, doporučuje se vyplnit položku temporalCoverageType.",,"Si temporalCoverageStartDateTime se rellena, temporalCoverageType es recomendado.","Si le champ temporalCoverageStartDateTime est renseigné, le champ temporalCoverageType est également préconisé.",,,,,,,Recommendation is to use a controlled vocabulary.,Doporučené je používat řízený slovník.,,Se recomienda usar un vocabulario controlado.,Il est recommandé d'utiliser un vocabulaire contrôlé.,,,,,,,,,,,,,,,,,
termName,Term Name,Název termínu,,,Nom du Terme,,,,,,,The name of a class or property within the Latimer Core standard that is included in the LatimerCoreScheme.,"Název třídy nebo vlastnosti v rámci standardu Latimer Core, která je obsažena v LatimerCoreScheme.",,,Le nom d'une classe ou d'une propriété du standard Latimer Core qui est incluse dans le LatimerCoreScheme.,,,,,,,,,,,,,,,,,,The values of this property are constrained to the names of terms (classes or properties) within the Latimer Core standard.,Hodnoty této vlastnosti jsou omezeny na názvy termínů (tříd nebo vlastností) v rámci standardu Latimer Core.,,,Les valeurs de cette propriété sont limitées aux noms des termes (classes ou propriétés) du standard Latimer Core.,,,,,,,,,,,,,,,,,
typeOfObjectGroup,Type Of Object Group,Typ skupiny objektů,,,Type de Groupe d'Objets,,,,,,,Additional information that describes the object(s) in the collection.,"Další informace, které popisují objekt(y) ve sbírce.",,,Informations supplémentaires décrivant le(s) objet(s) de la collection.,,,,,,,,,,,,,,,,,,"High-level information that enables the finding of the group and/or its object(s) in searches by users on the web using attributes commonly of interest. Recommended best practice is to use a controlled vocabulary. Terms such as soil, pollen, faeces, muscle, genomic DNA are currently put in preparationType.","Informace na vysoké úrovni, které umožňují najít skupinu a/nebo její objekt(y) při vyhledávání uživatelů na webu pomocí atributů, které je běžně zajímají. Doporučeným osvědčeným postupem je použití řízeného slovníku. Termíny jako půda, pyl, výkaly, svalovina, genomová DNA jsou v současné době zařazeny do přípravkuType.",,,"Informations de haut niveau qui permettent aux utilisateurs de trouver le groupe et/ou son (ses) objet(s) lorsqu'ils effectuent des recherches sur le web à l'aide d'attributs fréquemment utilisés. La pratique optimale recommandée est d'utiliser un vocabulaire contrôlé. Des termes tels que sol, pollen, fèces, muscle ou ADN génomique, sont actuellement placés dans preparationType.",,,,,,,"if baseTypeOfObjectGroup = `MaterialEntity`: `Living`, `Preserved`, `Fossilized`, `Non-biological`, `Human-made`; if baseTypeOfObjectGroup = `InformationArtefact`: `Digital`, `Physical`","pokud je baseTypeOfObjectGroup = `MaterialEntity`: `Živý`, `Zachovalý`, `Zkamenělý`, `Nebiologický`, `Vytvořený člověkem`; pokud je baseTypeOfObjectGroup = `InformationArtefact`: `Digitální`, `Fyzický`",,,"si baseTypeOfObjectGroup = `MaterialEntity` : `Vivant`, `Préservé`, `Fossilisé`, `Non-biologique`, `Fabriqué par l'Homme` ; si baseTypeOfObjectGroup = `InformationArtefact` : `Numérique`, `Physique`",,,,,,
waterBodyType,Waterbody Type,Typ vodní plochy,,,Type d'Étendue d'Eau,,,,,,,A term that indicates the aquatic order of a waterbody.,"Termín, který označuje vodní řád vodního útvaru.",,,Un terme qui indique le type d'une masse d'eau.,,,,,,,,,,,,,,,,,,"Recommendation is to use a controlled vocabulary, such as those fuind at https://www.usgs.gov/mission-areas/water-resources/science/types-water and https://sciencetrends.com/types-bodies-water-complete-list/.","Doporučujeme používat řízený slovník, například na stránkách https://www.usgs.gov/mission-areas/water-resources/science/types-water a https://sciencetrends.com/types-bodies-water-complete-list/.",,,"Il est recommandé d'utiliser un vocabulaire contrôlé, tel que ceux trouvés sur https://www.usgs.gov/mission-areas/water-resources/science/types-water et https://sciencetrends.com/types-bodies-water-complete-list/.",,,,,,,,,,,,,,,,,
