namespace,term_local_name,label,definition,usage,notes,examples,rdf_type,class_uri,is_required,is_repeatable,term_created,term_modified,class_name,namespace_iri,term_iri,term_ns_name,term_version_iri,datatype,label_fr,definition_fr,usage_fr,notes_fr
ltc:,Address,Address,A physical address for an organisational unit or person.,,,,http://www.w3.org/2000/01/rdf-schema#Class,http://rs.tdwg.org/dwc/terms/attributes/Address,False,True,2024-02-28,2024-02-28,Address,http://rs.tdwg.org/ltc/terms/,http://rs.tdwg.org/ltc/terms/Address,ltc:Address,http://rs.tdwg.org/ltc/terms/Address-2024-02-28,,Adresse,Adresse physique d'une entité organisationnelle ou d'une personne.,,
ltc:,ChronometricAge,Chronometric Age,The age of a specimen or related materials that is generated from a dating assay.,,"To represent a single age, enter the same value in both earliestChronometricAge and latestChronometricAge. Leaving one or both of these fields blank indicates that the value is unknown, has yet to be recorded or is not applicable to the material being described. We recommend that you do not use this class to indicate chronostratigraphy: it is intended to be used to reflect a chronometric age or range of ages determined via one or more named analytical protocols, methods or techniques.",,http://www.w3.org/2000/01/rdf-schema#Class,http://rs.tdwg.org/dwc/terms/attributes/ChronometricAge,False,True,2024-02-28,2024-02-28,ChronometricAge,http://rs.tdwg.org/ltc/terms/,http://rs.tdwg.org/ltc/terms/ChronometricAge,ltc:ChronometricAge,http://rs.tdwg.org/ltc/terms/ChronometricAge-2024-02-28,,Âge Chronométrique,L'âge d'un spécimen ou d'un matériel associé généré à partir d'un test de datation.,,"Pour indiquer un âge unique, saisir la même valeur dans les champs earliestChronometricAge et latestChronometricAge. Le fait de laisser un ou deux de ces champs vides indique que la valeur est inconnue, qu'elle n'a pas encore été enregistrée ou qu'elle ne s'applique pas au matériel décrit. Nous vous recommandons de ne pas utiliser cette classe pour indiquer la chronostratigraphie : elle est destinée à refléter un âge chronométrique ou une fourchette d'âges déterminés au moyen d'un ou de plusieurs protocoles, méthodes ou techniques analytiques spécifiés."
ltc:,CollectionStatusHistory,Collection Status History,A record of current and past statuses of the object group and the reason for status changes.,,"Use this class to record the history of and reason for changes in the status of the described collection. Types of status described by this class may, for example, include ownership, management, accessibility or accrual policy over time. Dates reflecting the start and end of the status described by this class should be recorded using an instance of TemporalCoverage. If temporalCoverageEndDateTime is empty, the status should be inferred to be the current status of the collection.",,http://www.w3.org/2000/01/rdf-schema#Class,http://rs.tdwg.org/dwc/terms/attributes/CollectionStatusHistory,False,True,2024-02-28,2024-02-28,CollectionStatusHistory,http://rs.tdwg.org/ltc/terms/,http://rs.tdwg.org/ltc/terms/CollectionStatusHistory,ltc:CollectionStatusHistory,http://rs.tdwg.org/ltc/terms/CollectionStatusHistory-2024-02-28,,Historique des statuts d'une collection,Un historique des statuts actuels et passés du groupe d'objets et la raison des modifications de statut.,,"Utiliser cette classe pour documenter l'historique et les raisons des changements de statut de la collection décrite. Les types de statut décrits par cette classe peuvent, par exemple, inclure la propriété, la gestion, l'accessibilité ou la politique d'accumulation au fil du temps. Les dates reflétant le début et la fin de l'état décrit par cette classe doivent être enregistrées à l'aide d'une instance de TemporalCoverage. Si temporalCoverageEndDateTime est vide, le statut doit être considéré comme actuel pour la collection."
ltc:,ContactDetail,Contact Detail,Details of a method by which an entity such as a Person or OrganisationalUnit may be contacted.,,"The Address class should be used to store physical or postal addresses. For all other types of contact details, this class should be used.",,http://www.w3.org/2000/01/rdf-schema#Class,http://rs.tdwg.org/dwc/terms/attributes/ContactDetail,False,True,2024-02-28,2024-02-28,ContactDetail,http://rs.tdwg.org/ltc/terms/,http://rs.tdwg.org/ltc/terms/ContactDetail,ltc:ContactDetail,http://rs.tdwg.org/ltc/terms/ContactDetail-2024-02-28,,Coordonnées,Détails d'une méthode par laquelle une entité telle qu'une Personne ou une Entité Organisationnelle peut être contactée.,,"La classe Adresse doit être utilisée pour stocker les adresses physiques ou postales. Pour tous les autres types de coordonnées, il convient d'utiliser cette classe."
ltc:,EcologicalContext,Ecological Context,"The ecological and/or biogeographic classification of the region from which objects associated with the ObjectGroup were collected, or where an Event took place.",,"There is some conceptual overlap with the GeographicContext class with respect to geographic locations. This class should be used for biogeographic and ecological concepts, whereas for physical, political and administrative geographic locations, the GeographicContext class is more appropriate. Specific information about the habitat and ecological conditions that applied at the time that an event took place should be recorded in the `habitat` property of the Event class.",,http://www.w3.org/2000/01/rdf-schema#Class,http://rs.tdwg.org/dwc/terms/attributes/EcologicalContext,False,True,2024-02-28,2024-02-28,EcologicalContext,http://rs.tdwg.org/ltc/terms/,http://rs.tdwg.org/ltc/terms/EcologicalContext,ltc:EcologicalContext,http://rs.tdwg.org/ltc/terms/EcologicalContext-2024-02-28,,Contexte Écologique,Classification écologique et/ou biogéographique de la région dans laquelle les objets associés à l'ObjectGroup ont été collectés ou dans laquelle un Événement a eu lieu.,,"Il existe un certain chevauchement conceptuel avec la classe GeographicContext en ce qui concerne les lieux géographiques. Cette classe doit être utilisée pour les concepts biogéographiques et écologiques, tandis que pour les emplacements géographiques physiques, politiques et administratifs, la classe GeographicContext est plus appropriée. Les informations spécifiques sur l'habitat et les conditions écologiques qui prévalaient au moment où un événement a eu lieu doivent être enregistrées dans la propriété `habitat` de la classe Event."
ltc:,Event,Event,An action that occurs at some location during some time.,,Derived from dwc Class event (http://rs.tdwg.org/dwc/terms/version/Event-2018-09-06). This class has been defined under the ltc namespace because it only has a subset of the properties of DwC:Event. All ltc:Event properties are borrowed from and reference the dwc namespace. Examples of an Event include: A specimen collection process. A camera trap image capture. A marine trawl.,,http://www.w3.org/2000/01/rdf-schema#Class,http://rs.tdwg.org/dwc/terms/attributes/Event,False,True,2024-02-28,2024-02-28,Event,http://rs.tdwg.org/ltc/terms/,http://rs.tdwg.org/ltc/terms/Event,ltc:Event,http://rs.tdwg.org/ltc/terms/Event-2024-02-28,,Événement,Une action qui se produit à un endroit donné pendant un temps donné.,,Dérivée de la classe DwC:Event (http://rs.tdwg.org/dwc/terms/version/Event-2018-09-06). Cette classe a été définie dans l'espace de noms ltc car elle ne possède qu'un sous-ensemble des propriétés de DwC:Event. Toutes les propriétés de ltc:Event sont empruntées à l'espace de noms dwc et y font référence. Voici quelques exemples d'événements : Un processus de collecte de spécimens. La capture d'une image par un piège photographique. Un chalut en mer.
ltc:,GeographicContext,Geographic Context,"The geographic location from which objects associated with the ObjectGroup were collected, or where an Event took place.",,,,http://www.w3.org/2000/01/rdf-schema#Class,http://rs.tdwg.org/dwc/terms/attributes/GeographicContext,False,True,2024-02-28,2024-02-28,GeographicContext,http://rs.tdwg.org/ltc/terms/,http://rs.tdwg.org/ltc/terms/GeographicContext,ltc:GeographicContext,http://rs.tdwg.org/ltc/terms/GeographicContext-2024-02-28,,Contexte Géographique,Lieu géographique où les objets associés à l'ObjectGroup ont été collectés ou où un Événement a eu lieu.,,
ltc:,GeologicalContext,Geological Context,"Geological information, such as stratigraphy, that qualifies a region or place.",,,,http://www.w3.org/2000/01/rdf-schema#Class,http://rs.tdwg.org/dwc/terms/attributes/GeologicalContext,False,True,2024-02-28,2024-02-28,GeologicalContext,http://rs.tdwg.org/ltc/terms/,http://rs.tdwg.org/ltc/terms/GeologicalContext,ltc:GeologicalContext,http://rs.tdwg.org/ltc/terms/GeologicalContext-2024-02-28,,Contexte Géologique,"Information géologique, telle que la stratigraphie, qui caractérise une région ou un lieu.",,
ltc:,Identifier,Identifier,"A numeric, textual value, or reference such as an IRI, that can be used to uniquely identify the object to which it is attached.",,"Use this class to document stable identifiers that describe the collections and associated entities being represented in the collection description. For example, person identifiers, taxon identifiers, institution identifiers, organisational unit identifiers, gazetteer identifiers. Identifiers represented by this class may be globally unique, or unique within a given context.",,http://www.w3.org/2000/01/rdf-schema#Class,http://rs.tdwg.org/dwc/terms/attributes/Identifier,False,True,2024-02-28,2024-02-28,Identifier,http://rs.tdwg.org/ltc/terms/,http://rs.tdwg.org/ltc/terms/Identifier,ltc:Identifier,http://rs.tdwg.org/ltc/terms/Identifier-2024-02-28,,Identifiant,"Une valeur numérique, textuelle ou une référence telle qu'une IRI, qui peut être utilisée pour identifier de manière univoque l'objet auquel elle est rattachée.",,"Utiliser cette classe pour documenter les identifiants stables qui décrivent les collections et les entités associées représentées dans la description de la collection. Par exemple, les identifiants de personnes, de taxons, d'institutions, d'entités organisationnelles ou d'index géographiques. Les identifiants représentés par cette classe peuvent être uniques au niveau global ou dans un contexte donné."
ltc:,LatimerCoreScheme,Latimer Core Scheme,"A grouping of multiple ObjectGroups for a particular use case, purpose or implementation.",,"Where the same objects within the same collection might be described by more than one ObjectGroup for different purposes (for examples, a 'Darwin Fossil Mammals' collection description might overlap with a 'Offsite Palaeontology' collection description), this class can be used to distinguish between them and avoid double-counting of metrics in queries against the data.",,http://www.w3.org/2000/01/rdf-schema#Class,http://rs.tdwg.org/dwc/terms/attributes/LatimerCoreScheme,True,True,2024-02-28,2024-02-28,LatimerCoreScheme,http://rs.tdwg.org/ltc/terms/,http://rs.tdwg.org/ltc/terms/LatimerCoreScheme,ltc:LatimerCoreScheme,http://rs.tdwg.org/ltc/terms/LatimerCoreScheme-2024-02-28,,Schéma Latimer Core,"Un regroupement de plusieurs ObjectGroups pour un cas pratique, un objectif ou une mise en œuvre spécifiques.",,"Lorsque les mêmes objets d'une même collection peuvent être décrits par plusieurs ObjectGroup à des fins différentes (par exemple, la description de la collection 'Darwin Fossil Mammals' qui peut recouper celle de la collection 'Offsite Palaeontology'), cette classe peut être utilisée pour les distinguer et éviter les doublons de mesures dans les requêtes sur les données."
ltc:,MeasurementOrFact,Measurement or Fact,"A measurement of or fact about a class within the standard, or a relationship between the ObjectGroup and an associated class.",,"This class can be used to apply measurements, facts or narratives to the ObjectGroup as a whole, or used to qualify the relationship between the ObjectGroup and an associated attribute. For example, an ObjectGroup may contain 100 objects, of which 40 are from Europe and 60 from Africa. In this example, one MeasurementOrFact (count of 100) would be attached to the ObjectGroup, and one to each of the two relationships between the ObjectGroup and GeographicContext (Europe: count of 40, Africa: count of 60).",,http://www.w3.org/2000/01/rdf-schema#Class,http://rs.tdwg.org/dwc/terms/attributes/MeasurementOrFact,False,True,2024-02-28,2024-02-28,MeasurementOrFact,http://rs.tdwg.org/ltc/terms/,http://rs.tdwg.org/ltc/terms/MeasurementOrFact,ltc:MeasurementOrFact,http://rs.tdwg.org/ltc/terms/MeasurementOrFact-2024-02-28,,Mesure ou Fait,"Une mesure ou un fait concernant une classe dans le standard, ou une relation entre le ObjectGroup et une classe associée.",,"Cette classe peut être utilisée pour appliquer des mesures, des faits ou des récits au ObjectGroup dans son ensemble, ou pour qualifier la relation entre le ObjectGroup et un attribut associé. Par exemple, un ObjectGroup peut contenir 100 objets, dont 40 proviennent d'Europe et 60 d'Afrique. Dans cet exemple, un MeasurementOrFact (décompte de 100) serait attaché à l'ObjectGroup, et un à chacune des deux relations entre l'ObjectGroup et le GeographicContext (Europe : décompte de 40, Afrique : décompte de 60)."
ltc:,ObjectClassification,Object Classification,"An informal classification of the type of objects within the ObjectGroup, using a hierarchical structure.",,"This class is used to categorise the ObjectGroup according to an informal, self-referential hierarchy. For example, this can be used to create a hierarchy encompassing biological, geological and anthropological collections, where a single formal taxonomy isn't appropriate.",,http://www.w3.org/2000/01/rdf-schema#Class,http://rs.tdwg.org/dwc/terms/attributes/ObjectClassification,False,True,2024-02-28,2024-02-28,ObjectClassification,http://rs.tdwg.org/ltc/terms/,http://rs.tdwg.org/ltc/terms/ObjectClassification,ltc:ObjectClassification,http://rs.tdwg.org/ltc/terms/ObjectClassification-2024-02-28,,Classification de l'Objet,"Une classification informelle du type d'objets au sein de l'ObjectGroup, à l'aide d'une structure hiérarchique.",,"Cette classe est utilisée pour catégoriser l'ObjectGroup selon une hiérarchie informelle et autoréférentielle. Par exemple, elle peut être utilisée pour créer une hiérarchie englobant des collections biologiques, géologiques et anthropologiques, lorsqu'une taxonomie formelle unique n'est pas appropriée."
ltc:,ObjectGroup,Object Group,An intentionally grouped set of objects with one or more common characteristics.,,,,http://www.w3.org/2000/01/rdf-schema#Class,http://rs.tdwg.org/dwc/terms/attributes/ObjectGroup,True,True,2024-02-28,2024-02-28,ObjectGroup,http://rs.tdwg.org/ltc/terms/,http://rs.tdwg.org/ltc/terms/ObjectGroup,ltc:ObjectGroup,http://rs.tdwg.org/ltc/terms/ObjectGroup-2024-02-28,,Groupe d'Objet,Un ensemble d'objets regroupés intentionnellement et présentant une ou plusieurs caractéristiques communes.,,
ltc:,OrganisationalUnit,Organisational Unit,"A unit within an organisational hierarchy which may be at, above or below the institutional level.",,"This class can represent any level of organisational unit, incorporating institutions (e.g. a museum), higher units (e.g. a university to which a museum belongs) and more detailed structures (e.g the departments and divisions within a museum). It can be used to arrange these different units at different levels into a hierarchical structure. This class combines aspects of both class org:Organization (https://www.w3.org/TR/2014/REC-vocab-org-20140116/#org:Organization) and class org:OrganizationalUnit (https://www.w3.org/TR/2014/REC-vocab-org-20140116/#org:OrganizationalUnit) from the W3C Organization Ontology ORG (https://www.w3.org/TR/2014/REC-vocab-org-20140116/#overview-of-ontology). Recommended best practice is to associate a unique, persistent organisational identifier (PID) with each created organisational unit. This will allow an unambiguous and continual identification of the unit, as well as the creation of organisational hierarchies. Existing providers of PIDs for organisations are, e.g. https://grid.ac/ and https://ror.org/. The provision of organisational PIDs might be extended to intra-organisational units in the future. Properties of Class: Identifier can be used to add identifier information for organisational units.",,http://www.w3.org/2000/01/rdf-schema#Class,http://rs.tdwg.org/dwc/terms/attributes/OrganisationalUnit,False,True,2024-02-28,2024-02-28,OrganisationalUnit,http://rs.tdwg.org/ltc/terms/,http://rs.tdwg.org/ltc/terms/OrganisationalUnit,ltc:OrganisationalUnit,http://rs.tdwg.org/ltc/terms/OrganisationalUnit-2024-02-28,,Entité Organisationnelle,"Une entité au sein d'une hiérarchie organisationnelle qui peut se situer au niveau institutionnel, au-dessus ou au-dessous de celui-ci.",,"Cette classe peut représenter n'importe quel niveau d'entité organisationnelle, y compris des institutions (par exemple un muséum), des unités supérieures (par exemple une université à laquelle appartient un muséum) et des structures plus détaillées (par exemple les départements et les divisions au sein d'un muséum). Elle peut être utilisée pour organiser ces différentes unités à différents niveaux dans une structure hiérarchique. Cette classe combine des aspects de la classe org:Organization (https://www.w3.org/TR/2014/REC-vocab-org-20140116/#org:Organization) et de la classe org:OrganizationalUnit (https://www.w3.org/TR/2014/REC-vocab-org-20140116/#org:OrganizationalUnit) de l'ontologie d'organisation ORG du W3C (https://www.w3.org/TR/2014/REC-vocab-org-20140116/#overview-of-ontology). La pratique optimale recommandée consiste à associer un identifiant organisationnel unique et persistant (PID) à chaque entité organisationnelle créée. Cela permettra une identification sans ambiguïté et continue de cette entité, ainsi que la création de hiérarchies organisationnelles. Les fournisseurs actuels de PID pour les organisations sont, par exemple, https://grid.ac/ et https://ror.org/. La fourniture de PIDs organisationnels pourrait être étendue aux entités intra-organisationnelles à l'avenir. Les propriétés de Class: Identifier peuvent être utilisées pour ajouter des informations d'identification pour les entités organisationnelles."
ltc:,Person,Person,"A person (alive, dead, undead, or fictional).",A person (alive or dead).,"This concept should map to the Schema.org Person class (https://schema.org/Person), and the prov:Person class (http://www.w3.org/ns/prov#Person) in the PROV ontology. In the latter, it is a subclass of prov:Agent, which through which it can map to the RDA recommendations on attribution (http://dx.doi.org/10.15497/RDA00029). The definition is appropriated from the Schema.org class.",,http://www.w3.org/2000/01/rdf-schema#Class,http://rs.tdwg.org/dwc/terms/attributes/Person,False,True,2024-02-28,2024-02-28,Person,http://rs.tdwg.org/ltc/terms/,http://rs.tdwg.org/ltc/terms/Person,ltc:Person,http://rs.tdwg.org/ltc/terms/Person-2024-02-28,,Personne,"Une personne (vivante, morte, mort-vivante ou fictive).",Une personne (vivante ou décédée).,"Ce concept devrait être aligné à la classe Person de Schema.org (https://schema.org/Person) et à la classe prov:Person (http://www.w3.org/ns/prov#Person) dans l'ontologie PROV. Dans cette dernière, il s'agit d'une sous-classe de prov:Agent, qui lui permet de correspondre aux recommandations RDA sur l'attribution (http://dx.doi.org/10.15497/RDA00029). La définition est tirée de la classe Schema.org."
ltc:,PersonRole,Person Role,A qualified association between a Person or OrganisationalUnit and an entity such as an ObjectGroup or MeasurementOrFact that enables the relationship to be contextualised with a specific role and time period.,,"This class is aligned with the prov:qualifiedAttribution property (http://www.w3.org/ns/prov#qualifiedAttribution). It should be used instead of the Activity and PersonActivity classes to link a Person or OrganisationalUnit to an entity in situations where an activity is not know or is irrelevant, for example for describing a person's role within an organisation. It is not mandatory to link to either a Person or a Role in this class, to support use cases where a role is known but the person who fulfilled it is not, and where a person is known to have been involved but the context is not. However, it's expected that at least one of the hasPerson and hasRole properties is populated.",,http://www.w3.org/2000/01/rdf-schema#Class,http://rs.tdwg.org/dwc/terms/attributes/PersonRole,False,True,2024-02-28,2024-02-28,PersonRole,http://rs.tdwg.org/ltc/terms/,http://rs.tdwg.org/ltc/terms/PersonRole,ltc:PersonRole,http://rs.tdwg.org/ltc/terms/PersonRole-2024-02-28,,Rôle d'une Personne,"Une association définie entre une personne ou une entité organisationnelle et une instance telle qu'un ObjectGroup ou un MeasurementOrFact, qui permet de contextualiser la relation en fonction d'un rôle et d'une période spécifiques.",,"Cette classe est alignée sur la propriété prov:qualifiedAttribution (http://www.w3.org/ns/prov#qualifiedAttribution). Elle doit être utilisée à la place des classes Activity et PersonActivity pour relier une personne ou une entité organisationnelle à une autre entité dans les cas où une activité n'est pas connue ou n'est pas pertinente, par exemple pour décrire le rôle d'une personne au sein d'une organisation. Il n'est pas obligatoire d'établir un lien avec une personne ou un rôle dans cette classe, afin de pouvoir prendre en charge les cas où un rôle est connu mais où la personne qui l'a rempli ne l'est pas, et où l'on sait qu'une personne a été impliquée mais où le contexte est inconnu. Toutefois, on s'attend à ce qu'au moins une des propriétés hasPerson et hasRole soit renseignée."
ltc:,RecordLevel,Record Level,The machine-actionable information profile for the collection description digital object.,,Linked to the RDA PID Kernel recommendation (https://www.rd-alliance.org/system/files/RDA%20Recommendation%20on%20PID%20Kernel%20Information_final.pdf),,http://www.w3.org/2000/01/rdf-schema#Class,http://rs.tdwg.org/dwc/terms/attributes/RecordLevel,True,True,2024-02-28,2024-02-28,RecordLevel,http://rs.tdwg.org/ltc/terms/,http://rs.tdwg.org/ltc/terms/RecordLevel,ltc:RecordLevel,http://rs.tdwg.org/ltc/terms/RecordLevel-2024-02-28,,Niveau d'Enregistrement,Le profil d'information exploitable par l'ordinateur pour l'objet numérique relevant de la description de la collection.,,Lié à la recommandation PID Kernel de la RDA (https://www.rd-alliance.org/system/files/RDA%20Recommendation%20on%20PID%20Kernel%20Information_final.pdf)
ltc:,Reference,Reference,A reference to external resources and information related to the class.,,"In Latimer Core, this class can be used to store references to publications, policies, datasets and other online resources such as websites, related to classes within the standard.",,http://www.w3.org/2000/01/rdf-schema#Class,http://rs.tdwg.org/dwc/terms/attributes/Reference,False,True,2024-02-28,2024-02-28,Reference,http://rs.tdwg.org/ltc/terms/,http://rs.tdwg.org/ltc/terms/Reference,ltc:Reference,http://rs.tdwg.org/ltc/terms/Reference-2024-02-28,,Référence,Une référence à des ressources externes et des informations relatives à la classe.,,"Dans le Latimer Core, cette classe peut être utilisée pour stocker des références à des publications, des directives, des jeux de données et d'autres ressources en ligne telles que des sites web, en rapport avec les classes du standard."
ltc:,ResourceRelationship,Resource Relationship,"A relationship of one rdfs:Resource (http://www.w3.org/2000/01/rdf-schema#Resource) to another, or to a simple named concept.",,"Resources can be thought of as identifiable records or instances of classes and may include, but need not be limited to instances of ltc:ObjectGroup, ltc:OrganisationalUnit, ltc:Taxon, ltc:Event, ltc:GeographicContext, ltc:GeologicalContext, ltc:EcologicalContext, or ltc:ObjectClassification. In the context of Latimer Core, the main purposes of this class are 1. to define different semantic and hierarchical relationships between ObjectGroups, and 2. to support quantified and annotated relationships between ObjectGroups and other LtC classes (such as ltc:Taxon and ltc:GeographicContext) and properties (such as ltc:discipline and ltc:objectType) that describe the contents of the ObjectGroup, using the hasMeasurementOrFact property.",,http://www.w3.org/2000/01/rdf-schema#Class,http://rs.tdwg.org/dwc/terms/attributes/ResourceRelationship,False,True,2024-02-28,2024-02-28,ResourceRelationship,http://rs.tdwg.org/ltc/terms/,http://rs.tdwg.org/ltc/terms/ResourceRelationship,ltc:ResourceRelationship,http://rs.tdwg.org/ltc/terms/ResourceRelationship-2024-02-28,,Relation entre les ressources,"Relation d'une rdfs:Resource (http://www.w3.org/2000/01/rdf-schema#Resource) avec une autre, ou avec un concept simple nommé.",,"Les ressources peuvent être considérées comme des enregistrements identifiables ou des instances de classes et peuvent inclure, sans s'y limiter, des instances de ltc:ObjectGroup, ltc:OrganisationalUnit, ltc:Taxon, ltc:Event, ltc:GeographicContext, ltc:GeologicalContext, ltc:EcologicalContext, ou ltc:ObjectClassification. Dans le contexte du Latimer Core, les principaux objectifs de cette classe sont 1. de définir différentes relations sémantiques et hiérarchiques entre les ObjectGroups, et 2. de prendre en charge les relations quantifiées et annotées entre les ObjectGroups et d'autres classes (telles que ltc:Taxon et ltc:GeographicContext) et propriétés LtC (telles que ltc:discipline et ltc:objectType) qui décrivent le contenu de l'ObjectGroup, à l'aide de la propriété hasMeasurementOrFact."
ltc:,Role,Role,The function of a Person with respect to an activity or entity.,,"While this class contains no mandatory properties, it's recommended that at least one of the roleName and hasIdentifier properties are used to specify the intended role. Where appropriate, the use of controlled vocabularies such as the CRediT contributor roles taxonomy (https://credit.niso.org) is encouraged.",,http://www.w3.org/2000/01/rdf-schema#Class,http://rs.tdwg.org/dwc/terms/attributes/Role,False,True,2024-02-28,2024-02-28,Role,http://rs.tdwg.org/ltc/terms/,http://rs.tdwg.org/ltc/terms/Role,ltc:Role,http://rs.tdwg.org/ltc/terms/Role-2024-02-28,,Rôle,La fonction d'une personne par rapport à une activité ou une structure.,,"Bien que cette classe ne contienne pas de propriétés requises, il est recommandé d'utiliser au moins l'une des propriétés roleName et hasIdentifier pour spécifier le rôle prévu. Le cas échéant, l'utilisation de vocabulaires contrôlés tels que la taxonomie des rôles des contributeurs du CRediT (https://credit.niso.org) est encouragée."
ltc:,SchemeMeasurementOrFact,Scheme Measurement Or Fact,"A type of measurement or fact used by the LatimerCoreScheme, and the rules relating to its application.",,"This class can be used to specify the qualitative and quantitative metrics that will be included in the LatimerCoreScheme using the MeasurementOrFact class, and dictate whether each will be mandatory and/or repeatable. This information can be used by software and queries to constrain and validate the Latimer Core dataset, and determine how and whether metrics can be aggregated and reported. The schemeMeasurementType property should correspond to the measurementType property of the MeasurementOrFact class in order to make the relevant association between the scheme definition and the stored data.",,http://www.w3.org/2000/01/rdf-schema#Class,http://rs.tdwg.org/dwc/terms/attributes/SchemeMeasurementOrFact,False,True,2024-02-28,2024-02-28,SchemeMeasurementOrFact,http://rs.tdwg.org/ltc/terms/,http://rs.tdwg.org/ltc/terms/SchemeMeasurementOrFact,ltc:SchemeMeasurementOrFact,http://rs.tdwg.org/ltc/terms/SchemeMeasurementOrFact-2024-02-28,,Mesure ou Fait du Modèle,"Un type de mesure ou de fait utilisé par le LatimerCoreScheme, et les règles relatives à son application.",,"Cette classe peut être utilisée pour préciser les mesures qualitatives et quantitatives qui seront incluses dans le LatimerCoreScheme à l'aide de la classe MeasurementOrFact, et indiquer si chacune d'entre elles sera obligatoire et/ou répétable. Ces informations peuvent être utilisées par les logiciels et les requêtes pour contraindre et valider l'ensemble de données Latimer Core, et déterminer si et comment les métriques peuvent être agrégées et rapportées. La propriété schemeMeasurementType doit correspondre à la propriété measurementType de la classe MeasurementOrFact afin d'établir une association pertinente entre la définition du schéma et les données stockées."
ltc:,SchemeTerm,Scheme Term,A Latimer Core term used by the LatimerCoreScheme and the rules relating to its application.,,"This class can be used to define which of the terms (classes and/or properties) within the standard (e.g. GeographicContext, Taxon, preservationMethod) are expected to be used within the scheme, and specify whether they're mandatory and/or repeatable. This information can be used by software and queries to validate the data and understand the rules by which metrics can be reported against the specified term.",,http://www.w3.org/2000/01/rdf-schema#Class,http://rs.tdwg.org/dwc/terms/attributes/SchemeTerm,False,True,2024-02-28,2024-02-28,SchemeTerm,http://rs.tdwg.org/ltc/terms/,http://rs.tdwg.org/ltc/terms/SchemeTerm,ltc:SchemeTerm,http://rs.tdwg.org/ltc/terms/SchemeTerm-2024-02-28,,Terme du Modèle,Un terme du Latimer Core utilisé par le LatimerCoreScheme et les règles relatives à son application.,,"Cette classe peut être utilisée pour définir les termes (classes et/ou propriétés) du standard (par exemple GeographicContext, Taxon, preservationMethod) qui doivent être utilisés dans le schéma, et préciser s'ils sont obligatoires et/ou répétables. Ces informations peuvent être utilisées par les logiciels et les requêtes pour valider les données et comprendre les règles selon lesquelles les mesures peuvent être rapportées au terme spécifié."
ltc:,StorageLocation,Storage Location,"A physical location (such as a building, room, cabinet or drawer) within the holding institution where objects associated with the collection description are stored or exhibited.",,,,http://www.w3.org/2000/01/rdf-schema#Class,http://rs.tdwg.org/dwc/terms/attributes/StorageLocation,False,True,2024-02-28,2024-02-28,StorageLocation,http://rs.tdwg.org/ltc/terms/,http://rs.tdwg.org/ltc/terms/StorageLocation,ltc:StorageLocation,http://rs.tdwg.org/ltc/terms/StorageLocation-2024-02-28,,Lieu de stockage,"Emplacement physique (tel qu'un bâtiment, une pièce, une armoire ou un tiroir) au sein de l'institution détentrice où les objets associés à la description de la collection sont stockés ou exposés.",,
ltc:,Taxon,Taxon,A group of organisms (sensu http://purl.obolibrary.org/obo/OBI_0100026) considered by taxonomists to form a homogeneous unit.,,,,http://www.w3.org/2000/01/rdf-schema#Class,http://rs.tdwg.org/dwc/terms/attributes/Taxon,False,True,2024-02-28,2024-02-28,Taxon,http://rs.tdwg.org/ltc/terms/,http://rs.tdwg.org/ltc/terms/Taxon,ltc:Taxon,http://rs.tdwg.org/ltc/terms/Taxon-2024-02-28,,Taxon,Groupe d'organismes (sensu http://purl.obolibrary.org/obo/OBI_0100026) considérés par les taxonomistes comme formant une unité homogène.,,
ltc:,TemporalCoverage,Temporal Coverage,"The time period during which the related event, activity or status was occurring.","To represent an ongoing period of time, temporalCoverageStartDateTime should be populated and temporalCoverageEndDateTime left blank. To represent a single period in time, temporalCoverageStartDateTime and temporalCoverageEndDateTime should hold the same value.","This class can be used to reflect the period of time in which specified activities, events and states occurred. Examples might include the time range of the `Event` in which the objects were collected, the period during a `CollectionStatusHistory` over which the collection was actively growing, or the span of time someone was working in a particular `PersonRole`. If the time period you are trying to describe is better described by a categorical label rather than a date, `GeologicalContext`, `ChronometricAge` or `ObjectGroup.period` may be more suitable. ",,http://www.w3.org/2000/01/rdf-schema#Class,http://rs.tdwg.org/dwc/terms/attributes/TemporalCoverage,False,True,2024-02-28,2024-02-28,TemporalCoverage,http://rs.tdwg.org/ltc/terms/,http://rs.tdwg.org/ltc/terms/TemporalCoverage,ltc:TemporalCoverage,http://rs.tdwg.org/ltc/terms/TemporalCoverage-2024-02-28,,Couverture Temporelle,"Période au cours de laquelle l'événement, l'activité ou le statut en question s'est produit.","Pour représenter une période de temps continue, temporalCoverageStartDateTime doit être renseigné et temporalCoverageEndDateTime laissé vide. Pour représenter une période ponctuelle, temporalCoverageStartDateTime et temporalCoverageEndDateTime doivent avoir la même valeur.","Cette classe peut être utilisée pour refléter la période de temps au cours de laquelle des activités, des événements et des états spécifiques se sont produits. Les exemples peuvent inclure l'intervalle de temps de l'`Event` au cours duquel les objets ont été collectés, la période durant un `CollectionStatusHistory` au cours de laquelle la collection s'est activement développée, ou la période durant laquelle une personne a travaillé dans un `PersonRole` particulier. Si la période que vous essayez de décrire est mieux appréhendée par un label catégorique que par une date, `GeologicalContext`, `ChronometricAge` ou `ObjectGroup.period` peuvent être plus adaptés. "
schema:,additionalName,Additional Name,"An additional name for a Person, can be used for a middle name.",,,"`Stewart`, `Grace`, `Manthey`, `Kwame`",http://www.w3.org/1999/02/22-rdf-syntax-ns#Property,http://rs.tdwg.org/dwc/terms/attributes/Person,False,False,2024-02-28,2024-02-28,Person,https://schema.org/,https://schema.org/additionalName,schema:additionalName,http://rs.tdwg.org/ltc/terms/additionalName-2024-02-28,string,,,,
schema:,addressCountry,Address Country,"The country. For example, USA. You can also provide the two-letter ISO 3166-1 alpha-2 country code.",,Recommended best practice is to use a controlled vocabulary -- e.g. current ISO 3166 Country Codes.,"`Denmark`, `DK`, `Colombia`, `CO`, `España`, `ES`",http://www.w3.org/1999/02/22-rdf-syntax-ns#Property,http://rs.tdwg.org/dwc/terms/attributes/Address,True,False,2024-02-28,2024-02-28,Address,https://schema.org/,https://schema.org/addressCountry,schema:addressCountry,http://rs.tdwg.org/ltc/terms/addressCountry-2024-02-28,string,,,,
schema:,addressLocality,Address Locality,"The locality in which the street address is, and which is in the region. For example, Mountain View.",The locality in which the address is located. AddressLocality is a more specific geographic area than addressRegion.,,"`Holzminden`, `Araçatuba`, `Ga-Segonyana`, `Mountain View`, `Coventry`, `Tokyo`",http://www.w3.org/1999/02/22-rdf-syntax-ns#Property,http://rs.tdwg.org/dwc/terms/attributes/Address,False,False,2024-02-28,2024-02-28,Address,https://schema.org/,https://schema.org/addressLocality,schema:addressLocality,http://rs.tdwg.org/ltc/terms/addressLocality-2024-02-28,string,,,,
schema:,addressRegion,Address Region,"The region in which the locality is, and which is in the country. For example, California or another appropriate first-level Administrative division.",,,"`Missoula`, `Los Lagos`, `Mataró`, `Guangdong`",http://www.w3.org/1999/02/22-rdf-syntax-ns#Property,http://rs.tdwg.org/dwc/terms/attributes/Address,False,False,2024-02-28,2024-02-28,Address,https://schema.org/,https://schema.org/addressRegion,schema:addressRegion,http://rs.tdwg.org/ltc/terms/addressRegion-2024-02-28,string,,,,
ltc:,addressType,Address Type,"A person or organization can have different addresses, for different purposes. For example, a postal address, a loan address, an address for visits and so on. This property is used to specify the kind of address.",,,"`Physical`, `Postal`, `Loans`, `Visits`, `Home`, `Work`, `Main`",http://www.w3.org/1999/02/22-rdf-syntax-ns#Property,http://rs.tdwg.org/dwc/terms/attributes/Address,False,False,2024-02-28,2024-02-28,Address,http://rs.tdwg.org/ltc/terms/,http://rs.tdwg.org/ltc/terms/addressType,ltc:addressType,http://rs.tdwg.org/ltc/terms/addressType-2024-02-28,string,Type d'Adresse,"Une personne ou une organisation peut avoir plusieurs adresses, à des fins différentes. Par exemple, une adresse postale, une adresse de prêt, une adresse pour les visites, etc. Cette propriété est utilisée pour spécifier le type d'adresse.",,
ltc:,alternativeCollectionName,Alternative Collection Name,One or more short titles different to the one given in ObjectGroup.collectionName used to summarise the collection objects contained within the ObjectGroup.,,,"`Darwin's fossil mammal collection`, `The Hubricht Molluscan Collection`",http://www.w3.org/1999/02/22-rdf-syntax-ns#Property,http://rs.tdwg.org/dwc/terms/attributes/ObjectGroup,False,True,2024-02-28,2024-02-28,ObjectGroup,http://rs.tdwg.org/ltc/terms/,http://rs.tdwg.org/ltc/terms/alternativeCollectionName,ltc:alternativeCollectionName,http://rs.tdwg.org/ltc/terms/alternativeCollectionName-2024-02-28,list,Nom Alternatif de la Collection,"Un ou plusieurs titres courts différents de celui indiqué dans ObjectGroup.collectionName, utilisés pour résumer les objets de collection contenus dans l'ObjectGroup.",,
ltc:,baseTypeOfObjectGroup,Base Type Of Object Group,High-level terms describing the fundamental nature of objects in the ObjectGroup.,,"For natural history collections baseTypeOfObjectGroup describes types of material entities and may constrain the values available in objectType. Notes for ObjectGroups where baseTypeOfObjectGroup is 'InformationArtefact': subsequent ‘type’ properties could include hierarchical Audubon Core/Dublin Core terms – e.g. dc:type (http://purl.org/dc/elements/1.1/type), ac:subtype / ac:subtypeLiteral (http://rs.tdwg.org/ac/terms/subtypeLiteral), or (proposed) ac:3DResourceType.","`MaterialEntity`, `InformationArtefact`, `AbstractConcept`",http://www.w3.org/1999/02/22-rdf-syntax-ns#Property,http://rs.tdwg.org/dwc/terms/attributes/ObjectGroup,True,True,2024-02-28,2024-02-28,ObjectGroup,http://rs.tdwg.org/ltc/terms/,http://rs.tdwg.org/ltc/terms/baseTypeOfObjectGroup,ltc:baseTypeOfObjectGroup,http://rs.tdwg.org/ltc/terms/baseTypeOfObjectGroup-2024-02-28,list,Type de Base du Groupe d'Objets,Termes de haut niveau décrivant la nature générale des objets de l'ObjectGroup.,,"Pour les collections d'histoire naturelle, baseTypeOfObjectGroup décrit les types d'entités matérielles et peut limiter les valeurs disponibles dans objectType. Note pour les ObjectGroups dont baseTypeOfObjectGroup est « InformationArtefact » : les propriétés « type » suivantes peuvent inclure des termes hiérarchiques issus du Audubon Core/Dublin Core - par exemple dc:type (http://purl.org/dc/elements/1.1/type), ac:subtype / ac:subtypeLiteral (http://rs.tdwg.org/ac/terms/subtypeLiteral), ou (proposé) ac:3DResourceType."
ltc:,basisOfScheme,Basis Of Scheme,A summary of the basis or purpose for the LatimerCoreScheme.,,"This property is intended to summarise the reason for grouping a number of ObjectGroups within the LatimerCoreScheme, and the purpose for which the data is intended to be used. This may also be reflected in the terms and metrics defined using the SchemeTerm and SchemeMeasurementOrFact classes respectively. Using this approach, standard and reusable profiles within the wider Latimer Core standard may be constructed for common collection descriptions use cases.","`Accession`, `Inventory`, `Expedition`, `Digitisation planning`, `Collections assessment`, `Institution`, `Collections registry`",http://www.w3.org/1999/02/22-rdf-syntax-ns#Property,http://rs.tdwg.org/dwc/terms/attributes/LatimerCoreScheme,False,False,2024-02-28,2024-02-28,LatimerCoreScheme,http://rs.tdwg.org/ltc/terms/,http://rs.tdwg.org/ltc/terms/basisOfScheme,ltc:basisOfScheme,http://rs.tdwg.org/ltc/terms/basisOfScheme-2024-02-28,string,Base du Modèle,Un résumé de la raison d'être ou de l'objectif du LatimerCoreScheme.,,"Cette propriété est destinée à résumer la raison du regroupement d'un certain nombre d'ObjectGroups au sein du LatimerCoreScheme, ainsi que l'objectif pour lequel les données sont destinées à être utilisées. Cela peut également se refléter dans les termes et les statistiques définis à l'aide des classes SchemeTerm et SchemeMeasurementOrFact respectivement. Cette approche permet d'élaborer des profils normés et réutilisables dans le cadre plus large du standard Latimer Core pour les cas d'utilisation courants des descriptions de collections."
dwc:,bed,Bed,The full name of the lithostratigraphic bed from which the cataloged item was collected.,The full name of the lithostratigraphic bed from which the objects in the collection originated.,Recommended vocabulary: https://ngmdb.usgs.gov/Geolex/search,"`Beecher Trilobite Bed`, `McAbee Fossil Beds`, `Ashfall Fossil Beds`, `Nut Beds`",http://www.w3.org/1999/02/22-rdf-syntax-ns#Property,http://rs.tdwg.org/dwc/terms/attributes/GeologicalContext,False,False,2024-02-28,2024-02-28,GeologicalContext,http://rs.tdwg.org/dwc/terms/,http://rs.tdwg.org/dwc/terms/bed,dwc:bed,http://rs.tdwg.org/ltc/terms/bed-2024-02-28,string,,,,
ltc:,biogeographicRealm,Biogeographic Realm,"The broadest biogeographic division of Earth's land and marine surface, based on distributional patterns of terrestrial and marine organisms.",,"This term may commonly be used in a biogeographic hierarchy above marineProvince (marine only), ecoregion and ecosystem. It is recommended to use controlled vocabularies such as those adopted by the World Wildlife Fund (WWF) / Global 200 (Olson et at. 1998). ","`Afrotropical`, `Australasian`, `Indomalayan`, `Nearctic`, `Arctic`, `Temperate Northern Atlantic`, `Temperate Northern Pacific`",http://www.w3.org/1999/02/22-rdf-syntax-ns#Property,http://rs.tdwg.org/dwc/terms/attributes/EcologicalContext,False,False,2024-02-28,2024-02-28,EcologicalContext,http://rs.tdwg.org/ltc/terms/,http://rs.tdwg.org/ltc/terms/biogeographicRealm,ltc:biogeographicRealm,http://rs.tdwg.org/ltc/terms/biogeographicRealm-2024-02-28,string,Écozone,"La division biogéographique la plus vaste de la surface terrestre et marine de la Terre, basée sur les schémas de répartition des organismes terrestres et marins.",,"Ce terme peut être couramment utilisé dans une hiérarchie biogéographique au-dessus de marineProvince (marin uniquement), écorégion et écosystème. Il est recommandé d'utiliser des vocabulaires contrôlés tels que ceux adoptés par le World Wildlife Fund (WWF) / Global 200 (Olson et al. 1998). "
ltc:,biome,Biome,A biogeographical unit consisting of a biological community that has formed in response to the physical environment in which they are found and a shared regional climate.,,"This property can be used to record terrestrial, freshwater and marine biomes. It is recommended to use controlled vocabularies such as those adopted by the World Wildlife Fund (WWF) / Global 200 (Olson et at. 1998). ","`Deserts and xeric shrublands`, `Tropical and subtropical moist broadleaf forests`, `Open sea`, `Deep sea`, `Littoral/Intertidal zone`, `Salt marsh`, `Estuaries`, `Large lakes`, `Large river deltas`, `Polar freshwaters`, `Tropical and subtropical coastal rivers`, `Tropical and subtropical floodplain rivers and wetlands`",http://www.w3.org/1999/02/22-rdf-syntax-ns#Property,http://rs.tdwg.org/dwc/terms/attributes/EcologicalContext,False,False,2024-02-28,2024-02-28,EcologicalContext,http://rs.tdwg.org/ltc/terms/,http://rs.tdwg.org/ltc/terms/biome,ltc:biome,http://rs.tdwg.org/ltc/terms/biome-2024-02-28,string,Biome,Unité biogéographique composée d'une communauté biologique qui s'est formée en réponse à l'environnement physique dans lequel elle se trouve et à un climat régional commun.,,"Cette propriété peut être utilisée pour identifier les biomes terrestres, d'eau douce et marins. Il est recommandé d'utiliser des vocabulaires contrôlés tels que ceux adoptés par le World Wildlife Fund (WWF) / Global 200 (Olson et al. 1998). "
ltc:,biomeType,Biome Type,A top level classification of the type of biome from which objects were collected or where an event took place.,,"The biomeType is positioned at a level between the biosphere (the global sum of all ecosystems on Earth) and the more detailed terrestrial, marine and freshwater biomes. The latter should be recorded using the EcologicalContext.biome property.","`Terrestrial`, `Marine`, `Freshwater`",http://www.w3.org/1999/02/22-rdf-syntax-ns#Property,http://rs.tdwg.org/dwc/terms/attributes/EcologicalContext,False,False,2024-02-28,2024-02-28,EcologicalContext,http://rs.tdwg.org/ltc/terms/,http://rs.tdwg.org/ltc/terms/biomeType,ltc:biomeType,http://rs.tdwg.org/ltc/terms/biomeType-2024-02-28,string,Type de Biome,Une classification de haut niveau du type de biome dans lequel des objets ont été collectés ou dans lequel un événement a eu lieu.,,"Le biomeType se situe à un niveau intermédiaire entre la biosphère (la somme globale de tous les écosystèmes de la Terre) et les biomes plus détaillés au niveau terrestres, marins et dulçaquicoles. Ces derniers doivent être répertoriés à l'aide de la propriété EcologicalContext.biome."
ltc:,bioregion,Bioregion,"An ecologically and geographically defined area that is smaller than a biogeographic realm, but larger than an ecoregion or an ecosystem.",,"This is analagous with the marine province concept for marine regions. It is recommended to use controlled vocabularies such as those adopted by the World Wildlife Fund (WWF) / Global 200 (Olson et at. 1998), from which this concept originated. ","`Western Africa and Sahel`, `New Guinea and Melanesia`, `Indian subcontinent`, `South China Sea`, `Mediterranean Sea`, `Central Indian Ocean Islands`",http://www.w3.org/1999/02/22-rdf-syntax-ns#Property,http://rs.tdwg.org/dwc/terms/attributes/EcologicalContext,False,False,2024-02-28,2024-02-28,EcologicalContext,http://rs.tdwg.org/ltc/terms/,http://rs.tdwg.org/ltc/terms/bioregion,ltc:bioregion,http://rs.tdwg.org/ltc/terms/bioregion-2024-02-28,string,Biorégion,"Une zone écologiquement et géographiquement définie qui est plus petite qu'une écozone, mais plus grande qu'une écorégion ou un écosystème.",,"Ce concept est analogue à celui des provinces marines pour les régions marines. Il est recommandé d'utiliser des vocabulaires contrôlés tels que ceux adoptés par le World Wildlife Fund (WWF) / Global 200 (Olson et al. 1998), à l'origine de ce concept. "
chrono:,chronometricAgeProtocol,Chronometric Age Protocol,A description of or reference to the methods used to determine the chronometric age.,,,"`Radiocarbon dating using an Accelerator Mass Spectrometry`, `Pb-Pb Dating`, `41Ca - 41K Chronometer`, `U-Pb Dating using a Thermal Ionization Mass Spectrometer`, `U-Pb Radiometric Dating`, `Thermoluminescence`, `Paleomagnetism`, `Pb-Pb Chronometer as described in Amelin et al. (2002) Science 297, 1678-1683`",http://www.w3.org/1999/02/22-rdf-syntax-ns#Property,http://rs.tdwg.org/dwc/terms/attributes/ChronometricAge,False,False,2024-02-28,2024-02-28,ChronometricAge,http://rs.tdwg.org/chrono/terms/,http://rs.tdwg.org/chrono/terms/chronometricAgeProtocol,chrono:chronometricAgeProtocol,http://rs.tdwg.org/ltc/terms/chronometricAgeProtocol-2024-02-28,string,,,,
chrono:,chronometricAgeRemarks,Chronometric Age Remarks,Notes or comments about the ChronometricAge.,,,"`Beta Analytic number: 323913` `One of the Crassostrea virginica right valve specimens from North Midden Feature 17 was chosen for AMS dating, but it is unclear exactly which specimen it was.`",http://www.w3.org/1999/02/22-rdf-syntax-ns#Property,http://rs.tdwg.org/dwc/terms/attributes/ChronometricAge,False,False,2024-02-28,2024-02-28,ChronometricAge,http://rs.tdwg.org/chrono/terms/,http://rs.tdwg.org/chrono/terms/chronometricAgeRemarks,chrono:chronometricAgeRemarks,http://rs.tdwg.org/ltc/terms/chronometricAgeRemarks-2024-02-28,string,,,,
chrono:,chronometricAgeUncertaintyInYears,Chronometric Age Uncertainty In Years,The temporal uncertainty of the earliestChronometricAge and latestChronometicAge in years.,,The expected unit for this field is years. The value in this field is number of years before and after the values given in the earliest and latest chronometric age fields within which the actual values are estimated to be.,`100`,http://www.w3.org/1999/02/22-rdf-syntax-ns#Property,http://rs.tdwg.org/dwc/terms/attributes/ChronometricAge,False,False,2024-02-28,2024-02-28,ChronometricAge,http://rs.tdwg.org/chrono/terms/,http://rs.tdwg.org/chrono/terms/chronometricAgeUncertaintyInYears,chrono:chronometricAgeUncertaintyInYears,http://rs.tdwg.org/ltc/terms/chronometricAgeUncertaintyInYears-2024-02-28,number,,,,
ltc:,collectionManagementSystem,Collection Management System,The collection management system which is used to hold and manage the primary data for the objects contained within the ObjectGroup.,,"This should reflect the system or database in which the object-level records reside, rather than the source of the Collection Description data.","`Specify 7`, `DINA`, `Axiell EMu`, `Arctos`, `EarthCape`, `BRAHMS`",http://www.w3.org/1999/02/22-rdf-syntax-ns#Property,http://rs.tdwg.org/dwc/terms/attributes/ObjectGroup,False,True,2024-02-28,2024-02-28,ObjectGroup,http://rs.tdwg.org/ltc/terms/,http://rs.tdwg.org/ltc/terms/collectionManagementSystem,ltc:collectionManagementSystem,http://rs.tdwg.org/ltc/terms/collectionManagementSystem-2024-02-28,list,Système de Gestion de la Collection,Le système de gestion des collections utilisé pour détenir et gérer les données primaires des objets contenus dans l'ObjectGroup.,,"Ceci doit refléter le système ou la base de données dans lequel les enregistrements au niveau de l'objet se trouvent, plutôt que la source des données de la description de la collection."
ltc:,collectionName,Collection Name,A short title that summarises the collection objects contained within the ObjectGroup.,,,"`The Leslie Hubricht Molluscan Collection`, `NHM Algae, Fungi and Plants collection`, `Crustacea – Cirripedes, Decapoda`, `Global Mesozoic and Paleozoic mollusc faunas/samples`",http://www.w3.org/1999/02/22-rdf-syntax-ns#Property,http://rs.tdwg.org/dwc/terms/attributes/ObjectGroup,False,False,2024-02-28,2024-02-28,ObjectGroup,http://rs.tdwg.org/ltc/terms/,http://rs.tdwg.org/ltc/terms/collectionName,ltc:collectionName,http://rs.tdwg.org/ltc/terms/collectionName-2024-02-28,string,Nom de la Collection,Un titre court qui résume les objets de la collection contenus dans l'ObjectGroup.,,
ltc:,conditionsOfAccess,Conditions of Access,Information about who can access the collection being described or an indication of its security status.,,"If available, this should be a URL to a stable policy page. For example, https://www.fieldmuseum.org/science/research/area/fossils-meteorites/fossils-meteorites-policies.",`Open to the public`,http://www.w3.org/1999/02/22-rdf-syntax-ns#Property,http://rs.tdwg.org/dwc/terms/attributes/ObjectGroup,False,True,2024-02-28,2024-02-28,ObjectGroup,http://rs.tdwg.org/ltc/terms/,http://rs.tdwg.org/ltc/terms/conditionsOfAccess,ltc:conditionsOfAccess,http://rs.tdwg.org/ltc/terms/conditionsOfAccess-2024-02-28,list,Conditions d'Accès,Les informations sur les personnes autorisées à accéder à la collection concernée ou l'indication du niveau de sécurité associé à cette collection.,,"Si elle est disponible, il devrait s'agir d'une URL vers une page de règlement stable. Par exemple, https://www.fieldmuseum.org/science/research/area/fossils-meteorites/fossils-meteorites-policies."
ltc:,contactDetailCategory,Contact Detail Category,The method of contact to which the contact detail applies.,,Recommended practice is to use a controlled vocabulary.,"`Email`, `Phone (mobile)`, `Phone (home)`, `Twitter handle`, `GitHub handle`",http://www.w3.org/1999/02/22-rdf-syntax-ns#Property,http://rs.tdwg.org/dwc/terms/attributes/ContactDetail,True,False,2024-02-28,2024-02-28,ContactDetail,http://rs.tdwg.org/ltc/terms/,http://rs.tdwg.org/ltc/terms/contactDetailCategory,ltc:contactDetailCategory,http://rs.tdwg.org/ltc/terms/contactDetailCategory-2024-02-28,string,Catégorie des Coordonnées de Contact,La méthode de contact à laquelle se rapporte la coordonnée.,,La pratique optimale recommandée est d'utiliser un vocabulaire contrôlé.
ltc:,contactDetailFunction,Contact Detail Function,A brief label describing the nature of the enquiry or enquiries that are appropriate to direct to the contact detail.,,,"`Loan requests`, `General enquiries`, `Data issues`",http://www.w3.org/1999/02/22-rdf-syntax-ns#Property,http://rs.tdwg.org/dwc/terms/attributes/ContactDetail,False,True,2024-02-28,2024-02-28,ContactDetail,http://rs.tdwg.org/ltc/terms/,http://rs.tdwg.org/ltc/terms/contactDetailFunction,ltc:contactDetailFunction,http://rs.tdwg.org/ltc/terms/contactDetailFunction-2024-02-28,list,Rôle des Coordonnées de Contact,Une brève indication de la nature de la demande ou des demandes qu'il convient d'adresser à la personne de contact.,,
ltc:,contactDetailValue,Contact Detail Value,"The value of the contact detail, such as the phone number or email address.",,,"`01234 567891`, `someone@example.org`, `@github_user`",http://www.w3.org/1999/02/22-rdf-syntax-ns#Property,http://rs.tdwg.org/dwc/terms/attributes/ContactDetail,True,False,2024-02-28,2024-02-28,ContactDetail,http://rs.tdwg.org/ltc/terms/,http://rs.tdwg.org/ltc/terms/contactDetailValue,ltc:contactDetailValue,http://rs.tdwg.org/ltc/terms/contactDetailValue-2024-02-28,string,Valeur des Coordonnées de Contact,"La valeur des coordonnées du contact, comme le numéro de téléphone ou l'adresse électronique.",,
dwc:,continent,Continent,The name of the continent in which the Location occurs.,The name of the continent in which the GeographicContext is located.,Based on best practice Getty Thesaurus of Geographic Names. --> http://www.getty.edu/vow/TGNHierarchy?find=&place=&nation=&english=Y&subjectid=7029392. For cultural collections such as economic botany use the Region field to record things like Pacific to replace Oceania.,"`Africa`, `Antarctica`, `Asia`, `Europe`, `North America`, `Oceania`, `South America`",http://www.w3.org/1999/02/22-rdf-syntax-ns#Property,http://rs.tdwg.org/dwc/terms/attributes/GeographicContext,False,False,2024-02-28,2024-02-28,GeographicContext,http://rs.tdwg.org/dwc/terms/,http://rs.tdwg.org/dwc/terms/continent,dwc:continent,http://rs.tdwg.org/ltc/terms/continent-2024-02-28,string,,,,
dwc:,country,Country,The name of the country or major administrative unit in which the Location occurs.,The name of the country or major administrative unit in which the GeographicContext is located.,Recommended best practice is to use a controlled vocabulary such as the Getty Thesaurus of Geographic Names,"`Angola`, `Denmark`, `Colombia`, `Españax`",http://www.w3.org/1999/02/22-rdf-syntax-ns#Property,http://rs.tdwg.org/dwc/terms/attributes/GeographicContext,False,False,2024-02-28,2024-02-28,GeographicContext,http://rs.tdwg.org/dwc/terms/,http://rs.tdwg.org/dwc/terms/country,dwc:country,http://rs.tdwg.org/ltc/terms/country-2024-02-28,string,,,,
dwc:,countryCode,Country Code,The standard code for the country in which the Location occurs.,The standard code for the country in which the GeographicContext is located.,Recommended best practice is to use an ISO 3166-1-alpha-2 country code.,"`AR`, `SV`",http://www.w3.org/1999/02/22-rdf-syntax-ns#Property,http://rs.tdwg.org/dwc/terms/attributes/GeographicContext,False,False,2024-02-28,2024-02-28,GeographicContext,http://rs.tdwg.org/dwc/terms/,http://rs.tdwg.org/dwc/terms/countryCode,dwc:countryCode,http://rs.tdwg.org/ltc/terms/countryCode-2024-02-28,string,,,,
dwc:,county,Second Order Division,"The full, unabbreviated name of the next smaller administrative region than stateProvince (county, shire, department, etc.) in which the Location occurs.","The full, unabbreviated name of the next smaller administrative region than stateProvince (county, shire, department, etc.) in which the GeographicContext is located.",Recommended best practice is to use a controlled vocabulary such as the Getty Thesaurus of Geographic Names and to leave this field blank if the Location spans multiple entities at this administrative level or is uncertain.,"`Missoula`, `Los Lagos`, `Mataró`",http://www.w3.org/1999/02/22-rdf-syntax-ns#Property,http://rs.tdwg.org/dwc/terms/attributes/GeographicContext,False,False,2024-02-28,2024-02-28,GeographicContext,http://rs.tdwg.org/dwc/terms/,http://rs.tdwg.org/dwc/terms/county,dwc:county,http://rs.tdwg.org/ltc/terms/county-2024-02-28,string,,,,
dwc:,degreeOfEstablishment,Degree of Establishment,"The degree to which an Organism survives, reproduces, and expands its range at the given place and time.",,"Some preserved collections are specifically created from cultivated or captive organisms, or perhaps from rare vagrants. Recommended best practice is to use controlled value strings from the controlled vocabulary designated for use with this term, listed at http://rs.tdwg.org/dwc/doc/doe/. For details, refer to https://doi.org/10.3897/biss.3.38084.","`native`, `captive`, `cultivated`, `released`, `failing`, `casual`, `reproducing`, `established`, `colonising`, `invasive`, `widespreadInvasive`",http://www.w3.org/1999/02/22-rdf-syntax-ns#Property,http://rs.tdwg.org/dwc/terms/attributes/ObjectGroup,False,True,2024-02-28,2024-02-28,ObjectGroup,http://rs.tdwg.org/dwc/terms/,http://rs.tdwg.org/dwc/terms/degreeOfEstablishment,dwc:degreeOfEstablishment,http://rs.tdwg.org/ltc/terms/degreeOfEstablishment-2024-02-28,list,,,,
ltc:,description,Description,A free text description or narrative about the collection.,,"Use this field to record information about the collection in a human-readable, narrative style to introduce the main characteristics of the collection to someone unfamiliar to it. It may include additional information or re-state information held elsewhere in the collection description record - for example, for more atomic, categorised textual descriptions and narratives the MeasurementOrFact class should be used.","`The Chicago Academy of Sciences holds material documenting the biodiversity of Midwest / Western Great Lakes region from the 1830s to the present, and includes comparative and historic material collected across North America. These collections include zoology, botany, earth sciences, cultural, audiovisual, and archives. The institutional collection code CHAS was used historically to reference vertebrate and malacology collections at the Academy and was designated as the primary collection code for all the collections.`",http://www.w3.org/1999/02/22-rdf-syntax-ns#Property,http://rs.tdwg.org/dwc/terms/attributes/ObjectGroup,False,False,2024-02-28,2024-02-28,ObjectGroup,http://rs.tdwg.org/ltc/terms/,http://rs.tdwg.org/ltc/terms/description,ltc:description,http://rs.tdwg.org/ltc/terms/description-2024-02-28,string,Description,Une description ou un récit en texte libre sur la collection.,,"Ce champ sert à enregistrer des informations sur la collection dans un style narratif lisible par un humain, afin de présenter les principales caractéristiques de la collection à une personne qui n'en est pas familière. Il peut s'agir d'informations supplémentaires ou d'une reformulation d'informations contenues ailleurs dans la fiche de description de la collection - par exemple, pour des descriptions et des récits plus spécifiques et catégorisés, il convient d'utiliser la classe MeasurementOrFact."
ltc:,discipline,Discipline,A high level classification of the scientific discipline to which the objects within the collection belong or are related.,,"The recommendation is to use a controlled vocabulary that is also common across other community collections, object and occurrence standards. Suggested list https://confluence.egi.eu/display/EGIG/Scientific+Disciplines","`Anthropology`, `Botany`, `Extraterrestrial`, `Geology`, `Microorganisms`, `Other geo/biodiversity`, `Palaeontology`, `Virology`, `Zoology invertebrates`, `Zoology vertebrates`, `Unspecified`",http://www.w3.org/1999/02/22-rdf-syntax-ns#Property,http://rs.tdwg.org/dwc/terms/attributes/ObjectGroup,False,True,2024-02-28,2024-02-28,ObjectGroup,http://rs.tdwg.org/ltc/terms/,http://rs.tdwg.org/ltc/terms/discipline,ltc:discipline,http://rs.tdwg.org/ltc/terms/discipline-2024-02-28,list,Discipline,Une classification de haut niveau de la discipline scientifique à laquelle les objets de la collection appartiennent ou sont liés.,,"Il est recommandé d'utiliser un vocabulaire contrôlé qui soit également commun à d'autres collections, objets et standards d'occurrence. Une liste suggérée est disponible à https://confluence.egi.eu/display/EGIG/Scientific+Disciplines"
dwc:,earliestAgeOrLowestStage,Earliest Age Or Lowest Stage,The full name of the earliest possible geochronologic age or lowest chronostratigraphic stage attributable to the stratigraphic horizon from which the cataloged item was collected.,The full name of the earliest possible geochronologic age or lowest chronostratigraphic stage attributable to the stratigraphic horizon from which objects in the collection originated.,"Recommended vocabularies: https://stratigraphy.org/chart, https://timescalefoundation.org/resources/geowhen/index.html","`Atlantic`, `Boreal`, `Frasnian`, `Hirnantian`, `Maastrichtian`, `Bridgerian`",http://www.w3.org/1999/02/22-rdf-syntax-ns#Property,http://rs.tdwg.org/dwc/terms/attributes/GeologicalContext,False,False,2024-02-28,2024-02-28,GeologicalContext,http://rs.tdwg.org/dwc/terms/,http://rs.tdwg.org/dwc/terms/earliestAgeOrLowestStage,dwc:earliestAgeOrLowestStage,http://rs.tdwg.org/ltc/terms/earliestAgeOrLowestStage-2024-02-28,string,,,,
chrono:,earliestChronometricAge,Earliest Chronometric Age,The maximum/earliest/oldest possible age of a specimen as determined by a dating method.,,"The expected unit for this field is years. This field, if populated, must have an associated earliestChronometricAgeReferenceSystem.",`100`,http://www.w3.org/1999/02/22-rdf-syntax-ns#Property,http://rs.tdwg.org/dwc/terms/attributes/ChronometricAge,False,False,2024-02-28,2024-02-28,ChronometricAge,http://rs.tdwg.org/chrono/terms/,http://rs.tdwg.org/chrono/terms/earliestChronometricAge,chrono:earliestChronometricAge,http://rs.tdwg.org/ltc/terms/earliestChronometricAge-2024-02-28,number,,,,
chrono:,earliestChronometricAgeReferenceSystem,Earliest Chronometric Age Reference System,The reference system associated with the earliestChronometricAge.,,,"`kya`, `mya`, `BP`, `AD`, `BCE`",http://www.w3.org/1999/02/22-rdf-syntax-ns#Property,http://rs.tdwg.org/dwc/terms/attributes/ChronometricAge,False,False,2024-02-28,2024-02-28,ChronometricAge,http://rs.tdwg.org/chrono/terms/,http://rs.tdwg.org/chrono/terms/earliestChronometricAgeReferenceSystem,chrono:earliestChronometricAgeReferenceSystem,http://rs.tdwg.org/ltc/terms/earliestChronometricAgeReferenceSystem-2024-02-28,string,,,,
dwc:,earliestEonOrLowestEonothem,Earliest Eon Or Lowest Eonothem,The full name of the earliest possible geochronologic eon or lowest chrono-stratigraphic eonothem or the informal name (Precambrian) attributable to the stratigraphic horizon from which the cataloged item was collected.,The full name of the earliest possible geochronologic eon or lowest chrono-stratigraphic eonothem or the informal name (Precambrian) attributable to the stratigraphic horizon from which the objects in the collection originated.,"Recommended vocabularies: https://stratigraphy.org/chart, https://timescalefoundation.org/resources/geowhen/index.html","`Phanerozoic`, `Proterozoic`, `Arechean`, `Hadean`",http://www.w3.org/1999/02/22-rdf-syntax-ns#Property,http://rs.tdwg.org/dwc/terms/attributes/GeologicalContext,False,False,2024-02-28,2024-02-28,GeologicalContext,http://rs.tdwg.org/dwc/terms/,http://rs.tdwg.org/dwc/terms/earliestEonOrLowestEonothem,dwc:earliestEonOrLowestEonothem,http://rs.tdwg.org/ltc/terms/earliestEonOrLowestEonothem-2024-02-28,string,,,,
dwc:,earliestEpochOrLowestSeries,Earliest Epoch Or Lowest Series,The full name of the earliest possible geochronologic epoch or lowest chronostratigraphic series attributable to the stratigraphic horizon from which the cataloged item was collected.,The full name of the earliest possible geochronologic epoch or lowest chronostratigraphic series attributable to the stratigraphic horizon from which objects in the collection originated.,"Recommended vocabularies: https://stratigraphy.org/chart, https://timescalefoundation.org/resources/geowhen/index.html","`Holocene`, `Pleistocene`, `Ibexian`, `Late Devonian`",http://www.w3.org/1999/02/22-rdf-syntax-ns#Property,http://rs.tdwg.org/dwc/terms/attributes/GeologicalContext,False,False,2024-02-28,2024-02-28,GeologicalContext,http://rs.tdwg.org/dwc/terms/,http://rs.tdwg.org/dwc/terms/earliestEpochOrLowestSeries,dwc:earliestEpochOrLowestSeries,http://rs.tdwg.org/ltc/terms/earliestEpochOrLowestSeries-2024-02-28,string,,,,
dwc:,earliestEraOrLowestErathem,Earliest Era Or Lowest Erathem,The full name of the earliest possible geochronologic era or lowest chronostratigraphic erathem attributable to the stratigraphic horizon from which the cataloged item was collected.,The full name of the earliest possible geochronologic era or lowest chronostratigraphic erathem attributable to the stratigraphic horizon from which the objects in the collection originated.,"Recommended vocabularies: https://stratigraphy.org/chart, https://timescalefoundation.org/resources/geowhen/index.html","`Cenozoic`, `Mesozoic`, `Paleozoic`, `Neoproterozoic`",http://www.w3.org/1999/02/22-rdf-syntax-ns#Property,http://rs.tdwg.org/dwc/terms/attributes/GeologicalContext,False,False,2024-02-28,2024-02-28,GeologicalContext,http://rs.tdwg.org/dwc/terms/,http://rs.tdwg.org/dwc/terms/earliestEraOrLowestErathem,dwc:earliestEraOrLowestErathem,http://rs.tdwg.org/ltc/terms/earliestEraOrLowestErathem-2024-02-28,string,,,,
dwc:,earliestPeriodOrLowestSystem,Earliest Period Or Lowest System,The full name of the earliest possible geochronologic period or lowest chronostratigraphic system attributable to the stratigraphic horizon from which the cataloged item was collected.,The full name of the earliest possible geochronologic period or lowest chronostratigraphic system attributable to the stratigraphic horizon from which objects in the collection originated.,"Recommended vocabularies: https://stratigraphy.org/chart, https://timescalefoundation.org/resources/geowhen/index.html","`Neogene`, `Quaternary`, `Jurassic`, `Devonian`",http://www.w3.org/1999/02/22-rdf-syntax-ns#Property,http://rs.tdwg.org/dwc/terms/attributes/GeologicalContext,False,False,2024-02-28,2024-02-28,GeologicalContext,http://rs.tdwg.org/dwc/terms/,http://rs.tdwg.org/dwc/terms/earliestPeriodOrLowestSystem,dwc:earliestPeriodOrLowestSystem,http://rs.tdwg.org/ltc/terms/earliestPeriodOrLowestSystem-2024-02-28,string,,,,
ltc:,ecoregion,Ecoregion,"An ecologically and geographically defined area that is smaller than a bioregion, which in turn is smaller than a biogeographic realm. Ecoregions cover relatively large areas of land or water, and contain characteristic, geographically distinct assemblages of natural communities and species.",,It is recommended to use controlled vocabularies such as those adopted by the World Wildlife Fund (WWF) / Global 200 (Olson et at. 1998).,"`Albertine Rift montane forests`, `Atlantic Equatorial coastal forests`, `Irrawaddy freshwater swamp forests`, `Adriatic Sea`, `Cortezian`, `Ningaloo`, `Ross Sea`",http://www.w3.org/1999/02/22-rdf-syntax-ns#Property,http://rs.tdwg.org/dwc/terms/attributes/EcologicalContext,False,False,2024-02-28,2024-02-28,EcologicalContext,http://rs.tdwg.org/ltc/terms/,http://rs.tdwg.org/ltc/terms/ecoregion,ltc:ecoregion,http://rs.tdwg.org/ltc/terms/ecoregion-2024-02-28,string,Écorégion,"Une zone écologiquement et géographiquement définie qui est plus petite qu'une biorégion, elle-même plus petite qu'un domaine biogéographique. Les écorégions couvrent des zones relativement vastes de terre ou d'eau et contiennent des assemblages caractéristiques et géographiquement distincts de communautés et d'espèces.",,Il est recommandé d'utiliser des vocabulaires contrôlés tels que ceux adoptés par le World Wildlife Fund (WWF) / Global 200 (Olson et al. 1998).
ltc:,ecosystem,Ecosystem,"A specific kind of ecological classification that considers all four elements of the definition of ecosystems: a biotic component, an abiotic complex, the interactions between and within them, and the physical space that they occupy.",,,"`Orjen, vegetation belt between 1,100 and 1,450 m, Oromediterranean zone, nemoral zone (temperate zone)`",http://www.w3.org/1999/02/22-rdf-syntax-ns#Property,http://rs.tdwg.org/dwc/terms/attributes/EcologicalContext,False,False,2024-02-28,2024-02-28,EcologicalContext,http://rs.tdwg.org/ltc/terms/,http://rs.tdwg.org/ltc/terms/ecosystem,ltc:ecosystem,http://rs.tdwg.org/ltc/terms/ecosystem-2024-02-28,string,Écosystème,"Un mode spécifique de classification écologique qui prend en compte les quatre éléments de la définition des écosystèmes : une composante biotique, un complexe abiotique, les interactions entre eux et au sein de ceux-ci, et l'espace physique qu'ils occupent.",,
ltc:,eventName,Event Name,The name commonly used to identify or refer to the event.,,,"`Trawl 3.42`, ` Voyage of the Rattlesnake 1846-1850`, `Donner-Reed Party`",http://www.w3.org/1999/02/22-rdf-syntax-ns#Property,http://rs.tdwg.org/dwc/terms/attributes/Event,False,False,2024-02-28,2024-02-28,Event,http://rs.tdwg.org/ltc/terms/,http://rs.tdwg.org/ltc/terms/eventName,ltc:eventName,http://rs.tdwg.org/ltc/terms/eventName-2024-02-28,string,Intitulé de l'événement,La dénomination communément utilisée pour identifier l'événement ou s'y référer.,,
schema:,familyName,Family Name,"Family name. In the U.S., the last name of a Person.",,,"`Jones`, `Keita`, `O'Rourke`, `Carreño Quiñones`",http://www.w3.org/1999/02/22-rdf-syntax-ns#Property,http://rs.tdwg.org/dwc/terms/attributes/Person,False,False,2024-02-28,2024-02-28,Person,https://schema.org/,https://schema.org/familyName,schema:familyName,http://rs.tdwg.org/ltc/terms/familyName-2024-02-28,string,,,,
dwc:,formation,Formation,The full name of the lithostratigraphic formation from which the cataloged item was collected.,The full name of the lithostratigraphic formation from which objects in the collection originated.,Recommended vocabulary: https://ngmdb.usgs.gov/Geolex/search,"`Notch Peak Formation`, ` House Limestone`, `Fillmore Formation`, `Redwall Limestone`",http://www.w3.org/1999/02/22-rdf-syntax-ns#Property,http://rs.tdwg.org/dwc/terms/attributes/GeologicalContext,False,False,2024-02-28,2024-02-28,GeologicalContext,http://rs.tdwg.org/dwc/terms/,http://rs.tdwg.org/dwc/terms/formation,dwc:formation,http://rs.tdwg.org/ltc/terms/formation-2024-02-28,string,,,,
abcd:,fullName,Full Name,String of the preferred form of personal name for displaying.,,,"`James Ewert Bradshaw`, `T. van Hooijdonk`",http://www.w3.org/1999/02/22-rdf-syntax-ns#Property,http://rs.tdwg.org/dwc/terms/attributes/Person,False,False,2024-02-28,2024-02-28,Person,http://rs.tdwg.org/abcd/terms/,http://rs.tdwg.org/abcd/terms/fullName,abcd:fullName,http://rs.tdwg.org/ltc/terms/fullName-2024-02-28,string,,,,
dwc:,genus,Genus,The full scientific name of the genus in which the taxon is classified.,The full scientific name of the genus in which the collection's taxa are classified.,,"`Puma`, `Monoclea`",http://www.w3.org/1999/02/22-rdf-syntax-ns#Property,http://rs.tdwg.org/dwc/terms/attributes/Taxon,False,False,2024-02-28,2024-02-28,Taxon,http://rs.tdwg.org/dwc/terms/,http://rs.tdwg.org/dwc/terms/genus,dwc:genus,http://rs.tdwg.org/ltc/terms/genus-2024-02-28,string,,,,
schema:,givenName,Given Name,"Given name. In the U.S., the first name of a Person.",,,"`Beth`, `John`, `María José`, `Björn`",http://www.w3.org/1999/02/22-rdf-syntax-ns#Property,http://rs.tdwg.org/dwc/terms/attributes/Person,False,False,2024-02-28,2024-02-28,Person,https://schema.org/,https://schema.org/givenName,schema:givenName,http://rs.tdwg.org/ltc/terms/givenName-2024-02-28,string,,,,
dwc:,group,Group,The full name of the lithostratigraphic group from which the cataloged item was collected.,The full name of the lithostratigraphic group from which the objects in the collection originated.,Recommended vocabulary: https://ngmdb.usgs.gov/Geolex/search,"`Bathurst`, `Wealden`, `Elk Mound`, `Supai`",http://www.w3.org/1999/02/22-rdf-syntax-ns#Property,http://rs.tdwg.org/dwc/terms/attributes/GeologicalContext,False,False,2024-02-28,2024-02-28,GeologicalContext,http://rs.tdwg.org/dwc/terms/,http://rs.tdwg.org/dwc/terms/group,dwc:group,http://rs.tdwg.org/ltc/terms/group-2024-02-28,string,,,,
ltc:,habitat,Habitat,A description of the type of environment in which an organism lives.,,,"`oak savanna`, `pre-cordilleran steppe`",http://www.w3.org/1999/02/22-rdf-syntax-ns#Property,http://rs.tdwg.org/dwc/terms/attributes/EcologicalContext,False,False,2024-02-28,2024-02-28,EcologicalContext,http://rs.tdwg.org/ltc/terms/,http://rs.tdwg.org/ltc/terms/habitat,ltc:habitat,http://rs.tdwg.org/ltc/terms/habitat-2024-02-28,string,Habitat,Une description du type d'environnement dans lequel vit un organisme.,,
ltc:,hasAddress,Has Address,This property refers to one or more related instances of the Address class.,,,,http://www.w3.org/1999/02/22-rdf-syntax-ns#Property,http://rs.tdwg.org/dwc/terms/attributes/OrganisationalUnit,False,False,2024-02-28,2024-02-28,OrganisationalUnit,http://rs.tdwg.org/ltc/terms/,http://rs.tdwg.org/ltc/terms/hasAddress,ltc:hasAddress,http://rs.tdwg.org/ltc/terms/hasAddress-2024-02-28,array<ltc:Address>,A pour Adresse,Cette propriété fait référence à une ou plusieurs instances associées de la classe Adress.,,
ltc:,hasChronometricAge,Has Chronometric Age,This property refers to one or more related instances of the ChronometricAge class.,,,,http://www.w3.org/1999/02/22-rdf-syntax-ns#Property,http://rs.tdwg.org/dwc/terms/attributes/ObjectGroup,False,False,2024-02-28,2024-02-28,ObjectGroup,http://rs.tdwg.org/ltc/terms/,http://rs.tdwg.org/ltc/terms/hasChronometricAge,ltc:hasChronometricAge,http://rs.tdwg.org/ltc/terms/hasChronometricAge-2024-02-28,array<ltc:ChronometricAge>,A pour Âge Chronométrique,Cette propriété fait référence à une ou plusieurs instances associées de la classe ChronometricAge.,,
ltc:,hasCollectionStatusHistory,Has Collection Status History,This property refers to one or more related instances of the CollectionStatusHistory class.,,,,http://www.w3.org/1999/02/22-rdf-syntax-ns#Property,http://rs.tdwg.org/dwc/terms/attributes/ObjectGroup,False,False,2024-02-28,2024-02-28,ObjectGroup,http://rs.tdwg.org/ltc/terms/,http://rs.tdwg.org/ltc/terms/hasCollectionStatusHistory,ltc:hasCollectionStatusHistory,http://rs.tdwg.org/ltc/terms/hasCollectionStatusHistory-2024-02-28,array<ltc:CollectionStatusHistory>,A pour Historique des Statuts de Collection,Cette propriété fait référence à une ou plusieurs instances associées de la classe CollectionStatusHistory.,,
ltc:,hasContactDetail,Has Contact Detail,This property refers to one or more related instances of the ContactDetail class.,,,,http://www.w3.org/1999/02/22-rdf-syntax-ns#Property,http://rs.tdwg.org/dwc/terms/attributes/OrganisationalUnit,False,False,2024-02-28,2024-02-28,OrganisationalUnit,http://rs.tdwg.org/ltc/terms/,http://rs.tdwg.org/ltc/terms/hasContactDetail,ltc:hasContactDetail,http://rs.tdwg.org/ltc/terms/hasContactDetail-2024-02-28,array<ltc:ContactDetail>,A pour Coordonnées,Cette propriété fait référence à une ou plusieurs instances associées de la classe ContactDetail.,,
ltc:,hasEcologicalContext,Has Ecological Context,This property refers to one or more related instances of the EcologicalContext class.,,,,http://www.w3.org/1999/02/22-rdf-syntax-ns#Property,http://rs.tdwg.org/dwc/terms/attributes/Event,False,False,2024-02-28,2024-02-28,Event,http://rs.tdwg.org/ltc/terms/,http://rs.tdwg.org/ltc/terms/hasEcologicalContext,ltc:hasEcologicalContext,http://rs.tdwg.org/ltc/terms/hasEcologicalContext-2024-02-28,array<ltc:EcologicalContext>,A pour Contexte Écologique,Cette propriété fait référence à une ou plusieurs instances associées de la classe EcologicalContext.,,
ltc:,hasEvent,Has Event,This property refers to one or more related instances of the Event class.,,,,http://www.w3.org/1999/02/22-rdf-syntax-ns#Property,http://rs.tdwg.org/dwc/terms/attributes/ObjectGroup,False,False,2024-02-28,2024-02-28,ObjectGroup,http://rs.tdwg.org/ltc/terms/,http://rs.tdwg.org/ltc/terms/hasEvent,ltc:hasEvent,http://rs.tdwg.org/ltc/terms/hasEvent-2024-02-28,array<ltc:Event>,A pour Événement,Cette propriété fait référence à une ou plusieurs instances associées de la classe Event.,,
ltc:,hasGeographicContext,Has Geographic Context,This property refers to one or more related instances of the GeographicContext class.,,,,http://www.w3.org/1999/02/22-rdf-syntax-ns#Property,http://rs.tdwg.org/dwc/terms/attributes/Event,False,False,2024-02-28,2024-02-28,Event,http://rs.tdwg.org/ltc/terms/,http://rs.tdwg.org/ltc/terms/hasGeographicContext,ltc:hasGeographicContext,http://rs.tdwg.org/ltc/terms/hasGeographicContext-2024-02-28,array<ltc:GeographicContext>,A pour Contexte Géographique,Cette propriété fait référence à une ou plusieurs instances associées de la classe GeographicContext.,,
ltc:,hasGeologicalContext,Has Geological Context,This property refers to one or more related instances of the GeologicalContext class.,,,,http://www.w3.org/1999/02/22-rdf-syntax-ns#Property,http://rs.tdwg.org/dwc/terms/attributes/ObjectGroup,False,False,2024-02-28,2024-02-28,ObjectGroup,http://rs.tdwg.org/ltc/terms/,http://rs.tdwg.org/ltc/terms/hasGeologicalContext,ltc:hasGeologicalContext,http://rs.tdwg.org/ltc/terms/hasGeologicalContext-2024-02-28,array<ltc:GeologicalContext>,A pour Contexte Géologique,Cette propriété fait référence à une ou plusieurs instances associées de la classe GeologicalContext.,,
ltc:,hasIdentifier,Has Identifier,This property refers to one or more related instances of the Identifier class.,,,,http://www.w3.org/1999/02/22-rdf-syntax-ns#Property,http://rs.tdwg.org/dwc/terms/attributes/Address,False,False,2024-02-28,2024-02-28,Address,http://rs.tdwg.org/ltc/terms/,http://rs.tdwg.org/ltc/terms/hasIdentifier,ltc:hasIdentifier,http://rs.tdwg.org/ltc/terms/hasIdentifier-2024-02-28,array<ltc:Identifier>,A pour Identifiant,Cette propriété fait référence à une ou plusieurs instances associées de la classe Identifier.,,
ltc:,hasMeasurementOrFact,Has Measurement Or Fact,This property refers to one or more related instances of the MeasurementOrFact class.,,,,http://www.w3.org/1999/02/22-rdf-syntax-ns#Property,http://rs.tdwg.org/dwc/terms/attributes/ChronometricAge,False,False,2024-02-28,2024-02-28,ChronometricAge,http://rs.tdwg.org/ltc/terms/,http://rs.tdwg.org/ltc/terms/hasMeasurementOrFact,ltc:hasMeasurementOrFact,http://rs.tdwg.org/ltc/terms/hasMeasurementOrFact-2024-02-28,array<ltc:MeasurementOrFact>,A pour Mesure ou Fait,Cette propriété fait référence à une ou plusieurs instances associées de la classe MeasurementOrFact.,,
ltc:,hasObjectClassification,Has Object Classification,This property refers to one or more related instances of the ObjectClassification class.,,,,http://www.w3.org/1999/02/22-rdf-syntax-ns#Property,http://rs.tdwg.org/dwc/terms/attributes/ObjectGroup,False,False,2024-02-28,2024-02-28,ObjectGroup,http://rs.tdwg.org/ltc/terms/,http://rs.tdwg.org/ltc/terms/hasObjectClassification,ltc:hasObjectClassification,http://rs.tdwg.org/ltc/terms/hasObjectClassification-2024-02-28,array<ltc:ObjectClassification>,A pour Classification de l'Objet,Cette propriété fait référence à une ou plusieurs instances associées de la classe ObjectClassification.,,
ltc:,hasObjectGroup,Has Object Group,This property refers to one or more related instances of the ObjectGroup class.,,,,http://www.w3.org/1999/02/22-rdf-syntax-ns#Property,http://rs.tdwg.org/dwc/terms/attributes/LatimerCoreScheme,False,False,2024-02-28,2024-02-28,LatimerCoreScheme,http://rs.tdwg.org/ltc/terms/,http://rs.tdwg.org/ltc/terms/hasObjectGroup,ltc:hasObjectGroup,http://rs.tdwg.org/ltc/terms/hasObjectGroup-2024-02-28,array<ltc:ObjectGroup>,A pour Groupe d'Objet,Cette propriété fait référence à une ou plusieurs instances associées de la classe ObjectGroup.,,
ltc:,hasOrganisationalUnit,Has Organisational Unit,This property refers to one or more related instances of the OrganisationalUnit class.,,,,http://www.w3.org/1999/02/22-rdf-syntax-ns#Property,http://rs.tdwg.org/dwc/terms/attributes/ObjectGroup,False,False,2024-02-28,2024-02-28,ObjectGroup,http://rs.tdwg.org/ltc/terms/,http://rs.tdwg.org/ltc/terms/hasOrganisationalUnit,ltc:hasOrganisationalUnit,http://rs.tdwg.org/ltc/terms/hasOrganisationalUnit-2024-02-28,array<ltc:OrganisationalUnit>,A pour entité organisationnelle,Cette propriété fait référence à une ou plusieurs instances associées de la classe OrganisationalUnit.,,
ltc:,hasParentEvent,Has Parent Event,This property refers to one or more related parent instances of the Event class.,This term should only contain Events that can be considered to be a parent of the current instance.,,,http://www.w3.org/1999/02/22-rdf-syntax-ns#Property,http://rs.tdwg.org/dwc/terms/attributes/Event,False,False,2024-02-28,2024-02-28,Event,http://rs.tdwg.org/ltc/terms/,http://rs.tdwg.org/ltc/terms/hasParentEvent,ltc:hasParentEvent,http://rs.tdwg.org/ltc/terms/hasParentEvent-2024-02-28,array<ltc:Event>,A pour Événement Père,Cette propriété fait référence à une ou plusieurs instances parentales de la classe Event.,Ce terme ne doit contenir que les Events qui peuvent être considérés comme des parents de l'instance considérée.,
ltc:,hasParentObjectClassification,Has Parent Object Classification,This property refers to one or more related parent instances of the ObjectClassification class.,,,,http://www.w3.org/1999/02/22-rdf-syntax-ns#Property,http://rs.tdwg.org/dwc/terms/attributes/ObjectClassification,False,False,2024-02-28,2024-02-28,ObjectClassification,http://rs.tdwg.org/ltc/terms/,http://rs.tdwg.org/ltc/terms/hasParentObjectClassification,ltc:hasParentObjectClassification,http://rs.tdwg.org/ltc/terms/hasParentObjectClassification-2024-02-28,array<ltc:ObjectClassification>,A pour Parent dans la Classification de l'Objet,Cette propriété fait référence à une ou plusieurs instances parentales de la classe ObjectClassification.,,
ltc:,hasParentOrganisationalUnit,Has Parent Organisational Unit,This property refers to one or more related parent instances of the OrganisationalUnit class.,,,,http://www.w3.org/1999/02/22-rdf-syntax-ns#Property,http://rs.tdwg.org/dwc/terms/attributes/OrganisationalUnit,False,False,2024-02-28,2024-02-28,OrganisationalUnit,http://rs.tdwg.org/ltc/terms/,http://rs.tdwg.org/ltc/terms/hasParentOrganisationalUnit,ltc:hasParentOrganisationalUnit,http://rs.tdwg.org/ltc/terms/hasParentOrganisationalUnit-2024-02-28,array<ltc:OrganisationalUnit>,A pour Entité Organisationnelle Mère,Cette propriété fait référence à une ou plusieurs instances parentales de la classe OrganisationalUnit.,,
ltc:,hasParentStorageLocation,Has Parent Storage Location,This property refers to one or more related parent instances of the StorageLocation class.,,,,http://www.w3.org/1999/02/22-rdf-syntax-ns#Property,http://rs.tdwg.org/dwc/terms/attributes/StorageLocation,False,False,2024-02-28,2024-02-28,StorageLocation,http://rs.tdwg.org/ltc/terms/,http://rs.tdwg.org/ltc/terms/hasParentStorageLocation,ltc:hasParentStorageLocation,http://rs.tdwg.org/ltc/terms/hasParentStorageLocation-2024-02-28,array<ltc:StorageLocation>,A pour Lieu de Stockage Père,Cette propriété fait référence à une ou plusieurs instances parentales de la classe StorageLocation.,,
ltc:,hasPerson,Has Person,This property refers to one or more related instances of the Person class.,,,,http://www.w3.org/1999/02/22-rdf-syntax-ns#Property,http://rs.tdwg.org/dwc/terms/attributes/PersonRole,False,False,2024-02-28,2024-02-28,PersonRole,http://rs.tdwg.org/ltc/terms/,http://rs.tdwg.org/ltc/terms/hasPerson,ltc:hasPerson,http://rs.tdwg.org/ltc/terms/hasPerson-2024-02-28,array<ltc:Person>,A pour Personne,Cette propriété fait référence à une ou plusieurs instances associées de la classe Person.,,
ltc:,hasPersonRole,Has Person Role,This property refers to one or more related instances of the PersonRole class.,,,,http://www.w3.org/1999/02/22-rdf-syntax-ns#Property,http://rs.tdwg.org/dwc/terms/attributes/Event,False,False,2024-02-28,2024-02-28,Event,http://rs.tdwg.org/ltc/terms/,http://rs.tdwg.org/ltc/terms/hasPersonRole,ltc:hasPersonRole,http://rs.tdwg.org/ltc/terms/hasPersonRole-2024-02-28,array<ltc:PersonRole>,A pour Rôle,Cette propriété fait référence à une ou plusieurs instances associées de la classe PersonRole.,,
ltc:,hasReference,Has Reference,This property refers to one or more related instances of the Reference class.,,,,http://www.w3.org/1999/02/22-rdf-syntax-ns#Property,http://rs.tdwg.org/dwc/terms/attributes/ChronometricAge,False,False,2024-02-28,2024-02-28,ChronometricAge,http://rs.tdwg.org/ltc/terms/,http://rs.tdwg.org/ltc/terms/hasReference,ltc:hasReference,http://rs.tdwg.org/ltc/terms/hasReference-2024-02-28,array<ltc:Reference>,A pour Référence,Cette propriété fait référence à une ou plusieurs instances associées de la classe Reference.,,
ltc:,hasResourceRelationship,Has Resource Relationship,This property refers to one or more related instances of the ResourceRelationship class.,,,,http://www.w3.org/1999/02/22-rdf-syntax-ns#Property,http://rs.tdwg.org/dwc/terms/attributes/ObjectGroup,False,False,2024-02-28,2024-02-28,ObjectGroup,http://rs.tdwg.org/ltc/terms/,http://rs.tdwg.org/ltc/terms/hasResourceRelationship,ltc:hasResourceRelationship,http://rs.tdwg.org/ltc/terms/hasResourceRelationship-2024-02-28,array<ltc:ResourceRelationship>,A pour Relation entre les Ressources,Cette propriété fait référence à une ou plusieurs instances associées de la classe ResourceRelationship.,,
ltc:,hasRole,Has Role,This property refers to one or more related instances of the Role class.,,This property maps to the PROV-O property hadRole (http://www.w3.org/ns/prov#hadRole).,,http://www.w3.org/1999/02/22-rdf-syntax-ns#Property,http://rs.tdwg.org/dwc/terms/attributes/PersonRole,False,True,2024-02-28,2024-02-28,PersonRole,http://rs.tdwg.org/ltc/terms/,http://rs.tdwg.org/ltc/terms/hasRole,ltc:hasRole,http://rs.tdwg.org/ltc/terms/hasRole-2024-02-28,array<ltc:Role>,A pour Rôle,Cette propriété fait référence à une ou plusieurs instances associées de la classe Role.,,Cette propriété correspond à la propriété hadRole du PROV-O (http://www.w3.org/ns/prov#hadRole).
ltc:,hasSchemeMeasurementOrFact,Has Scheme Measurement Or Fact,This property refers to one or more related instances of the SchemeMeasurementOrFact class.,,,,http://www.w3.org/1999/02/22-rdf-syntax-ns#Property,http://rs.tdwg.org/dwc/terms/attributes/LatimerCoreScheme,False,False,2024-02-28,2024-02-28,LatimerCoreScheme,http://rs.tdwg.org/ltc/terms/,http://rs.tdwg.org/ltc/terms/hasSchemeMeasurementOrFact,ltc:hasSchemeMeasurementOrFact,http://rs.tdwg.org/ltc/terms/hasSchemeMeasurementOrFact-2024-02-28,array<ltc:SchemeMeasurementOrFact>,A pour Mesure ou Fait du Modèle,Cette propriété fait référence à une ou plusieurs instances associées de la classe SchemeMeasurementOrFact.,,
ltc:,hasSchemeTerm,Has Scheme Term,This property refers to one or more related instances of the SchemeTerm class.,,,,http://www.w3.org/1999/02/22-rdf-syntax-ns#Property,http://rs.tdwg.org/dwc/terms/attributes/LatimerCoreScheme,False,False,2024-02-28,2024-02-28,LatimerCoreScheme,http://rs.tdwg.org/ltc/terms/,http://rs.tdwg.org/ltc/terms/hasSchemeTerm,ltc:hasSchemeTerm,http://rs.tdwg.org/ltc/terms/hasSchemeTerm-2024-02-28,array<ltc:SchemeTerm>,A pour Terme du Modèle,Cette propriété fait référence à une ou plusieurs instances associées de la classe SchemeTerm.,,
ltc:,hasStorageLocation,Has Storage Location,This property refers to one or more related instances of the StorageLocation class.,,,,http://www.w3.org/1999/02/22-rdf-syntax-ns#Property,http://rs.tdwg.org/dwc/terms/attributes/ObjectGroup,False,False,2024-02-28,2024-02-28,ObjectGroup,http://rs.tdwg.org/ltc/terms/,http://rs.tdwg.org/ltc/terms/hasStorageLocation,ltc:hasStorageLocation,http://rs.tdwg.org/ltc/terms/hasStorageLocation-2024-02-28,array<ltc:StorageLocation>,A pour Lieu de Stockage,Cette propriété fait référence à une ou plusieurs instances associées de la classe StorageLocation.,,
ltc:,hasTaxon,Has Taxon,This property refers to one or more related instances of the Taxon class.,,,,http://www.w3.org/1999/02/22-rdf-syntax-ns#Property,http://rs.tdwg.org/dwc/terms/attributes/ObjectGroup,False,False,2024-02-28,2024-02-28,ObjectGroup,http://rs.tdwg.org/ltc/terms/,http://rs.tdwg.org/ltc/terms/hasTaxon,ltc:hasTaxon,http://rs.tdwg.org/ltc/terms/hasTaxon-2024-02-28,array<ltc:Taxon>,A pour Taxon,Cette propriété fait référence à une ou plusieurs instances associées de la classe Taxon.,,
ltc:,hasTemporalCoverage,Has Temporal Coverage,This property refers to one or more related instances of the TemporalCoverage class.,,,,http://www.w3.org/1999/02/22-rdf-syntax-ns#Property,http://rs.tdwg.org/dwc/terms/attributes/CollectionStatusHistory,False,False,2024-02-28,2024-02-28,CollectionStatusHistory,http://rs.tdwg.org/ltc/terms/,http://rs.tdwg.org/ltc/terms/hasTemporalCoverage,ltc:hasTemporalCoverage,http://rs.tdwg.org/ltc/terms/hasTemporalCoverage-2024-02-28,array<ltc:TemporalCoverage>,A pour Couverture Temporelle,Cette propriété fait référence à une ou plusieurs instances associées de la classe TemporalCoverage.,,
ltc:,identifierSource,Identifier Source,The source or creator of the identifier.,,"This term refers to the organisation, framework, software or database that minted the identifier represented in the identifier property.","`Index Herbariorum`, `GBIF Registry of Scientific Collections (GRSciColl)`, `CITES`, `IPEN`, `NHM UK 'Join the Dots' framework`",http://www.w3.org/1999/02/22-rdf-syntax-ns#Property,http://rs.tdwg.org/dwc/terms/attributes/Identifier,False,False,2024-02-28,2024-02-28,Identifier,http://rs.tdwg.org/ltc/terms/,http://rs.tdwg.org/ltc/terms/identifierSource,ltc:identifierSource,http://rs.tdwg.org/ltc/terms/identifierSource-2024-02-28,string,Source de l'Identifiant,La source ou le créateur de l'identifiant.,,"Ce terme fait référence à l'organisation, au dispositif, au logiciel ou à la base de données qui a créé l'identifiant représenté dans la propriété identifier."
ltc:,identifierType,Identifier Type,The type and format of the value in the identifier field.,,This property should be used to help people and software understand how the identifier can be used (e.g. whether it's a resolvable IRI) and validate the identifier based on format and composition (e.g. a valid UUID).,"`Acronym`, `IRI`, `UUID v4`",http://www.w3.org/1999/02/22-rdf-syntax-ns#Property,http://rs.tdwg.org/dwc/terms/attributes/Identifier,True,False,2024-02-28,2024-02-28,Identifier,http://rs.tdwg.org/ltc/terms/,http://rs.tdwg.org/ltc/terms/identifierType,ltc:identifierType,http://rs.tdwg.org/ltc/terms/identifierType-2024-02-28,string,Type d'Identifiant,Le type et le format de la valeur du champ identifier.,,"Cette propriété doit être utilisée pour aider les personnes et les logiciels à comprendre comment l'identifiant peut être utilisé (par exemple, s'il s'agit d'un IRI résoluble) et à valider l'identifiant sur la base de son format et de sa composition (par exemple, un UUID valide)."
ltc:,identifierValue,Identifier,"A textual or numeric identifier, acronym or IRI that provides an unambiguous reference for an entity within a given context.",,"This may be a simple value or resolvable IRI, and can reflect any identifier used to identify an entity (such as a collection, taxon, institution or person) included in the Collection Description.","`http://grscicoll.org/institutional-collection/osteology`, `https://www.gbif.org/grscicoll/collection/64232ca4-fd5a-4a3d-a1d5-ef812107472c`, `https://www.gbif.org/grscicoll/institution/52827361-5e82-43b7-b92a-f6ad98367fa5`, `http://sweetgum.nybg.org/science/ih/herbarium-details/?irn=126969`, `10.5072/example-full`, `NHMUK-Verts`, `BGBM`",http://www.w3.org/1999/02/22-rdf-syntax-ns#Property,http://rs.tdwg.org/dwc/terms/attributes/Identifier,True,False,2024-02-28,2024-02-28,Identifier,http://rs.tdwg.org/ltc/terms/,http://rs.tdwg.org/ltc/terms/identifierValue,ltc:identifierValue,http://rs.tdwg.org/ltc/terms/identifierValue-2024-02-28,string,Identifiant,"Un identifiant textuel ou numérique, un acronyme ou un IRI qui fournit une référence non ambiguë pour une entité dans un contexte donné.",,"Il peut s'agir d'une simple valeur ou d'un IRI résoluble, et peut refléter tout identifiant utilisé pour identifier une entité (telle qu'une collection, un taxon, une institution ou une personne) incluse dans la description de la collection."
ltc:,isCurrentCollection,Is Current Collection,A flag to indicate whether the collection still exists as a single entity.,,Use this to indicate if the record describes the entirety of a known historical collection. If only part of the collection is present the value is 'false'.,`true` `false`,http://www.w3.org/1999/02/22-rdf-syntax-ns#Property,http://rs.tdwg.org/dwc/terms/attributes/ObjectGroup,False,False,2024-02-28,2024-02-28,ObjectGroup,http://rs.tdwg.org/ltc/terms/,http://rs.tdwg.org/ltc/terms/isCurrentCollection,ltc:isCurrentCollection,http://rs.tdwg.org/ltc/terms/isCurrentCollection-2024-02-28,boolean,Est la Collection Actuelle,Un indicateur permettant de savoir si la collection existe toujours en tant qu'entité distincte.,,"Cette valeur indique si l'enregistrement décrit l'intégralité d'une collection historique connue. Si seule une partie de la collection est présente, la valeur doit être « false »."
ltc:,isDerivedCollection,Is Derived Collection,A flag to indicate that the collection description has been generated by aggregating data from one or more underlying datasets of its individual objects.,,"If `true`, the LtC record has been wholly generated through the synthesis of existing digital records, such as by a programmatic aggregation of specimen records. If `false`, the LtC record is known to have been generated through some other method, such as in response to an institutional survey. Leaving this field blank indicates that the method used to construct the record is unknown or has yet to be recorded.","`true`, `false`",http://www.w3.org/1999/02/22-rdf-syntax-ns#Property,http://rs.tdwg.org/dwc/terms/attributes/RecordLevel,False,False,2024-02-28,2024-02-28,RecordLevel,http://rs.tdwg.org/ltc/terms/,http://rs.tdwg.org/ltc/terms/isDerivedCollection,ltc:isDerivedCollection,http://rs.tdwg.org/ltc/terms/isDerivedCollection-2024-02-28,boolean,Est une Collection Dérivée,Un indicateur qui signale que la description de la collection a été générée par l'agrégation de données provenant d'un ou de plusieurs ensembles de données sous-jacents de ses objets individuels.,,"Si `true`, l'enregistrement LtC a été entièrement généré par la synthèse d'enregistrements numériques existants, comme par une agrégation informatisée d'enregistrements de spécimens. Si `false`, l'enregistrement LtC est réputé avoir été généré par une autre méthode, par exemple en réponse à une demande institutionnelle. Le fait de laisser ce champ vide indique que la méthode utilisée pour construire l'enregistrement est inconnue ou n'a pas encore été répertoriée."
ltc:,isDistinctObjects,Is Distinct Objects,A flag to designate whether a physical object may be described by more than one ObjectGroup within the LatimerCoreScheme.,,"If isDistinctObjects is set to 'true', then no collection object should be covered by more than one object group within the LatimerCoreScheme. This is important for aggregating and reporting on metrics such as object counts, as it prevents any physical object from being counted more than once.","`true`, `false`",http://www.w3.org/1999/02/22-rdf-syntax-ns#Property,http://rs.tdwg.org/dwc/terms/attributes/LatimerCoreScheme,True,False,2024-02-28,2024-02-28,LatimerCoreScheme,http://rs.tdwg.org/ltc/terms/,http://rs.tdwg.org/ltc/terms/isDistinctObjects,ltc:isDistinctObjects,http://rs.tdwg.org/ltc/terms/isDistinctObjects-2024-02-28,boolean,Sont des Objets Distincts,Un indicateur permettant de déterminer si un objet physique peut être décrit par plus d'un ObjectGroup au sein du LatimerCoreScheme.,,"Si isDistinctObjects a pour valeur « true », aucun objet de la collection ne doit être couvert par plus d'un groupe d'objets au sein du LatimerCoreScheme. Ceci est important pour l'agrégation et l'établissement de rapports sur des statistiques telles que le nombre d'objets, car cela évite qu'un objet physique soit comptabilisé plusieurs fois."
ltc:,isKnownToContainTypes,Is Known To Contain Types,Flag property to indicate that the collection is known to include type specimens.,,`true` - this collection contains types; `false` - this collections does not contain types,`true` `false`,http://www.w3.org/1999/02/22-rdf-syntax-ns#Property,http://rs.tdwg.org/dwc/terms/attributes/ObjectGroup,False,False,2024-02-28,2024-02-28,ObjectGroup,http://rs.tdwg.org/ltc/terms/,http://rs.tdwg.org/ltc/terms/isKnownToContainTypes,ltc:isKnownToContainTypes,http://rs.tdwg.org/ltc/terms/isKnownToContainTypes-2024-02-28,boolean,Est réputée contenir des types,Propriété de signalement pour indiquer que la collection est réputée inclure des spécimens types.,,`true` - cette collection contient des types ; `false` - cette collection ne contient pas de types
ltc:,isMandatoryMetric,Is Mandatory Metric,A flag to designate whether it is mandatory or optional for every collection description within the LatimerCoreScheme to include the measurement or fact defined by the schemeMeasurementType property.,,This flag can be used for software automation and data validation.,"`true`, `false`",http://www.w3.org/1999/02/22-rdf-syntax-ns#Property,http://rs.tdwg.org/dwc/terms/attributes/SchemeMeasurementOrFact,True,False,2024-02-28,2024-02-28,SchemeMeasurementOrFact,http://rs.tdwg.org/ltc/terms/,http://rs.tdwg.org/ltc/terms/isMandatoryMetric,ltc:isMandatoryMetric,http://rs.tdwg.org/ltc/terms/isMandatoryMetric-2024-02-28,boolean,Est une Statistique Obligatoire,Un indicateur indiquant s'il est obligatoire ou facultatif pour chaque description de collection dans le LatimerCoreScheme d'inclure la mesure ou le fait défini par la propriété schemeMeasurementType.,,Cet indicateur peut être utilisé pour l'automatisation des logiciels et la validation des données.
ltc:,isMandatoryTerm,Is Mandatory Term,A flag to designate whether it is mandatory or optional for all ObjectGroups in the LatimerCoreScheme to include or be linked to valid data for the class or property defined in the termName property.,,"This flag can be used for software automation and data validation. For example, if the termName is 'preservationMethod' (a property) and isMandatoryTerm is 'true', then an interface or query should always expect a value for that property, and can validate against that expectation. If the termName is Taxon (a class) and isMandatoryTerm is 'true', then similarly the expectation will be that at least one populated Taxon object is linked to every ObjectGroup. If the isRepeatableTerm property is set to 'false', then the expectation will be that exactly one populated Taxon object is linked to every ObjectGroup and no more.","`true`, `false`",http://www.w3.org/1999/02/22-rdf-syntax-ns#Property,http://rs.tdwg.org/dwc/terms/attributes/SchemeTerm,True,False,2024-02-28,2024-02-28,SchemeTerm,http://rs.tdwg.org/ltc/terms/,http://rs.tdwg.org/ltc/terms/isMandatoryTerm,ltc:isMandatoryTerm,http://rs.tdwg.org/ltc/terms/isMandatoryTerm-2024-02-28,boolean,Est un Terme Obligatoire,Un indicateur pour déterminer s'il est obligatoire ou facultatif pour tous les ObjectGroups du LatimerCoreScheme d'inclure ou d'être liés à des données valides pour la classe ou la propriété définie dans termName.,,"Cet indicateur peut être utilisé pour l'automatisation des logiciels et la validation des données. Par exemple, si le nom du terme est « preservationMethod » (une propriété) et que isMandatoryTerm est « true », une interface ou une requête doit toujours demander une valeur pour cette propriété, et peut contrôler cette exigence. Si termName est Taxon (une classe) et que isMandatoryTerm est « true », il est attendu qu'au moins un objet Taxon renseigné soit lié à chaque ObjectGroup. Si la propriété isRepeatableTerm a la valeur « false », il est attendu qu'un seul et unique objet Taxon renseigné soit lié à chaque ObjectGroup."
ltc:,isRepeatableMetric,Is Repeatable Metric,A flag to designate whether multiple instances of the same schemeMeasurementType may be attached to a single entity.,,"For example, this property can be used to stipulate that, using the MeasurementOrFact class, only one 'Object count' may be attached to an ObjectGroup, but multiple 'Curator notes' may be attached to the same ObjectGroup.","`true`, `false`",http://www.w3.org/1999/02/22-rdf-syntax-ns#Property,http://rs.tdwg.org/dwc/terms/attributes/SchemeMeasurementOrFact,True,False,2024-02-28,2024-02-28,SchemeMeasurementOrFact,http://rs.tdwg.org/ltc/terms/,http://rs.tdwg.org/ltc/terms/isRepeatableMetric,ltc:isRepeatableMetric,http://rs.tdwg.org/ltc/terms/isRepeatableMetric-2024-02-28,boolean,Est une Statistique Répétable,Un indicateur permettant de déterminer si plusieurs instances du même schemeMeasurementType peuvent être rattachées à une seule entité.,,"Par exemple, cette propriété peut être utilisée pour préciser qu'en utilisant la classe MeasurementOrFact, un seul 'Object count' peut être associé à un ObjectGroup, mais que plusieurs 'Curator notes' peuvent être associées au même ObjectGroup."
ltc:,isRepeatableTerm,Is Repeatable Term,A flag to designate whether multiple instances of the Latimer Core class or property defined in the termName property may be attached to a single ObjectGroup.,,"This property essentially defines whether the property or class is used for a 'tagging' approach (e.g. attaching multiple Taxon records to the same ObjectGroup to reflect the taxonomic scope, or a 'dimensional' approach (e.g. attaching a single GeologicalContext to an ObjectGroup, to show that it represents only objects from the Mesozoic). This has implications on how metrics may be handled, and more information is available in the non-normative guidance.","`true`, `false`",http://www.w3.org/1999/02/22-rdf-syntax-ns#Property,http://rs.tdwg.org/dwc/terms/attributes/SchemeTerm,True,False,2024-02-28,2024-02-28,SchemeTerm,http://rs.tdwg.org/ltc/terms/,http://rs.tdwg.org/ltc/terms/isRepeatableTerm,ltc:isRepeatableTerm,http://rs.tdwg.org/ltc/terms/isRepeatableTerm-2024-02-28,boolean,Est un Terme Répétable,Un indicateur permettant de déterminer si plusieurs instances de la classe ou de la propriété Latimer Core définie dans la propriété termName peuvent être attachées à un seul ObjectGroup.,,"Cette propriété définit en substance si la propriété ou la classe est utilisée dans le cadre d'une approche de « marquage » (par exemple, attacher plusieurs enregistrements Taxon au même ObjectGroup pour refléter la couverture taxonomique) ou d'une approche « dimensionnelle » (par exemple, attacher un seul GeologicalContext à un ObjectGroup pour montrer qu'il ne représente que des objets du Mésozoïque). Cela a des implications sur la manière dont les mesures peuvent être traitées. De plus amples informations sont disponibles dans les guides non normatifs."
ltc:,isTopParent,Is Top Parent,A flag to indicate that the current instance of ObjectClassification is at the top of the hierarchy represented by multiple nested instances of the class.,"If this term is used, it should be set to `true` in the instance of ObjectClassification which represents the highest level of a hierarchy and `false` in the rest. If the direction of the hierarchy is self-evident or otherwise not notable, this term should not be populated. ",,"`true`, `false`",http://www.w3.org/1999/02/22-rdf-syntax-ns#Property,http://rs.tdwg.org/dwc/terms/attributes/ObjectClassification,False,False,2024-02-28,2024-02-28,ObjectClassification,http://rs.tdwg.org/ltc/terms/,http://rs.tdwg.org/ltc/terms/isTopParent,ltc:isTopParent,http://rs.tdwg.org/ltc/terms/isTopParent-2024-02-28,boolean,Est le Parent le plus Inclusif,Un indicateur qui signale que l'instance actuelle de ObjectClassification se trouve au sommet de la hiérarchie représentée par plusieurs instances imbriquées de la classe.,"Si ce terme est utilisé, il doit être mis à `true` dans l'instance d'ObjectClassification qui représente le plus haut niveau d'une hiérarchie et à `false` dans les autres. Si la direction de la hiérarchie est évidente ou si elle n'est pas significative, ce terme ne doit pas être renseigné. ",
dwc:,island,Island,The name of the island on or near which the Location occurs.,The name of the island on or near which the GeographicContext is located.,Recommended best practice is to use a controlled vocabulary such as the Getty Thesaurus of Geographic Names.,"`Nosy Be`, `Bikini Atoll`, `Vancouver`, `Viti Levu`, `Zanzibar`",http://www.w3.org/1999/02/22-rdf-syntax-ns#Property,http://rs.tdwg.org/dwc/terms/attributes/GeographicContext,False,False,2024-02-28,2024-02-28,GeographicContext,http://rs.tdwg.org/dwc/terms/,http://rs.tdwg.org/dwc/terms/island,dwc:island,http://rs.tdwg.org/ltc/terms/island-2024-02-28,string,,,,
dwc:,islandGroup,Island Group,The name of the island group in which the Location occurs.,The name of the island group in which the location occurs.,Recommended best practice is to use a controlled vocabulary such as the Getty Thesaurus of Geographic Names.,"`Alexander Archipelago`, `Archipiélago Diego Ramírez`, `Seychelles`",http://www.w3.org/1999/02/22-rdf-syntax-ns#Property,http://rs.tdwg.org/dwc/terms/attributes/GeographicContext,False,False,2024-02-28,2024-02-28,GeographicContext,http://rs.tdwg.org/dwc/terms/,http://rs.tdwg.org/dwc/terms/islandGroup,dwc:islandGroup,http://rs.tdwg.org/ltc/terms/islandGroup-2024-02-28,string,,,,
dwc:,kingdom,Kingdom,The full scientific name of the kingdom in which the taxon is classified.,The full scientific name of the kingdom in which the taxa in the collection are classified.,Examples of controlled vocabularies include http://tdwg.github.io/ontology/ontology/voc/Collection.rdf and https://doi.org/10.1371/journal.pone.0130114 https://en.wikipedia.org/wiki/Two-empire_system.,"`Animalia`, `Archaea`, `Bacteria`, `Chromista`, `Fungi`, `Plantae`, `Protozoa`, `Viruses`",http://www.w3.org/1999/02/22-rdf-syntax-ns#Property,http://rs.tdwg.org/dwc/terms/attributes/Taxon,False,False,2024-02-28,2024-02-28,Taxon,http://rs.tdwg.org/dwc/terms/,http://rs.tdwg.org/dwc/terms/kingdom,dwc:kingdom,http://rs.tdwg.org/ltc/terms/kingdom-2024-02-28,string,,,,
dwc:,latestAgeOrHighestStage,Latest Age Or Highest Stage,The full name of the latest possible geochronologic age or highest chronostratigraphic stage attributable to the stratigraphic horizon from which the cataloged item was collected.,The full name of the latest possible geochronologic age or highest chronostratigraphic stage attributable to the stratigraphic horizon from which objects in the collection originated.,"Recommended vocabularies: https://stratigraphy.org/chart, https://timescalefoundation.org/resources/geowhen/index.html","`Atlantic`, `Boreal`",http://www.w3.org/1999/02/22-rdf-syntax-ns#Property,http://rs.tdwg.org/dwc/terms/attributes/GeologicalContext,False,False,2024-02-28,2024-02-28,GeologicalContext,http://rs.tdwg.org/dwc/terms/,http://rs.tdwg.org/dwc/terms/latestAgeOrHighestStage,dwc:latestAgeOrHighestStage,http://rs.tdwg.org/ltc/terms/latestAgeOrHighestStage-2024-02-28,string,,,,
chrono:,latestChronometricAge,Latest Chronometric Age,The minimum/latest/youngest possible age of a specimen as determined by a dating method.,The minimum/latest/youngest possible age of an object in the collection as determined by a dating method.,"The expected unit for this field is years. This field, if populated, must have an associated latestChronometricAgeReferenceSystem.",`27`,http://www.w3.org/1999/02/22-rdf-syntax-ns#Property,http://rs.tdwg.org/dwc/terms/attributes/ChronometricAge,False,False,2024-02-28,2024-02-28,ChronometricAge,http://rs.tdwg.org/chrono/terms/,http://rs.tdwg.org/chrono/terms/latestChronometricAge,chrono:latestChronometricAge,http://rs.tdwg.org/ltc/terms/latestChronometricAge-2024-02-28,number,,,,
chrono:,latestChronometricAgeReferenceSystem,Latest Chronometric Age Reference System,The reference system associated with the latestChronometricAge.,,Recommended best practice is to use a controlled vocabulary.,"`kya`, `mya`, `BP`, `AD`, `BCE`",http://www.w3.org/1999/02/22-rdf-syntax-ns#Property,http://rs.tdwg.org/dwc/terms/attributes/ChronometricAge,False,False,2024-02-28,2024-02-28,ChronometricAge,http://rs.tdwg.org/chrono/terms/,http://rs.tdwg.org/chrono/terms/latestChronometricAgeReferenceSystem,chrono:latestChronometricAgeReferenceSystem,http://rs.tdwg.org/ltc/terms/latestChronometricAgeReferenceSystem-2024-02-28,string,,,,
dwc:,latestEonOrHighestEonothem,Latest Eon Or Highest Eonothem,The full name of the latest possible geochronologic eon or highest chrono-stratigraphic eonothem or the informal name (Precambrian) attributable to the stratigraphic horizon from which the cataloged item was collected.,The full name of the latest possible geochronologic eon or highest chrono-stratigraphic eonothem or the informal name (Precambrian) attributable to the stratigraphic horizon from which the objects in the collection originated.,"Recommended vocabularies: https://stratigraphy.org/chart, https://timescalefoundation.org/resources/geowhen/index.html","`Phanerozoic`, `Proterozoic`",http://www.w3.org/1999/02/22-rdf-syntax-ns#Property,http://rs.tdwg.org/dwc/terms/attributes/GeologicalContext,False,False,2024-02-28,2024-02-28,GeologicalContext,http://rs.tdwg.org/dwc/terms/,http://rs.tdwg.org/dwc/terms/latestEonOrHighestEonothem,dwc:latestEonOrHighestEonothem,http://rs.tdwg.org/ltc/terms/latestEonOrHighestEonothem-2024-02-28,string,,,,
dwc:,latestEpochOrHighestSeries,Latest Epoch Or Highest Series,The full name of the latest possible geochronologic epoch or highest chronostratigraphic series attributable to the stratigraphic horizon from which the cataloged item was collected.,The full name of the latest possible geochronologic epoch or highest chronostratigraphic series attributable to the stratigraphic horizon from which objects in the collection originated.,"Recommended vocabularies: https://stratigraphy.org/chart, https://timescalefoundation.org/resources/geowhen/index.html","`Holocene`, `Pleistocene`",http://www.w3.org/1999/02/22-rdf-syntax-ns#Property,http://rs.tdwg.org/dwc/terms/attributes/GeologicalContext,False,False,2024-02-28,2024-02-28,GeologicalContext,http://rs.tdwg.org/dwc/terms/,http://rs.tdwg.org/dwc/terms/latestEpochOrHighestSeries,dwc:latestEpochOrHighestSeries,http://rs.tdwg.org/ltc/terms/latestEpochOrHighestSeries-2024-02-28,string,,,,
dwc:,latestEraOrHighestErathem,Latest Era Or Highest Erathem,The full name of the latest possible geochronologic era or highest chronostratigraphic erathem attributable to the stratigraphic horizon from which the cataloged item was collected.,The full name of the latest possible geochronologic era or highest chronostratigraphic erathem attributable to the stratigraphic horizon from which objects in the collection originated.,"Recommended vocabularies: https://stratigraphy.org/chart, https://timescalefoundation.org/resources/geowhen/index.html","`Cenozoic`, `Mesozoic`",http://www.w3.org/1999/02/22-rdf-syntax-ns#Property,http://rs.tdwg.org/dwc/terms/attributes/GeologicalContext,False,False,2024-02-28,2024-02-28,GeologicalContext,http://rs.tdwg.org/dwc/terms/,http://rs.tdwg.org/dwc/terms/latestEraOrHighestErathem,dwc:latestEraOrHighestErathem,http://rs.tdwg.org/ltc/terms/latestEraOrHighestErathem-2024-02-28,string,,,,
dwc:,latestPeriodOrHighestSystem,Latest Period Or Highest System,The full name of the latest possible geochronologic period or highest chronostratigraphic system attributable to the stratigraphic horizon from which the cataloged item was collected.,The full name of the latest possible geochronologic period or highest chronostratigraphic system attributable to the stratigraphic horizon from which objects in the collection originated.,"Recommended vocabularies: https://stratigraphy.org/chart, https://timescalefoundation.org/resources/geowhen/index.html","`Neogene`, `Tertiary`, `Quaternary`",http://www.w3.org/1999/02/22-rdf-syntax-ns#Property,http://rs.tdwg.org/dwc/terms/attributes/GeologicalContext,False,False,2024-02-28,2024-02-28,GeologicalContext,http://rs.tdwg.org/dwc/terms/,http://rs.tdwg.org/dwc/terms/latestPeriodOrHighestSystem,dwc:latestPeriodOrHighestSystem,http://rs.tdwg.org/ltc/terms/latestPeriodOrHighestSystem-2024-02-28,string,,,,
dcterms:,license,License,A legal document giving official permission to do something with the resource.,A legal document giving official permission to do something with the collection description record.,"Recommended practice is to identify the license document with a IRI. If this is not possible or feasible, a literal value that identifies the license may be provided.","`https://creativecommons.org/licenses/by/4.0/`, `https://creativecommons.org/publicdomain/zero/1.0/`, `https://creativecommons.org/licenses/by/4.0/legalcode`, `https://opendatacommons.org/licenses/by/1.0/`, `http://unlicense.org/`",http://www.w3.org/1999/02/22-rdf-syntax-ns#Property,http://rs.tdwg.org/dwc/terms/attributes/RecordLevel,True,False,2024-02-28,2024-02-28,RecordLevel,http://purl.org/dc/terms/,http://purl.org/dc/terms/license,dcterms:license,http://rs.tdwg.org/ltc/terms/license-2024-02-28,string,,,,
dwc:,locality,Locality,The specific description of the place.,,"Less specific geographic information can be provided in other geographic terms (continent, waterBody). This term may contain information modified from the original to correct perceived errors or standardize the description.","`Bariloche, 25 km NNE via Ruta Nacional 40 (=Ruta 237).`",http://www.w3.org/1999/02/22-rdf-syntax-ns#Property,http://rs.tdwg.org/dwc/terms/attributes/GeographicContext,False,False,2024-02-28,2024-02-28,GeographicContext,http://rs.tdwg.org/dwc/terms/,http://rs.tdwg.org/dwc/terms/locality,dwc:locality,http://rs.tdwg.org/ltc/terms/locality-2024-02-28,string,,,,
ltc:,locationDescription,Location Description,Short textual description of the storage location of the group of items,,,`Backlog on top of Rosaceae cupboards`,http://www.w3.org/1999/02/22-rdf-syntax-ns#Property,http://rs.tdwg.org/dwc/terms/attributes/StorageLocation,False,False,2024-02-28,2024-02-28,StorageLocation,http://rs.tdwg.org/ltc/terms/,http://rs.tdwg.org/ltc/terms/locationDescription,ltc:locationDescription,http://rs.tdwg.org/ltc/terms/locationDescription-2024-02-28,string,Description du Lieu,Une brève description textuelle du lieu de stockage du groupe d'objets,,
ltc:,locationName,Location Name,A label used to identify a place where the collection is stored.,,This is the lowest level of storage location for the object group (collection or sub-collection).,"`Building A`, `Cryptogamic herbarium`, `Cupboard C1`",http://www.w3.org/1999/02/22-rdf-syntax-ns#Property,http://rs.tdwg.org/dwc/terms/attributes/StorageLocation,True,False,2024-02-28,2024-02-28,StorageLocation,http://rs.tdwg.org/ltc/terms/,http://rs.tdwg.org/ltc/terms/locationName,ltc:locationName,http://rs.tdwg.org/ltc/terms/locationName-2024-02-28,string,Intitulé du Lieu,Une indication permettant d'identifier l'endroit où la collection est conservée.,,Il s'agit du niveau le plus précis du lieu de stockage pour le groupe d'objets (collection ou sous-collection).
ltc:,locationType,Location Type,The nature of the location where the collection is stored.,,"This defines the type of storage location named in locationName, and may refer to static locations or moveable containers.","`Site`, `Building`, `Floor`, `Room`, `Cabinet`, `Drawer`",http://www.w3.org/1999/02/22-rdf-syntax-ns#Property,http://rs.tdwg.org/dwc/terms/attributes/StorageLocation,False,False,2024-02-28,2024-02-28,StorageLocation,http://rs.tdwg.org/ltc/terms/,http://rs.tdwg.org/ltc/terms/locationType,ltc:locationType,http://rs.tdwg.org/ltc/terms/locationType-2024-02-28,string,Type de Lieu,La nature du lieu où la collection est conservée.,,"Cela définit le type de lieu de stockage mentionné dans locationName, et peut faire référence à des lieux fixes ou à des conteneurs mobiles."
ltc:,material,Material,"Material denotes the raw substance(s) from which the object is formed, in whole or in part.",,"This definition maps roughly to the concept of E57 'material' from the CIDOC CRM: https://cidoc-crm.org/Entity/E57-Material/version-7.1.1. The object, or artefact could contain biological parts, for example jewellery made of amber with insects in, or cloaks made of bird feathers. It should not be used for taxonomic identifications.","`Biological body`, `Organism material (cp. objectType = `Organism product`)`, `Viable cells`, `Protein`, `RNA`, `DNA`, etc.",http://www.w3.org/1999/02/22-rdf-syntax-ns#Property,http://rs.tdwg.org/dwc/terms/attributes/ObjectGroup,False,True,2024-02-28,2024-02-28,ObjectGroup,http://rs.tdwg.org/ltc/terms/,http://rs.tdwg.org/ltc/terms/material,ltc:material,http://rs.tdwg.org/ltc/terms/material-2024-02-28,list,Matériel,"Material désigne la ou les substance(s) brute(s) à partir de laquelle ou desquelles l'objet est formé, en totalité ou en partie.",,"Cette définition correspond à peu près au concept E57 « material » du CIDOC CRM : https://cidoc-crm.org/Entity/E57-Material/version-7.1.1. L'objet ou l'artefact peut contenir des éléments biologiques, par exemple des bijoux en ambre renfermant des insectes ou des manteaux en plumes d'oiseaux. Ce champs ne doit pas être utilisé pour des identifications taxonomiques."
dwc:,measurementAccuracy,Measurement Accuracy,The description of the potential error associated with the measurementValue.,The description of the potential error associated with the measurementValue applied to the collection.,,"`0.01`, `Normal distribution with variation of 2 m`, `Reported`, `Estimated`",http://www.w3.org/1999/02/22-rdf-syntax-ns#Property,http://rs.tdwg.org/dwc/terms/attributes/MeasurementOrFact,False,False,2024-02-28,2024-02-28,MeasurementOrFact,http://rs.tdwg.org/dwc/terms/,http://rs.tdwg.org/dwc/terms/measurementAccuracy,dwc:measurementAccuracy,http://rs.tdwg.org/ltc/terms/measurementAccuracy-2024-02-28,string,,,,
ltc:,measurementDerivation,Measurement Derivation,"An indicator as to whether the measurement, fact, characteristic, or assertion being applied to the collection was derived from reported figures or aggregated/calculated from underlying data.",,"If there is more detailed information about the method by which a measurement or fact was derived, this should be captured using the measurementMethod property.","`Reported`, `Calculated`",http://www.w3.org/1999/02/22-rdf-syntax-ns#Property,http://rs.tdwg.org/dwc/terms/attributes/MeasurementOrFact,False,False,2024-02-28,2024-02-28,MeasurementOrFact,http://rs.tdwg.org/ltc/terms/,http://rs.tdwg.org/ltc/terms/measurementDerivation,ltc:measurementDerivation,http://rs.tdwg.org/ltc/terms/measurementDerivation-2024-02-28,string,Origine de la Mesure,"Un indicateur permettant de savoir si la mesure, le fait, la caractéristique ou l'assertion appliquée à la collection a été dérivée des chiffres déclarés ou agrégée/calculée à partir de données sous-jacentes.",,"S'il existe des informations plus précises sur la méthode de calcul d'une mesure ou d'un fait, elles doivent être saisies à l'aide de la propriété measurementMethod."
ltc:,measurementFactText,Fact or Narrative Text,"The value of the qualitative fact, characteristic, or assertion being made about the collection.",,"This property should also be used for storing textual information about the collection within a particular context, such as narratives or comments about digitisation readiness.","`UV-light`, `Extra large`, `Level 1`, `Re-curation of this collection would be required prior to digitisation, requiring an estimated two weeks of curator time.`",http://www.w3.org/1999/02/22-rdf-syntax-ns#Property,http://rs.tdwg.org/dwc/terms/attributes/MeasurementOrFact,False,False,2024-02-28,2024-02-28,MeasurementOrFact,http://rs.tdwg.org/ltc/terms/,http://rs.tdwg.org/ltc/terms/measurementFactText,ltc:measurementFactText,http://rs.tdwg.org/ltc/terms/measurementFactText-2024-02-28,string,Faits ou Texte Narratif,"La valeur du fait qualitatif, de la caractéristique ou de l'affirmation concernant la collection.",,"Cette propriété doit également être utilisée pour stocker des informations textuelles sur la collection dans un contexte particulier, telles que des récits ou des commentaires sur l'état d'avancement de la numérisation."
dwc:,measurementMethod,Measurement Method,"A description of or reference to (publication, IRI) the method or protocol used to determine the measurement, fact, characteristic, or assertion.",,,"`DiSSCo MIDS level`, `LtC Standard Metric`, `https://doi.org/10.5281/zenodo.3465285`",http://www.w3.org/1999/02/22-rdf-syntax-ns#Property,http://rs.tdwg.org/dwc/terms/attributes/MeasurementOrFact,False,False,2024-02-28,2024-02-28,MeasurementOrFact,http://rs.tdwg.org/dwc/terms/,http://rs.tdwg.org/dwc/terms/measurementMethod,dwc:measurementMethod,http://rs.tdwg.org/ltc/terms/measurementMethod-2024-02-28,string,,,,
dwc:,measurementRemarks,Measurement Remarks,Comments or notes accompanying the MeasurementOrFact.,,,"`Does not include on-loan material`, `Footprint includes housing`",http://www.w3.org/1999/02/22-rdf-syntax-ns#Property,http://rs.tdwg.org/dwc/terms/attributes/MeasurementOrFact,False,False,2024-02-28,2024-02-28,MeasurementOrFact,http://rs.tdwg.org/dwc/terms/,http://rs.tdwg.org/dwc/terms/measurementRemarks,dwc:measurementRemarks,http://rs.tdwg.org/ltc/terms/measurementRemarks-2024-02-28,string,,,,
dwc:,measurementType,Measurement Type,"The nature of the measurement, fact, characteristic, or assertion.",,Recommended best practice is to use a controlled vocabulary.,"`Imaged Level Percentage`, `Storage Volume`, `Object Count`, `MIDS-0 Object Count`, `Historical narrative`",http://www.w3.org/1999/02/22-rdf-syntax-ns#Property,http://rs.tdwg.org/dwc/terms/attributes/MeasurementOrFact,False,False,2024-02-28,2024-02-28,MeasurementOrFact,http://rs.tdwg.org/dwc/terms/,http://rs.tdwg.org/dwc/terms/measurementType,dwc:measurementType,http://rs.tdwg.org/ltc/terms/measurementType-2024-02-28,string,,,,
dwc:,measurementUnit,Measurement Unit,The units associated with the measurementValue.,,"For some use cases, this property can also be used to reflect the type of value being stored (e.g. a count, or a percentage).","`mm`, `C`, `km`, `ha`, `count`, `percentage`, `category`",http://www.w3.org/1999/02/22-rdf-syntax-ns#Property,http://rs.tdwg.org/dwc/terms/attributes/MeasurementOrFact,False,False,2024-02-28,2024-02-28,MeasurementOrFact,http://rs.tdwg.org/dwc/terms/,http://rs.tdwg.org/dwc/terms/measurementUnit,dwc:measurementUnit,http://rs.tdwg.org/ltc/terms/measurementUnit-2024-02-28,string,,,,
dwc:,measurementValue,Measurement Value,"The value of the measurement, fact, characteristic, or assertion.",The numeric value of the quantitative measurement being made about the collection.,"In the Collection Description standard, this field is constrained to only accept numeric values in order to better support the aggregation of quantitative metrics. For any non-numeric values, and metrics where the scale is a numeral that cannot be used in any calculations the measurementFactText property should be used instead.","`45`, `20000`, `1`, `14.5`",http://www.w3.org/1999/02/22-rdf-syntax-ns#Property,http://rs.tdwg.org/dwc/terms/attributes/MeasurementOrFact,False,False,2024-02-28,2024-02-28,MeasurementOrFact,http://rs.tdwg.org/dwc/terms/,http://rs.tdwg.org/dwc/terms/measurementValue,dwc:measurementValue,http://rs.tdwg.org/ltc/terms/measurementValue-2024-02-28,number,,,,
dwc:,member,Member,The full name of the lithostratigraphic member from which the cataloged item was collected.,The full name of the lithostratigraphic member from which objects in the collection originated.,Recommend vocabulary: https://ngmdb.usgs.gov/Geolex/search,"`Lava Dam Member`, `Hellnmaria Member`, `Francis Creek Shale`",http://www.w3.org/1999/02/22-rdf-syntax-ns#Property,http://rs.tdwg.org/dwc/terms/attributes/GeologicalContext,False,False,2024-02-28,2024-02-28,GeologicalContext,http://rs.tdwg.org/dwc/terms/,http://rs.tdwg.org/dwc/terms/member,dwc:member,http://rs.tdwg.org/ltc/terms/member-2024-02-28,string,,,,
dwc:,municipality,Municipality,"The full, unabbreviated name of the next smaller administrative region than county (city, municipality, etc.) in which the Location occurs. Do not use this term for a nearby named place that does not contain the actual location.","The full, unabbreviated name of the next smaller administrative region than county (city, municipality, etc.) in which the GeographicContext is located. Do not use this term for a nearby named place that does not contain the actual location.",Recommended best practice is to use a controlled vocabulary such as the Getty Thesaurus of Geographic Names.,"`Holzminden`, `Araçatuba`, `Ga-Segonyana`",http://www.w3.org/1999/02/22-rdf-syntax-ns#Property,http://rs.tdwg.org/dwc/terms/attributes/GeographicContext,False,False,2024-02-28,2024-02-28,GeographicContext,http://rs.tdwg.org/dwc/terms/,http://rs.tdwg.org/dwc/terms/municipality,dwc:municipality,http://rs.tdwg.org/ltc/terms/municipality-2024-02-28,string,,,,
ltc:,objectClassificationLevel,Object Classification Level,The level of the ObjectClassification in the hierarchy.,,It is up to the user to name the levels to be relevant to the hierarchical classification scheme that they are defining.,"`Domain`, `Discipline`, `Category`",http://www.w3.org/1999/02/22-rdf-syntax-ns#Property,http://rs.tdwg.org/dwc/terms/attributes/ObjectClassification,False,False,2024-02-28,2024-02-28,ObjectClassification,http://rs.tdwg.org/ltc/terms/,http://rs.tdwg.org/ltc/terms/objectClassificationLevel,ltc:objectClassificationLevel,http://rs.tdwg.org/ltc/terms/objectClassificationLevel-2024-02-28,string,Niveau de Classification de l'Objet,Le niveau de l'ObjectClassification dans la hiérarchie.,,Il incombe à l'utilisateur de nommer les niveaux correspondant au système de classification hiérarchique qu'il est en train de définir.
ltc:,objectClassificationName,Object Classification Name,"A short title describing this ObjectClassification as a class, unit or grouping.",,"This is a user-determined name given for classifying their collection. This name, expressing an assigned classification, can be part of a self-referential hierarchy.","`Zoology invertebrates`, `Palaeontology`, `Extra-terrestrial`, `Archaeology`, `Seed plants`, `Birds`, `Agriculture`, `Veterinary`, `Viruses`",http://www.w3.org/1999/02/22-rdf-syntax-ns#Property,http://rs.tdwg.org/dwc/terms/attributes/ObjectClassification,True,False,2024-02-28,2024-02-28,ObjectClassification,http://rs.tdwg.org/ltc/terms/,http://rs.tdwg.org/ltc/terms/objectClassificationName,ltc:objectClassificationName,http://rs.tdwg.org/ltc/terms/objectClassificationName-2024-02-28,string,Nom de la Classification de l'Objet,"Titre bref décrivant cet objetClassification en tant que classe, unité ou groupe.",,"Nom déterminé par l'utilisateur pour classer sa collection. Ce nom, qui exprime une classification attribuée, peut faire partie d'une hiérarchie qui s'autoréférence."
ltc:,objectType,Object Type,High-level terms for the classification of curated objects.,A more generic classification of items in the collection than described in preparationType.,"Hands-on, practical attributes classifying the stored curated objects. You will expect to find these kinds and types of objects when you go to and access their storage location. This should not be used for classifying objects by taxon. The best way to do that is to use the Taxon class (formal taxonomy and vernacular names) or ObjectClassification class (informal classification).","if baseTypeOfObjectGroup = `MaterialEntity`: `Specimen`, `Tissue`, `Culture`, `HTS Library`, `Lysate`, `Environmental sample`, `Extracted/Preserved DNA/RNA`, `Microscope slide`, `Spore print`, `Macrofossil`, `Mesofossil`, `Microfossil`, `Oversized fossil`; if typeOfObjectGroup = `Non-biological`: `Macro-object`, `Micro-object`, `Oversized object`, `Cut/polished gemstone`, `Core`, `Fluid`, `Hazardous material/object`, `Mixed`; if baseTypeOfObjectGroup = `InformationArtefact`: `Text`, `Audio`, `Visual`",http://www.w3.org/1999/02/22-rdf-syntax-ns#Property,http://rs.tdwg.org/dwc/terms/attributes/ObjectGroup,False,True,2024-02-28,2024-02-28,ObjectGroup,http://rs.tdwg.org/ltc/terms/,http://rs.tdwg.org/ltc/terms/objectType,ltc:objectType,http://rs.tdwg.org/ltc/terms/objectType-2024-02-28,list,Type d'objet,Termes de haut niveau pour la classification des objets conservés.,Une classification plus générique des éléments de la collection que celle décrite dans preparationType.,Attributs pratiques permettant de classer les objets conservés. Il faut s'attendre à trouver ces types d'objets lorsque l'on accède leur lieu de stockage. Ce champs ne doit pas être utilisé pour classer les objets par taxon. La meilleure façon de le faire est d'utiliser la classe Taxon (taxonomie scientifique et noms vernaculaires) ou la classe ObjectClassification (classification informelle).
ltc:,organisationalUnitName,Organisational Unit Name,An official name of the organisational unit in the local language.,,"Repeatable where there are more than one official local language required for example Belgian Institutions where an official name exists in French, Dutch, German and English. See 'A Collection of Crosswalks from Fifteen Research Data Schemas to Schema.org' (https://www.rd-alliance.org/group/research-metadata-schemas-wg/outcomes/collection-crosswalks-fifteen-research-data-schemas) from RDA for crosswalks for properties with the function of Name, Title, etc. Take into account the note at the class level (Class:OrganisationalUnit) about associating an identifier in addition to a name with the organisational unit.","`Muséum national d'Histoire naturelle`, `The Field Museum of Natural History`, `Division of Fishes`",http://www.w3.org/1999/02/22-rdf-syntax-ns#Property,http://rs.tdwg.org/dwc/terms/attributes/OrganisationalUnit,True,False,2024-02-28,2024-02-28,OrganisationalUnit,http://rs.tdwg.org/ltc/terms/,http://rs.tdwg.org/ltc/terms/organisationalUnitName,ltc:organisationalUnitName,http://rs.tdwg.org/ltc/terms/organisationalUnitName-2024-02-28,string,Nom de l'Entité Organisationnelle,Nom officiel de l'entité organisationnelle dans sa langue d'origine.,,"Répétable lorsqu'il y a plus d'une langue officielle locale requise, par exemple pour les institutions belges dont le nom officiel existe en français, en néerlandais, en allemand et en anglais. Voir « A Collection of Crosswalks from Fifteen Research Data Schemas to Schema.org » (https://www.rd-alliance.org/group/research-metadata-schemas-wg/outcomes/collection-crosswalks-fifteen-research-data-schemas) de RDA pour les passerelles pour les propriétés ayant la fonction de Nom, Titre, etc. Tenir compte de la note au niveau de la classe (Class:OrganisationalUnit) concernant l'association d'un identifiant en supplément d'un nom à l'entité organisationnelle."
ltc:,organisationalUnitType,Organisational Unit Type,The type or level of organisational unit within a hierarchy responsible for the management of the collection being described.,,Example vocabulary list: https://vocab.org/aiiso/ . This property is likely related to the W3C class org:Role (https://www.w3.org/TR/2014/REC-vocab-org-20140116/#class-role).,"`Department` (A group of people recognised by an organization as forming a cohesive group referred to by the organization as a department), `Division` (A group of people recognised by an organization as forming a cohesive group referred to by the organization as a division)",http://www.w3.org/1999/02/22-rdf-syntax-ns#Property,http://rs.tdwg.org/dwc/terms/attributes/OrganisationalUnit,True,False,2024-02-28,2024-02-28,OrganisationalUnit,http://rs.tdwg.org/ltc/terms/,http://rs.tdwg.org/ltc/terms/organisationalUnitType,ltc:organisationalUnitType,http://rs.tdwg.org/ltc/terms/organisationalUnitType-2024-02-28,string,Type d'Entité Organisationnelle,Le type ou le niveau d'entité organisationnelle au sein d'une hiérarchie responsable de la gestion de la collection décrite.,,Exemple de vocabulaire : https://vocab.org/aiiso/ . Cette propriété est probablement liée à la classe W3C org:Role (https://www.w3.org/TR/2014/REC-vocab-org-20140116/#class-role).
ltc:,period,Period,Used to describe prehistoric or historic periods.,Used to describe the prehistoric or historic period from which objects in the collection originated.,"Often used to describe prehistoric or historic periods, but also geopolitical units and activities of settlements are regarded as special cases of Period. However, there are no assumptions about the scale of the associated phenomena. In particular all events are seen as synthetic processes consisting of coherent phenomena. This property maps to the Period class of the CIDOC-CRM conceptual reference model (http://www.cidoc-crm.org/Entity/e4-period/version-7.1.1).","`Neolithic Period`, `Ming Dynasty`, `McCarthy Era`",http://www.w3.org/1999/02/22-rdf-syntax-ns#Property,http://rs.tdwg.org/dwc/terms/attributes/ObjectGroup,False,True,2024-02-28,2024-02-28,ObjectGroup,http://rs.tdwg.org/ltc/terms/,http://rs.tdwg.org/ltc/terms/period,ltc:period,http://rs.tdwg.org/ltc/terms/period-2024-02-28,list,Période,Utilisé pour décrire les périodes préhistoriques ou historiques.,Utilisé pour décrire la période préhistorique ou historique d'où sont issus les objets de la collection.,"Souvent utilisée pour décrire des périodes préhistoriques ou historiques. Elle décrit aussi des unités géopolitiques et des activités de peuplement humains qui sont considérées comme des cas particuliers de Period. Cependant, il n'y a pas d'hypothèses sur l'échelle des phénomènes associés. En particulier, tous les événements sont considérés comme des processus synthétiques constitués de phénomènes cohérents. Cette propriété correspond à la classe Period du modèle conceptuel de référence CIDOC-CRM (http://www.cidoc-crm.org/Entity/e4-period/version-7.1.1)."
schema:,postOfficeBoxNumber,Post Office Box Number,The post office box number for PO box addresses.,,,`PO Box 7169`,http://www.w3.org/1999/02/22-rdf-syntax-ns#Property,http://rs.tdwg.org/dwc/terms/attributes/Address,False,False,2024-02-28,2024-02-28,Address,https://schema.org/,https://schema.org/postOfficeBoxNumber,schema:postOfficeBoxNumber,http://rs.tdwg.org/ltc/terms/postOfficeBoxNumber-2024-02-28,string,,,,
schema:,postalCode,Postal Code,"The postal code. For example, 94043.",,,"`32308`, `SW7 5HD`, `10115`, `3080`",http://www.w3.org/1999/02/22-rdf-syntax-ns#Property,http://rs.tdwg.org/dwc/terms/attributes/Address,False,False,2024-02-28,2024-02-28,Address,https://schema.org/,https://schema.org/postalCode,schema:postalCode,http://rs.tdwg.org/ltc/terms/postalCode-2024-02-28,string,,,,
ltc:,preparationType,Preparation Type,A term used to classify or describe an object that indicates the actions that have been taken upon it and/or the processes it has been put through to prepare it for scientific use or study.,A more specific classification of items in the collection than described in objectType.,"These attributes commonly identify the parts or states that are the outcome of the preparation process, which produced the curated object. This can be the same as PreservationMethod (e.g. Bone), but is not always. For cultural collections terms such as 'bowl', 'textile' are appropriate at this level. This should not be used for classifying objects by taxon. The best way to do that is to use the Taxon class (formal taxonomy and vernacular names) or ObjectClassification class (informal classification).","if objectType = `Specimen` or `Part of entity`: `Bones`, `Eggs`, `Pollen`, `Muscle`, `Leaf`, `Blood`, `Skins`, `Shells`, `Wood`, ... ; if typeOfObjectGroup = `human-made`: `Bowl`, `Textile`, ...; if typeOfObjectGroup = `digital`: `txt`, `jpg`, `mp4`, ...; etc",http://www.w3.org/1999/02/22-rdf-syntax-ns#Property,http://rs.tdwg.org/dwc/terms/attributes/ObjectGroup,False,True,2024-02-28,2024-02-28,ObjectGroup,http://rs.tdwg.org/ltc/terms/,http://rs.tdwg.org/ltc/terms/preparationType,ltc:preparationType,http://rs.tdwg.org/ltc/terms/preparationType-2024-02-28,list,Type de Préparation,Un terme utilisé pour classer ou décrire un objet qui indique les actions qui ont été effectuées sur ce dernier et/ou les processus auxquels il a été soumis pour le préparer à une utilisation ou à une étude scientifique.,Une classification plus spécifique des éléments de la collection que celle indiquée dans objectType.,"Ces attributs identifient généralement les parties ou les états qui sont le résultat du processus de préparation qui a produit l'objet conservé. Il peut s'agir de la même chose que PreservationMethod (par exemple Os), mais ce n'est pas forcément le cas. Pour les collections culturelles, des termes tels que « bol », « textile » sont appropriés à ce niveau. Ce niveau ne doit pas être utilisé pour classer les objets par taxon. La meilleure façon de le faire est d'utiliser la classe Taxon (taxonomie scientifique et noms vernaculaires) ou la classe ObjectClassification (classification informelles)."
ltc:,preservationMethod,Preservation Method,"A term used to classify or describe an object that indicates the primary or most recent action, measure or process that has been used in order to preserve the objects in the collection for long-term storage.",For the purposes of a collection description preservationType should be used to describe the larger collection,Preservation method generally describes the final storage state. Not intended to be used as the fossilization method. Use preservationMode for that. This field is intended to be use where a collection has a single or prominent preservationMethod. We recommend the Arctos PART_PRESERVATION vocabulary (https://arctos.database.museum/info/ctDocumentation.cfm?table=CTPART_PRESERVATION). For herbarium sheets use 'dried_pressed'. If an alcohol collection uses mixed percentages use 'alcohol'.,"`dried`, `dried_pressed`, `dried_pinned`, `Dried assemblage`, `Dried - not assembled`, `Dry preserved`, `papered/packaged`, `slide box`, `Skeletonized`, `Tanned`, `mounted`, `Slide mount`, `Embedded`, `gum_arabic`, `Blood sampling cards (biomedical)`, `Fluid preserved`, `Alcohol, formaledhyde`, `glycerin`, `EDTA`, `frozen / cryopreserved`, `Cryopreserved / frozen - 80C`, `refrigerated`, `freeze_dried`, `Surface coating`, `SEM stub`, `Stasis`, `cell culture`, `axenic culture`, `viable cells`, `Controlled atmosphere`, `Climate controlled conditions`, `Non climate controlled conditions`, `no_treatment`, etc.",http://www.w3.org/1999/02/22-rdf-syntax-ns#Property,http://rs.tdwg.org/dwc/terms/attributes/ObjectGroup,False,True,2024-02-28,2024-02-28,ObjectGroup,http://rs.tdwg.org/ltc/terms/,http://rs.tdwg.org/ltc/terms/preservationMethod,ltc:preservationMethod,http://rs.tdwg.org/ltc/terms/preservationMethod-2024-02-28,list,Méthode de Conservation,"Un terme utilisé pour classer ou décrire un objet qui indique l'action, la mesure ou le processus principal ou le plus récent qui a été utilisé pour conserver les objets de la collection en vue d'un stockage à long terme.","Dans le cadre d'une description de collection, preservationType doit être utilisé pour décrire la collection dans son ensemble","La méthode de conservation décrit généralement l'état final de stockage. Elle n'est pas destinée à être utilisée pour le procédé de fossilisation. Utiliser preservationMode pour cela. Ce champ est destiné à être utilisé lorsqu'une collection a une méthode de préservation unique ou prédominante. Le vocabulaire Arctos PART_PRESERVATION (https://arctos.database.museum/info/ctDocumentation.cfm?table=CTPART_PRESERVATION) est recommandé. Pour les feuilles d'herbier, utilisez « dried_pressed ». Si une collection d'alcool utilise des pourcentages variables, utilisez « alcohol »."
ltc:,preservationMode,Preservation Mode,"The means by which a palaeontological specimen was preserved or created e.g. body, cast, mold, trace fossil, soft parts mineralised etc.",Use to describe the preservation mode of a collection as a whole (e.g. Amber collection).,This property should be only used in association with ObjectGroups that contain paleontological material. It is aligned with the concept of preservationMode in ABCD(EFG) (https://efg.geocase.eu/documentation/html/efg.html#element_PreservationMode_Link03032878).,"`adpression/compression`, `body`, `cast`, `charcoalification`, `coalified`, `concretion`, `dissolution traces`, `mold/impression`, `permineralised`, `recrystallised`, `soft parts`, `trace`",http://www.w3.org/1999/02/22-rdf-syntax-ns#Property,http://rs.tdwg.org/dwc/terms/attributes/ObjectGroup,False,True,2024-02-28,2024-02-28,ObjectGroup,http://rs.tdwg.org/ltc/terms/,http://rs.tdwg.org/ltc/terms/preservationMode,ltc:preservationMode,http://rs.tdwg.org/ltc/terms/preservationMode-2024-02-28,list,Mode de Conservation,"Le moyen par lequel un spécimen paléontologique a été préservé ou créé, par exemple un corps, un moulage, un moule, une trace fossile, des parties molles minéralisées, etc.","Sert à décrire le mode de préservation d'une collection dans son ensemble (par exemple, une collection d'ambre).",Cette propriété ne doit être utilisée qu'en association avec des ObjectGroups contenant du matériel paléontologique. Elle est alignée sur le concept de preservationMode dans ABCD(EFG) (https://efg.geocase.eu/documentation/html/efg.html#element_PreservationMode_Link03032878).
ltc:,referenceDetails,Reference Details,Detailed information about the resource being referenced.,,,"`This dataset includes a Darwin Core Archive of the ~8000 specimens digitised to date, of which ~80% also have an associated label image.`, `de Mestier A, Mulcahy D, Harris DJ, et al. (2023) Policies Handbook on Using Molecular Collections. Research Ideas and Outcomes 9: e102908. https://doi.org/10.3897/rio.9.e102908`, `Suggested citation: USDA-ARS US National Fungus Collection (2023). USDA United States National Fungus Collections. Occurrence dataset https://doi.org/10.15468/w78rwb accessed via GBIF.org on 2023-04-27.`",http://www.w3.org/1999/02/22-rdf-syntax-ns#Property,http://rs.tdwg.org/dwc/terms/attributes/Reference,False,False,2024-02-28,2024-02-28,Reference,http://rs.tdwg.org/ltc/terms/,http://rs.tdwg.org/ltc/terms/referenceDetails,ltc:referenceDetails,http://rs.tdwg.org/ltc/terms/referenceDetails-2024-02-28,string,Détails sur la Référence,Informations détaillées sur la ressource référencée.,,
ltc:,referenceName,Reference Name,A name given to a reference.,,"If the reference is to a publication, this field should hold the publication title; otherwise any appropriate, short, text label relevant to the resource being referenced may be used.","`Digitised specimen records on the NHM Data Portal`, `Using a Collection Health Index to prioritise access and activities in the New Zealand Arthropod Collection`, `BGBM loans policy`, `Herbarium Wikipedia page`, `NMNH website`, `Related sequences in GenBank`",http://www.w3.org/1999/02/22-rdf-syntax-ns#Property,http://rs.tdwg.org/dwc/terms/attributes/Reference,False,False,2024-02-28,2024-02-28,Reference,http://rs.tdwg.org/ltc/terms/,http://rs.tdwg.org/ltc/terms/referenceName,ltc:referenceName,http://rs.tdwg.org/ltc/terms/referenceName-2024-02-28,string,Nom de la Référence,Un nom donné à une référence.,,"Si la référence est une publication, ce champ doit contenir le titre de la publication ; sinon, toute désignation textuelle brève et pertinente pour la ressource référencée peut être utilisée."
ltc:,referenceType,Reference Type,The type of resource being referenced.,,This property is intended to be used for a high level categorisation of resource types.,"`Policy`, `Document`, `Website`, `Dataset`",http://www.w3.org/1999/02/22-rdf-syntax-ns#Property,http://rs.tdwg.org/dwc/terms/attributes/Reference,False,False,2024-02-28,2024-02-28,Reference,http://rs.tdwg.org/ltc/terms/,http://rs.tdwg.org/ltc/terms/referenceType,ltc:referenceType,http://rs.tdwg.org/ltc/terms/referenceType-2024-02-28,string,Type de Référence,Le type de ressource référencée.,,Cette propriété est destinée à être utilisée pour une catégorisation de haut niveau des types de ressources.
ltc:,region,Region,The name of a spatial region or named place of any size within an individual or multiple administrative areas.,,"Recommended best practice is to use this field in situations where the administrative location fields (country, stateProvince, county, etc.) provide insufficient description. For geological collections examples include basins, provinces, and fossil deposits.","Multi-country: `North European Plain`, Multi-state/Province: `Pacific Northwest`, Waterbody: `Southern`, Geological basins and provinces: `Michigan Basin`, `Mazon Creek`, `Bundenbach`",http://www.w3.org/1999/02/22-rdf-syntax-ns#Property,http://rs.tdwg.org/dwc/terms/attributes/GeographicContext,False,False,2024-02-28,2024-02-28,GeographicContext,http://rs.tdwg.org/ltc/terms/,http://rs.tdwg.org/ltc/terms/region,ltc:region,http://rs.tdwg.org/ltc/terms/region-2024-02-28,string,Région,Le nom d'une aire spatiale ou d'un lieu nommé de n'importe quelles dimensions à l'intérieur d'une ou de plusieurs zones administratives.,,"La pratique optimale recommandée est d'utiliser ce champ dans les situations où les champs de localisation administrative (country, stateProvince, county, etc.) fournissent une description insuffisante. Pour les collections géologiques, on peut citer les bassins, les provinces et les gisements de fossiles."
dwc:,relatedResourceID,Related Resource ID,"An identifier for a related resource (the object, rather than the subject of the relationship).",,,`dc609808-b09b-11e8-96f8-529269fb1459`,http://www.w3.org/1999/02/22-rdf-syntax-ns#Property,http://rs.tdwg.org/dwc/terms/attributes/ResourceRelationship,False,False,2024-02-28,2024-02-28,ResourceRelationship,http://rs.tdwg.org/dwc/terms/,http://rs.tdwg.org/dwc/terms/relatedResourceID,dwc:relatedResourceID,http://rs.tdwg.org/ltc/terms/relatedResourceID-2024-02-28,string,,,,
ltc:,relatedResourceName,Related Resource Name,A short textual name for the related resource.,,"This property can be used to list resources related to the source entity which lack an identifier, for example if a separate record for that resource doesn't yet exist. In the Collection Description standard, a use of this is to list named subcollections of a larger collections at a time when the resources might not be available to create a full Collection Description for each of them. If at a later point a Collection Description record is created for the subcollection, an identifier can be added to the relatedResourceID property to maintain the same relationship.","`FMNH Mammals`, `TNHC Vertebrates`, `Sloane Herbarium`, `Grant Southwest Ceramics Collection`",http://www.w3.org/1999/02/22-rdf-syntax-ns#Property,http://rs.tdwg.org/dwc/terms/attributes/ResourceRelationship,False,False,2024-02-28,2024-02-28,ResourceRelationship,http://rs.tdwg.org/ltc/terms/,http://rs.tdwg.org/ltc/terms/relatedResourceName,ltc:relatedResourceName,http://rs.tdwg.org/ltc/terms/relatedResourceName-2024-02-28,string,Nom de la Ressource Associée,Un nom bref pour la ressource associée.,,"Cette propriété peut être utilisée pour dresser la liste des ressources liées à l'entité source qui n'ont pas d'identifiant, par exemple s'il n'existe pas encore d'enregistrement distinct pour cette ressource. Dans le standard sur la description des collections, cette propriété permet de lister des sous-collections nommées d'une collection plus importante à un moment où les ressources nécessaires à la création d'une description complète de la collection pour chacune d'entre elles ne sont pas encore disponibles. Si, par la suite, un enregistrement de description de collection est créé pour la sous-collection, un identifiant peut être ajouté à la propriété relatedResourceID afin de maintenir la même relation."
ltc:,relatedResourceType,Related Resource Type,"The class or property within Latimer Core, or class, property or less formal concept outside of the Latimer Core standard, that is represented by the related resource.",,"This property can be used to explicitly define the type of resource that the ID stored in the relatedResourceID property references, either to support IDs that don’t fully resolve and provide contextual metadata, or just for information purposes. It can also provide context for use cases where the relatedResourceName is used rather than the relatedResourceID to define the target, for example to attach a simple list of the names of related collections to an ObjectGroup.","`http://rs.tdwg.org/ltc/terms/ObjectGroup`, `http://rs.tdwg.org/ltc/terms/Taxon`, `http://rs.tdwg.org/ltc/terms/objectType`, `http://rs.tdwg.org/dwc/terms/Occurrence`,  `Collection`",http://www.w3.org/1999/02/22-rdf-syntax-ns#Property,http://rs.tdwg.org/dwc/terms/attributes/ResourceRelationship,False,False,2024-02-28,2024-02-28,ResourceRelationship,http://rs.tdwg.org/ltc/terms/,http://rs.tdwg.org/ltc/terms/relatedResourceType,ltc:relatedResourceType,http://rs.tdwg.org/ltc/terms/relatedResourceType-2024-02-28,string,Type de la Ressource Associée,"La classe ou la propriété au sein du Latimer Core, ou la classe, la propriété ou le concept moins formel en dehors du standard Latimer Core, qui est représenté par la ressource correspondante.",,"Cette propriété peut être utilisée pour définir explicitement le type de ressource que l'identifiant stocké dans la propriété relatedResourceID référence, soit pour prendre en charge les identifiants qui ne sont pas entièrement résolus et fournir des métadonnées contextuelles, soit simplement à titre d'information. Elle peut également fournir un contexte pour les cas de figure où le relatedResourceName est utilisé plutôt que le relatedResourceID pour définir la cible, par exemple pour attacher une simple liste de noms de collections associées à un ObjectGroup."
dwc:,relationshipAccordingTo,Relationship According To,"The source (person, organization, publication, reference) establishing the relationship between the two resources.",,,`Julie Woodruff`,http://www.w3.org/1999/02/22-rdf-syntax-ns#Property,http://rs.tdwg.org/dwc/terms/attributes/ResourceRelationship,False,True,2024-02-28,2024-02-28,ResourceRelationship,http://rs.tdwg.org/dwc/terms/,http://rs.tdwg.org/dwc/terms/relationshipAccordingTo,dwc:relationshipAccordingTo,http://rs.tdwg.org/ltc/terms/relationshipAccordingTo-2024-02-28,list,,,,
dwc:,relationshipEstablishedDate,Relationship Established Date,The date-time on which the relationship between the two resources was established.,,Recommended best practice is to use a date that conforms to ISO 8601-1:2019.,"`1963-03-08T14:07-0600`, `2009-02-20T08:40Z`, `2018-08-29T15:19`, `1809-02-12`, `1906-06`, `1971`, `2007-03-01T13:00:00Z/2008-05-11T15:30:00Z`, `1900/1909`, `2007-11-13/15`",http://www.w3.org/1999/02/22-rdf-syntax-ns#Property,http://rs.tdwg.org/dwc/terms/attributes/ResourceRelationship,False,False,2024-02-28,2024-02-28,ResourceRelationship,http://rs.tdwg.org/dwc/terms/,http://rs.tdwg.org/dwc/terms/relationshipEstablishedDate,dwc:relationshipEstablishedDate,http://rs.tdwg.org/ltc/terms/relationshipEstablishedDate-2024-02-28,string,,,,
ltc:,relationshipOfResource,Relationship Of Resource,The relationship of the resource identified by relatedResourceID to the subject (optionally identified by the resourceID).,,Recommended best practice is to use a controlled vocabulary. https://schema.org/Property,"`part of`, `contains`, `same as`",http://www.w3.org/1999/02/22-rdf-syntax-ns#Property,http://rs.tdwg.org/dwc/terms/attributes/ResourceRelationship,True,False,2024-02-28,2024-02-28,ResourceRelationship,http://rs.tdwg.org/ltc/terms/,http://rs.tdwg.org/ltc/terms/relationshipOfResource,ltc:relationshipOfResource,http://rs.tdwg.org/ltc/terms/relationshipOfResource-2024-02-28,string,Relation entre les ressources,La relation entre la ressource identifiée par relatedResourceID et le sujet (potentiellement identifié par resourceID).,,La pratique optimale recommandée est d'utiliser un vocabulaire contrôlé. Voir https://schema.org/Property
dwc:,relationshipRemarks,Relationship Remarks,Comments or notes about the relationship between the two resources.,,,"`The Darwin fossil collection makes up part of the museum's palaeontology collection.`, `Some of the same Madagascan bryophytes are included in both of these collections.`",http://www.w3.org/1999/02/22-rdf-syntax-ns#Property,http://rs.tdwg.org/dwc/terms/attributes/ResourceRelationship,False,False,2024-02-28,2024-02-28,ResourceRelationship,http://rs.tdwg.org/dwc/terms/,http://rs.tdwg.org/dwc/terms/relationshipRemarks,dwc:relationshipRemarks,http://rs.tdwg.org/ltc/terms/relationshipRemarks-2024-02-28,string,,,,
dwc:,resourceID,Resource ID,An identifier for the resource that is the subject of the relationship.,,,`f809b9e0-b09b-11e8-96f8-529269fb1459`,http://www.w3.org/1999/02/22-rdf-syntax-ns#Property,http://rs.tdwg.org/dwc/terms/attributes/ResourceRelationship,True,False,2024-02-28,2024-02-28,ResourceRelationship,http://rs.tdwg.org/dwc/terms/,http://rs.tdwg.org/dwc/terms/resourceID,dwc:resourceID,http://rs.tdwg.org/ltc/terms/resourceID-2024-02-28,string,,,,
ltc:,resourceIRI,Resource IRI,A preferably resolvable IRI providing access to the resource defined in the reference.,,,"`10.5072/example-full`, `https://examplemuseum.org/policies/loans-policy.pdf`",http://www.w3.org/1999/02/22-rdf-syntax-ns#Property,http://rs.tdwg.org/dwc/terms/attributes/Reference,False,False,2024-02-28,2024-02-28,Reference,http://rs.tdwg.org/ltc/terms/,http://rs.tdwg.org/ltc/terms/resourceIRI,ltc:resourceIRI,http://rs.tdwg.org/ltc/terms/resourceIRI-2024-02-28,,IRI de la Ressource,"Un IRI, de préférence résoluble, permettant d'accéder à la ressource définie dans la référence.",,
dcterms:,rights,Rights,Information about rights held in and over the resource.,A statement of any rights held in/over the collection description record.,"Typically, rights information includes a statement about various property rights associated with the resource, including intellectual property rights. Recommended practice is to refer to a rights statement with a IRI. If this is not possible or feasible, a literal value (name, label, or short text) may be provided.","`http://scratchpads.eu/about/policies/termsandconditions`, `All rights reserved by DataOwner Ltd.`",http://www.w3.org/1999/02/22-rdf-syntax-ns#Property,http://rs.tdwg.org/dwc/terms/attributes/RecordLevel,False,False,2024-02-28,2024-02-28,RecordLevel,http://purl.org/dc/terms/,http://purl.org/dc/terms/rights,dcterms:rights,http://rs.tdwg.org/ltc/terms/rights-2024-02-28,string,,,,
dcterms:,rightsHolder,Rights Holder,A person or organization owning or managing rights over the resource.,A person or organization owning or managing rights held in/over the collection description record.,"Recommended practice is to refer to the rights holder with a IRI. If this is not possible or feasible, a literal value that identifies the rights holder may be provided.","`Smith, Clare`, `Natural History Museum, London`, `https://orcid.org/XXXX-XXXX-XXXX-XXXX`, `https://ror.org/XXaaaXXXX`",http://www.w3.org/1999/02/22-rdf-syntax-ns#Property,http://rs.tdwg.org/dwc/terms/attributes/RecordLevel,False,False,2024-02-28,2024-02-28,RecordLevel,http://purl.org/dc/terms/,http://purl.org/dc/terms/rightsHolder,dcterms:rightsHolder,http://rs.tdwg.org/ltc/terms/rightsHolder-2024-02-28,string,,,,
ltc:,roleName,Role Name,A short descriptive name for the role.,,,"`Director`, `Chair`, `Record owner`, `Primary Latimer Core record contact`, `Primary collection contact`, `Owner`, `Curator`, `Collection manager`, `Head of department`, `Registrar`, `Data curation`, `Supervision`, `Collecting`, `Curation`, `Conservation`, `Funding`, `Imaging`",http://www.w3.org/1999/02/22-rdf-syntax-ns#Property,http://rs.tdwg.org/dwc/terms/attributes/Role,False,False,2024-02-28,2024-02-28,Role,http://rs.tdwg.org/ltc/terms/,http://rs.tdwg.org/ltc/terms/roleName,ltc:roleName,http://rs.tdwg.org/ltc/terms/roleName-2024-02-28,string,Intitulé du Rôle,Un titre descriptif et bref pour le rôle.,,
dwc:,samplingProtocol,Sampling Protocol,"The names of, references to, or descriptions of the methods or protocols used during an Event.",,The primary use of this property is to describe the methods or protocols used to gather objects in the collection.,"`UV light trap`, `mist net`, `bottom trawl`, `ad hoc observation`, `Penguins from space: faecal stains reveal the location of emperor penguin colonies, https://doi.org/10.1111/j.1466-8238.2009.00467.x`, `Takats et al. 2001. Guidelines for Nocturnal Owl Monitoring in North America. Beaverhill Bird Observatory and Bird Studies Canada, Edmonton, Alberta. 32 pp., http://www.bsc-eoc.org/download/Owl.pdf`",http://www.w3.org/1999/02/22-rdf-syntax-ns#Property,http://rs.tdwg.org/dwc/terms/attributes/Event,False,True,2024-02-28,2024-02-28,Event,http://rs.tdwg.org/dwc/terms/,http://rs.tdwg.org/dwc/terms/samplingProtocol,dwc:samplingProtocol,http://rs.tdwg.org/ltc/terms/samplingProtocol-2024-02-28,list,,,,
ltc:,schemeMeasurementType,Scheme Measurement Type,A category of quantitative metric or qualitative fact that can be included in the LatimerCoreScheme.,,"The schemeMeasurementType should correspond to, and be used to catalogue and/or constrain, the values that can be used in the measurementType property of the MeasurementOrFact class.","`Imaged Level Percentage`, `Storage Volume`, `Object Count`, `MIDS-0 Object Count`, `Historical Narrative`",http://www.w3.org/1999/02/22-rdf-syntax-ns#Property,http://rs.tdwg.org/dwc/terms/attributes/SchemeMeasurementOrFact,True,False,2024-02-28,2024-02-28,SchemeMeasurementOrFact,http://rs.tdwg.org/ltc/terms/,http://rs.tdwg.org/ltc/terms/schemeMeasurementType,ltc:schemeMeasurementType,http://rs.tdwg.org/ltc/terms/schemeMeasurementType-2024-02-28,string,Type de Mesure du Modèle,Une catégorie de mesures quantitatives ou de faits qualitatifs qui peuvent être inclus dans le LatimerCoreScheme.,,Le schemeMeasurementType doit correspondre aux valeurs susceptibles d'être utilisées dans la propriété measurementType de la classe MeasurementOrFact et être utilisé pour cataloguer et/ou restreindre ces valeurs.
ltc:,schemeName,Scheme Name,A short descriptive name given to the LatimerCoreScheme.,,,"`NHM Collections Inventory`, `Index Herbariorum`, `European Darwin Collections`",http://www.w3.org/1999/02/22-rdf-syntax-ns#Property,http://rs.tdwg.org/dwc/terms/attributes/LatimerCoreScheme,True,False,2024-02-28,2024-02-28,LatimerCoreScheme,http://rs.tdwg.org/ltc/terms/,http://rs.tdwg.org/ltc/terms/schemeName,ltc:schemeName,http://rs.tdwg.org/ltc/terms/schemeName-2024-02-28,string,A pour Nom du Modèle,Un nom descriptif et bref donné au LatimerCoreScheme.,,
dwc:,scientificName,Scientific Name,"The full scientific name, with authorship and date information if known. When forming part of an Identification, this should be the name in lowest level taxonomic rank that can be determined. This term should not contain identification qualifications, which should instead be supplied in the IdentificationQualifier term.",The full scientific name. This should be the name in lowest level taxonomic rank that applies across the collection.,"If this field is used, then recommended to also complete the taxonRank. This term should not contain identification qualifications.","`Coleoptera` (order), `Vespertilionidae` (family), `Manis` (genus), `Ctenomys sociabilis` (genus + specificEpithet), `Ambystoma tigrinum diaboli` (genus + specificEpithet + infraspecificEpithet)",http://www.w3.org/1999/02/22-rdf-syntax-ns#Property,http://rs.tdwg.org/dwc/terms/attributes/Taxon,False,False,2024-02-28,2024-02-28,Taxon,http://rs.tdwg.org/dwc/terms/,http://rs.tdwg.org/dwc/terms/scientificName,dwc:scientificName,http://rs.tdwg.org/ltc/terms/scientificName-2024-02-28,string,,,,
dwc:,stateProvince,First Order Division,"The name of the next smaller administrative region than country (state, province, canton, department, region, etc.) in which the Location occurs.","The name of the next smaller administrative region than country (state, province, canton, department, region, etc.) in which the GeographicContext is located.",Recommended best practice is to use a controlled vocabulary such as the Getty Thesaurus of Geographic Names and to leave this field blank if the Location spans multiple entities at this administrative level or is uncertain.,"`Montana`, `Minas Gerais`, `Córdoba`",http://www.w3.org/1999/02/22-rdf-syntax-ns#Property,http://rs.tdwg.org/dwc/terms/attributes/GeographicContext,False,False,2024-02-28,2024-02-28,GeographicContext,http://rs.tdwg.org/dwc/terms/,http://rs.tdwg.org/dwc/terms/stateProvince,dwc:stateProvince,http://rs.tdwg.org/ltc/terms/stateProvince-2024-02-28,string,,,,
ltc:,status,Status,The development status of the collection during a specified period.,,The values/vocabularies for a status are predicated by the statusType. The in the examples mentioned terms are a cumulative list of terms associated with several different statusTypes.,"`Complete`, `In part`, `Developing`, `Closed`, `Active growth`, `Consumable`, `Decreasing`, `Lost`, `Missing`, `Passive growth`, `Static`",http://www.w3.org/1999/02/22-rdf-syntax-ns#Property,http://rs.tdwg.org/dwc/terms/attributes/CollectionStatusHistory,True,False,2024-02-28,2024-02-28,CollectionStatusHistory,http://rs.tdwg.org/ltc/terms/,http://rs.tdwg.org/ltc/terms/status,ltc:status,http://rs.tdwg.org/ltc/terms/status-2024-02-28,string,Statut,Le statut de développement de la collection au cours d'une période donnée.,,"Les valeurs/vocabulaires d'un statut sont déterminées par le statusType. Dans les exemples, les termes mentionnés sont une liste cumulative de termes associés à plusieurs statusTypes différents."
ltc:,statusChangeReason,Status Change Reason,An explanation of why the collection transitioned to the value set in the status property.,,statusChangeReason should be aligned with the value of statusType.,"`Pest infestation`, `Exchange`, `Transfer`, `Return to country of origin`, `Worldwide pandemic`, `moved to secure off-site storage`, `reorganisation, no access from 2020-2023`",http://www.w3.org/1999/02/22-rdf-syntax-ns#Property,http://rs.tdwg.org/dwc/terms/attributes/CollectionStatusHistory,False,False,2024-02-28,2024-02-28,CollectionStatusHistory,http://rs.tdwg.org/ltc/terms/,http://rs.tdwg.org/ltc/terms/statusChangeReason,ltc:statusChangeReason,http://rs.tdwg.org/ltc/terms/statusChangeReason-2024-02-28,string,Raison de Modification du Statut,Une explication de la raison pour laquelle la collection est passée à la valeur indiquée dans la propriété Status.,,statusChangeReason doit être alignée sur la valeur de statusType.
ltc:,statusType,Status Type,A top-level classification of the different categories of status that can be applied to the collection.,,statusType forms the top level of a two-level hierarchy with the status property. Recommended best practice is to use a controlled vocabulary.,"`Stewardship`, `Accessibility`, `Completeness`, `Growth Status`, `Organisational`",http://www.w3.org/1999/02/22-rdf-syntax-ns#Property,http://rs.tdwg.org/dwc/terms/attributes/CollectionStatusHistory,True,False,2024-02-28,2024-02-28,CollectionStatusHistory,http://rs.tdwg.org/ltc/terms/,http://rs.tdwg.org/ltc/terms/statusType,ltc:statusType,http://rs.tdwg.org/ltc/terms/statusType-2024-02-28,string,Type de Statut,Une classification de haut niveau des différentes catégories de statuts qui peuvent être appliquées à la collection.,,statusType forme le niveau supérieur d'une hiérarchie à deux niveaux avec la propriété status. La pratique optimale recommandée est d'utiliser un vocabulaire contrôlé.
schema:,streetAddress,Street Address,"The street address. For example, 1600 Amphitheatre Pkwy.",,,"`Invalidenstraße 43`, `1400 S. Du Sable Lake Shore Dr`, `960 Carling Avenue`",http://www.w3.org/1999/02/22-rdf-syntax-ns#Property,http://rs.tdwg.org/dwc/terms/attributes/Address,True,False,2024-02-28,2024-02-28,Address,https://schema.org/,https://schema.org/streetAddress,schema:streetAddress,http://rs.tdwg.org/ltc/terms/streetAddress-2024-02-28,string,,,,
ltc:,supergroup,Supergroup,The full name of the lithostratigraphic supergroup from which the cataloged item was collected.,A supergroup is a formal assemblage of related or superposed groups or of groups and formations. Such units have proved useful in regional and provincial syntheses. Supergroups should be named only where their recognition serves a clear purpose.,Recommended vocabulary. At time of inclusion this term is in progress of being included as part of dwc tdwg/dwc#234,"`Karoe`, `Cape`",http://www.w3.org/1999/02/22-rdf-syntax-ns#Property,http://rs.tdwg.org/dwc/terms/attributes/GeologicalContext,False,False,2024-02-28,2024-02-28,GeologicalContext,http://rs.tdwg.org/ltc/terms/,http://rs.tdwg.org/ltc/terms/supergroup,ltc:supergroup,http://rs.tdwg.org/ltc/terms/supergroup-2024-02-28,string,Supergroupe,Nom complet du supergroupe lithostratigraphique dans lequel la ressource cataloguée a été prélevée.,"Un supergroupe est un assemblage formalisé de groupes liés ou superposés, ou de groupes et de formations. Ces unités se sont révélées utiles dans les synthèses régionales et provinciales. Les supergroupes ne doivent être nommés que lorsque leur définition répond à un objectif concret.","Vocabulaire recommandé. Au moment de la rédaction, ce terme est en cours d'inclusion dans le dwc tdwg/dwc#234"
dwc:,taxonRank,Taxon Rank,The taxonomic rank of the most specific name in the scientificName.,,Recommended best practice is to use a controlled vocabulary. For example: https://bioportal.bioontology.org/ontologies/TAXRANK?p=summary,"`subspecies`, `varietas`, `forma`, `species`, `genus`",http://www.w3.org/1999/02/22-rdf-syntax-ns#Property,http://rs.tdwg.org/dwc/terms/attributes/Taxon,False,False,2024-02-28,2024-02-28,Taxon,http://rs.tdwg.org/dwc/terms/,http://rs.tdwg.org/dwc/terms/taxonRank,dwc:taxonRank,http://rs.tdwg.org/ltc/terms/taxonRank-2024-02-28,string,,,,
ltc:,temporalCoverageEndDateTime,Temporal Coverage End Date,Datetime at which the TemporalCoverage finished.,"If temporalCoverageEndDateTime is populated, temporalCoverageType is strongly recommended.",,"`1886`, `1984-09`, `2001-10-22`, `1997-07-16T19:20+01:00`",http://www.w3.org/1999/02/22-rdf-syntax-ns#Property,http://rs.tdwg.org/dwc/terms/attributes/TemporalCoverage,False,False,2024-02-28,2024-02-28,TemporalCoverage,http://rs.tdwg.org/ltc/terms/,http://rs.tdwg.org/ltc/terms/temporalCoverageEndDateTime,ltc:temporalCoverageEndDateTime,http://rs.tdwg.org/ltc/terms/temporalCoverageEndDateTime-2024-02-28,string,Date de Fin de la Couverture Temporelle,Datetime à laquelle la couverture temporelle a fini.,"Si le champ temporalCoverageEndDateTime est renseigné, le champ temporalCoverageType est également préconisé.",
ltc:,temporalCoverageStartDateTime,Temporal Coverage Start Date,Datetime at which the TemporalCoverage began.,"If temporalCoverageStartDateTime is populated, temporalCoverageType is recommended.",,"`1886`, `1984-09`, `2001-10-22`, `1997-07-16T19:20+01:00`",http://www.w3.org/1999/02/22-rdf-syntax-ns#Property,http://rs.tdwg.org/dwc/terms/attributes/TemporalCoverage,False,False,2024-02-28,2024-02-28,TemporalCoverage,http://rs.tdwg.org/ltc/terms/,http://rs.tdwg.org/ltc/terms/temporalCoverageStartDateTime,ltc:temporalCoverageStartDateTime,http://rs.tdwg.org/ltc/terms/temporalCoverageStartDateTime-2024-02-28,string,Date de Début de la Couverture Temporelle,Datetime à laquelle la couverture temporelle a débuté.,"Si le champ temporalCoverageStartDateTime est renseigné, le champ temporalCoverageType est également préconisé.",
ltc:,temporalCoverageType,Temporal Coverage Type,The type or context of the described TemporalCoverage.,"If temporalCoverageStartDateTime is populated, temporalCoverageType is recommended.",Recommendation is to use a controlled vocabulary.,"`Collecting time range`, `Establishment time range`, `Time in post`",http://www.w3.org/1999/02/22-rdf-syntax-ns#Property,http://rs.tdwg.org/dwc/terms/attributes/TemporalCoverage,False,False,2024-02-28,2024-02-28,TemporalCoverage,http://rs.tdwg.org/ltc/terms/,http://rs.tdwg.org/ltc/terms/temporalCoverageType,ltc:temporalCoverageType,http://rs.tdwg.org/ltc/terms/temporalCoverageType-2024-02-28,string,Type de Couverture Temporelle,Le type ou le contexte de la couverture temporelle décrite.,"Si le champ temporalCoverageStartDateTime est renseigné, le champ temporalCoverageType est également préconisé.",Il est recommandé d'utiliser un vocabulaire contrôlé.
ltc:,termName,Term Name,The name of a class or property within the Latimer Core standard that is included in the LatimerCoreScheme.,,The values of this property are constrained to the names of terms (classes or properties) within the Latimer Core standard.,"`GeographicContext`, `Taxon`, `preservationMethod`, `discipline`",http://www.w3.org/1999/02/22-rdf-syntax-ns#Property,http://rs.tdwg.org/dwc/terms/attributes/SchemeTerm,True,False,2024-02-28,2024-02-28,SchemeTerm,http://rs.tdwg.org/ltc/terms/,http://rs.tdwg.org/ltc/terms/termName,ltc:termName,http://rs.tdwg.org/ltc/terms/termName-2024-02-28,string,Nom du Terme,Le nom d'une classe ou d'une propriété du standard Latimer Core qui est incluse dans le LatimerCoreScheme.,,Les valeurs de cette propriété sont limitées aux noms des termes (classes ou propriétés) du standard Latimer Core.
ltc:,typeOfObjectGroup,Type Of Object Group,Additional information that describes the object(s) in the collection.,,"High-level information that enables the finding of the group and/or its object(s) in searches by users on the web using attributes commonly of interest. Recommended best practice is to use a controlled vocabulary. Terms such as soil, pollen, faeces, muscle, genomic DNA are currently put in preparationType.","if baseTypeOfObjectGroup = `MaterialEntity`: `Living`, `Preserved`, `Fossilized`, `Non-biological`, `Human-made`; if baseTypeOfObjectGroup = `InformationArtefact`: `Digital`, `Physical`",http://www.w3.org/1999/02/22-rdf-syntax-ns#Property,http://rs.tdwg.org/dwc/terms/attributes/ObjectGroup,False,True,2024-02-28,2024-02-28,ObjectGroup,http://rs.tdwg.org/ltc/terms/,http://rs.tdwg.org/ltc/terms/typeOfObjectGroup,ltc:typeOfObjectGroup,http://rs.tdwg.org/ltc/terms/typeOfObjectGroup-2024-02-28,list,Type de Groupe d'Objets,Informations supplémentaires décrivant le(s) objet(s) de la collection.,,"Informations de haut niveau qui permettent aux utilisateurs de trouver le groupe et/ou son (ses) objet(s) lorsqu'ils effectuent des recherches sur le web à l'aide d'attributs fréquemment utilisés. La pratique optimale recommandée est d'utiliser un vocabulaire contrôlé. Des termes tels que sol, pollen, fèces, muscle ou ADN génomique, sont actuellement placés dans preparationType."
chrono:,verbatimChronometricAge,Verbatim Chronometric Age,"The verbatim age for a specimen, whether reported by a dating assay, associated references, or legacy information.","The verbatim age for the objects in the collection, whether reported by a dating assay, associated references, or legacy information.","For example, this could be the radiocarbon age as given in an AMS dating report. This could also be simply what is reported as the age of a specimen in legacy collections data.",`27 BC to 14 AD`,http://www.w3.org/1999/02/22-rdf-syntax-ns#Property,http://rs.tdwg.org/dwc/terms/attributes/ChronometricAge,False,False,2024-02-28,2024-02-28,ChronometricAge,http://rs.tdwg.org/chrono/terms/,http://rs.tdwg.org/chrono/terms/verbatimChronometricAge,chrono:verbatimChronometricAge,http://rs.tdwg.org/ltc/terms/verbatimChronometricAge-2024-02-28,string,,,,
dwc:,verbatimEventDate,Verbatim Event Date,The verbatim original representation of the date and time information for an Event.,,,"`spring 1910`, `Marzo 2002`, `1999-03-XX`, `17IV1934`",http://www.w3.org/1999/02/22-rdf-syntax-ns#Property,http://rs.tdwg.org/dwc/terms/attributes/Event,False,False,2024-02-28,2024-02-28,Event,http://rs.tdwg.org/dwc/terms/,http://rs.tdwg.org/dwc/terms/verbatimEventDate,dwc:verbatimEventDate,http://rs.tdwg.org/ltc/terms/verbatimEventDate-2024-02-28,string,,,,
dwc:,waterBody,Water Body,The name of the water body in which the Location occurs.,The name of the water body in which the GeographicContext is located.,"This is intended to define the lowest water body or aquatic feature that defines the geographical constraints of aquatic collections below ocean. Suggestions for appropriate vocabularies include: HydroLAKES (https://www.hydrosheds.org/page/hydrolakes), a database aiming to provide the shoreline polygons of all global lakes with a surface area of at least 10 ha, the 'water body' term in the OBO ontology (http://purl.obolibrary.org/obo/ENVO_00000063) and, for marine water bodies, IHO Sea Areas (http://www.vliz.be/en/imis?dasid=5444&doiid=323).","`Baltic Sea`, `Hudson River`, `Lago Nahuel Huapi`",http://www.w3.org/1999/02/22-rdf-syntax-ns#Property,http://rs.tdwg.org/dwc/terms/attributes/GeographicContext,False,False,2024-02-28,2024-02-28,GeographicContext,http://rs.tdwg.org/dwc/terms/,http://rs.tdwg.org/dwc/terms/waterBody,dwc:waterBody,http://rs.tdwg.org/ltc/terms/waterBody-2024-02-28,string,,,,
ltc:,waterBodyType,Waterbody Type,A term that indicates the aquatic order of a waterbody.,,"Recommendation is to use a controlled vocabulary, such as those fuind at https://www.usgs.gov/mission-areas/water-resources/science/types-water and https://sciencetrends.com/types-bodies-water-complete-list/.","`Ocean`, `Sea`, `Lake`, `Pond`, `River`",http://www.w3.org/1999/02/22-rdf-syntax-ns#Property,http://rs.tdwg.org/dwc/terms/attributes/GeographicContext,False,False,2024-02-28,2024-02-28,GeographicContext,http://rs.tdwg.org/ltc/terms/,http://rs.tdwg.org/ltc/terms/waterBodyType,ltc:waterBodyType,http://rs.tdwg.org/ltc/terms/waterBodyType-2024-02-28,string,Type d'Étendue d'Eau,Un terme qui indique le type d'une masse d'eau.,,"Il est recommandé d'utiliser un vocabulaire contrôlé, tel que ceux trouvés sur https://www.usgs.gov/mission-areas/water-resources/science/types-water et https://sciencetrends.com/types-bodies-water-complete-list/."
