	mapping_number	sssom_subject_id	sssom_subject_category	sssom_predicate_id	sssom_object_id	sssom_object_category	sssom_mapping_justification	sssom_author_id	sssom_author_label	sssom_creator_id	sssom_creator_label	sssom_subject_type	sssom_object_type	sssom_object_source	sssom_mapping_date	sssom_object_match_field	sssom_comment	semapv_RegexRemoval	object_source_version	object_url	subject_url	object_namespace	sssom_reviewer_id	sssom_reviewer_label	discipline	sssom_subject_label	sssom_object_label	term_local_name
0	1	mids:PhysicalSpecimenID	mids:MIDS0	skos:narrowMatch	abcd2:UnitID	abcd2:Unit	semapv:HumanCuration	orcid:0000-0002-0829-5849	David Fichtmueller	orcid:0000-0002-3973-1252	Mathias Dillen	rdf property	xpath	/DataSets/DataSet/Units/Unit/UnitID	2024-06-24			|unknown:undigitized	http://www.tdwg.org/schemas/abcd/2.06	abcd2:UnitID	https://tdwg.github.io    /mids/information-elements#PhysicalSpecimenID	abcd			Biology			PhysicalSpecimenID
1	2	mids:PhysicalSpecimenID	mids:MIDS0	skos:narrowMatch	abcd2:UnitGUID	abcd2:Unit	semapv:HumanCuration	orcid:0000-0002-0829-5849	David Fichtmueller	orcid:0000-0002-3973-1252	Mathias Dillen	rdf property	xpath	/DataSets/DataSet/Units/Unit/UnitGUID	2024-06-24			|unknown:undigitized	http://www.tdwg.org/schemas/abcd/2.06	abcd2:UnitGUID	https://tdwg.github.io    /mids/information-elements#PhysicalSpecimenID	abcd			Biology			PhysicalSpecimenID
2	3	mids:Organization	mids:MIDS0	skos:narrowMatch	abcd2:SourceInstitutionID	abcd2:Unit	semapv:HumanCuration	orcid:0000-0002-0829-5849	David Fichtmueller	orcid:0000-0002-3973-1252	Mathias Dillen	rdf property	xpath	/DataSets/DataSet/Units/Unit/SourceInstitutionID	2024-06-24			|unknown:undigitized	http://www.tdwg.org/schemas/abcd/2.06	abcd2:SourceInstitutionID	https://tdwg.github.io    /mids/information-elements#Organization	abcd			Biology			Organization
3	4	mids:Organization	mids:MIDS0	skos:narrowMatch	abcd2:Unit-Owner-OrganisationGUID	abcd2:Unit	semapv:HumanCuration	orcid:0000-0002-0829-5849	David Fichtmueller	orcid:0000-0002-3973-1252	Mathias Dillen	rdf property	xpath	/DataSets/DataSet/Units/Unit/Owner/Organisation/OrganisationGUID	2024-06-24			|unknown:undigitized	http://www.tdwg.org/schemas/abcd/2.06	abcd2:Unit-Owner-OrganisationGUID	https://tdwg.github.io    /mids/information-elements#Organization	abcd			Biology			Organization
4	5	mids:Organization	mids:MIDS0	skos:narrowMatch	abcd2:DataSet-Owner-OrganisationGUID	abcd2:DataSet	semapv:HumanCuration	orcid:0000-0002-0829-5849	David Fichtmueller	orcid:0000-0002-3973-1252	Mathias Dillen	rdf property	xpath	/DataSets/DataSet/Metadata/Owners/Owner/Organisation/OrganisationGUID	2024-06-24			|unknown:undigitized	http://www.tdwg.org/schemas/abcd/2.06	abcd2:DataSet-Owner-OrganisationGUID	https://tdwg.github.io    /mids/information-elements#Organization	abcd			Biology			Organization
5	6	mids:Name	mids:MIDS1	skos:narrowMatch	abcd2:TaxonIdentified-FullScientificNameString	abcd2:Unit	semapv:HumanCuration	orcid:0000-0002-0829-5849	David Fichtmueller	orcid:0000-0002-3973-1252	Mathias Dillen	rdf property	xpath	/DataSets/DataSet/Units/Unit/Identifications/Identification/Result/TaxonIdentified/ScientificName/FullScientificNameString	2024-06-24			|unknown:undigitized	http://www.tdwg.org/schemas/abcd/2.06	abcd2:TaxonIdentified-FullScientificNameString	https://tdwg.github.io    /mids/information-elements#Name	abcd			Biology			Name
6	7	mids:Name	mids:MIDS1	skos:narrowMatch	abcd2:TaxonIdentified-InformalNameString	abcd2:Unit	semapv:HumanCuration	orcid:0000-0002-0829-5849	David Fichtmueller	orcid:0000-0002-3973-1252	Mathias Dillen	rdf property	xpath	/DataSets/DataSet/Units/Unit/Identifications/Identification/Result/TaxonIdentified/InformalNameString	2024-06-24			|unknown:undigitized	http://www.tdwg.org/schemas/abcd/2.06	abcd2:TaxonIdentified-InformalNameString	https://tdwg.github.io    /mids/information-elements#Name	abcd			Biology			Name
7	8	mids:Name	mids:MIDS1	skos:narrowMatch	abcd2:TaxonIdentified-NamedIndividual	abcd2:Unit	semapv:HumanCuration	orcid:0000-0002-0829-5849	David Fichtmueller	orcid:0000-0002-3973-1252	Mathias Dillen	rdf property	xpath	/DataSets/DataSet/Units/Unit/Identifications/Identification/Result/TaxonIdentified/ScientificName/NameAtomised/Zoological/NamedIndividual	2024-06-24			|unknown:undigitized	http://www.tdwg.org/schemas/abcd/2.06	abcd2:TaxonIdentified-NamedIndividual	https://tdwg.github.io    /mids/information-elements#Name	abcd			Biology			Name
8	9	mids:ObjectType	mids:MIDS1	skos:exactMatch	abcd2:KindOfUnit	abcd2:Unit	semapv:HumanCuration	orcid:0000-0002-0829-5849	David Fichtmueller	orcid:0000-0002-3973-1252	Mathias Dillen	rdf property	xpath	/DataSets/DataSet/Units/Unit/KindOfUnit	2024-06-24			|unknown:undigitized	http://www.tdwg.org/schemas/abcd/2.06	abcd2:KindOfUnit	https://tdwg.github.io    /mids/information-elements#ObjectType	abcd			Biology			ObjectType
9	10	mids:License	mids:MIDS1	skos:narrowMatch	abcd2:Unit-License-Text	abcd2:Unit	semapv:HumanCuration	orcid:0000-0002-0829-5849	David Fichtmueller	orcid:0000-0002-3973-1252	Mathias Dillen	rdf property	xpath	/DataSets/DataSet/Units/Unit/IPRStatements/Licenses/License/Text	2024-06-26			|unknown:undigitized	http://www.tdwg.org/schemas/abcd/2.06	abcd2:Unit-License-Text	https://tdwg.github.io    /mids/information-elements#License	abcd			Biology			License
10	11	mids:License	mids:MIDS1	skos:narrowMatch	abcd2:Unit-License-URI	abcd2:Unit	semapv:HumanCuration	orcid:0000-0002-0829-5849	David Fichtmueller	orcid:0000-0002-3973-1252	Mathias Dillen	rdf property	xpath	/DataSets/DataSet/Units/Unit/IPRStatements/Licenses/License/URI	2024-06-26			|unknown:undigitized	http://www.tdwg.org/schemas/abcd/2.06	abcd2:Unit-License-URI	https://tdwg.github.io    /mids/information-elements#License	abcd			Biology			License
11	12	mids:License	mids:MIDS1	skos:narrowMatch	abcd2:DataSet-License-Text	abcd2:DataSet	semapv:HumanCuration	orcid:0000-0002-0829-5849	David Fichtmueller	orcid:0000-0002-3973-1252	Mathias Dillen	rdf property	xpath	/DataSets/DataSet/Metadata/IPRStatements/Licenses/License/Text	2024-06-26			|unknown:undigitized	http://www.tdwg.org/schemas/abcd/2.06	abcd2:DataSet-License-Text	https://tdwg.github.io    /mids/information-elements#License	abcd			Biology			License
12	13	mids:License	mids:MIDS1	skos:narrowMatch	abcd2:DataSet-License-URI	abcd2:DataSet	semapv:HumanCuration	orcid:0000-0002-0829-5849	David Fichtmueller	orcid:0000-0002-3973-1252	Mathias Dillen	rdf property	xpath	/DataSets/DataSet/Metadata/IPRStatements/Licenses/License/URI	2024-06-26			|unknown:undigitized	http://www.tdwg.org/schemas/abcd/2.06	abcd2:DataSet-License-URI	https://tdwg.github.io    /mids/information-elements#License	abcd			Biology			License
13	14	mids:Modified	mids:MIDS1	skos:narrowMatch	abcd2:DataSet-DateModified	abcd2:DataSet	semapv:HumanCuration	orcid:0000-0002-0829-5849	David Fichtmueller	orcid:0000-0002-3973-1252	Mathias Dillen	rdf property	xpath	/DataSets/DataSet/Metadata/RevisionData/DateModified	2024-06-24			|unknown:undigitized	http://www.tdwg.org/schemas/abcd/2.06	abcd2:DataSet-DateModified	https://tdwg.github.io    /mids/information-elements#Modified	abcd			Biology			Modified
14	15	mids:Modified	mids:MIDS1	skos:narrowMatch	abcd2:Unit-DateLastEdited	abcd2:Unit	semapv:HumanCuration	orcid:0000-0002-0829-5849	David Fichtmueller	orcid:0000-0002-3973-1252	Mathias Dillen	rdf property	xpath	/DataSets/DataSet/Units/Unit/DateLastEdited	2024-06-24		alternative modified date on record level	|unknown:undigitized	http://www.tdwg.org/schemas/abcd/2.06	abcd2:Unit-DateLastEdited	https://tdwg.github.io    /mids/information-elements#Modified	abcd			Biology			Modified
15	16	mids:QualitativeLocation	mids:MIDS2	skos:narrowMatch	abcd2:Gathering-LocalityText	abcd2:Unit	semapv:HumanCuration	orcid:0009-0007-3961-8923|orcid:0000-0002-0829-5849	Stefan Seifert|David Fichtmueller	orcid:0000-0002-3973-1252	Mathias Dillen	rdf property	xpath	/DataSets/DataSet/Units/Unit/Gathering/LocalityText	2024-06-26			|unknown:undigitized	http://www.tdwg.org/schemas/abcd/2.06	abcd2:Gathering-LocalityText	https://tdwg.github.io    /mids/information-elements#QualitativeLocation	abcd			Biology			QualitativeLocation
16	17	mids:QualitativeLocation	mids:MIDS2	skos:narrowMatch	abcd2:Gathering-Country	abcd2:Unit	semapv:HumanCuration	orcid:0009-0007-3961-8923|orcid:0000-0002-0829-5849	Stefan Seifert|David Fichtmueller	orcid:0000-0002-3973-1252	Mathias Dillen	rdf property	xpath	/DataSets/DataSet/Units/Unit/Gathering/Country	2024-06-26			|unknown:undigitized	http://www.tdwg.org/schemas/abcd/2.06	abcd2:Gathering-Country	https://tdwg.github.io    /mids/information-elements#QualitativeLocation	abcd			Biology			QualitativeLocation
17	18	mids:QualitativeLocation	mids:MIDS2	skos:narrowMatch	abcd2:Biotope	abcd2:Unit	semapv:HumanCuration	orcid:0009-0007-3961-8923|orcid:0000-0002-0829-5849	Stefan Seifert|David Fichtmueller	orcid:0000-0002-3973-1252	Mathias Dillen	rdf property	xpath	/DataSets/DataSet/Units/Unit/Gathering/Biotope	2024-06-26			|unknown:undigitized	http://www.tdwg.org/schemas/abcd/2.06	abcd2:Biotope	https://tdwg.github.io    /mids/information-elements#QualitativeLocation	abcd			Biology			QualitativeLocation
18	19	mids:QualitativeLocation	mids:MIDS2	skos:narrowMatch	abcd2:Gathering-NamedArea-AreaName	abcd2:Unit	semapv:HumanCuration	orcid:0009-0007-3961-8923|orcid:0000-0002-0829-5849	Stefan Seifert|David Fichtmueller	orcid:0000-0002-3973-1252	Mathias Dillen	rdf property	xpath	/DataSets/DataSet/Units/Unit/Gathering/NamedAreas/NamedArea/AreaName	2024-06-26			|unknown:undigitized	http://www.tdwg.org/schemas/abcd/2.06	abcd2:Gathering-NamedArea-AreaName	https://tdwg.github.io    /mids/information-elements#QualitativeLocation	abcd			Biology			QualitativeLocation
19	20	mids:QualitativeLocation	mids:MIDS2	skos:narrowMatch	abcd2:Gathering-NearNamedPlace	abcd2:Unit	semapv:HumanCuration	orcid:0009-0007-3961-8923|orcid:0000-0002-0829-5849	Stefan Seifert|David Fichtmueller	orcid:0000-0002-3973-1252	Mathias Dillen	rdf property	xpath	/DataSets/DataSet/Units/Unit/Gathering/AreaDetail	2024-06-26			|unknown:undigitized	http://www.tdwg.org/schemas/abcd/2.06	abcd2:Gathering-NearNamedPlace	https://tdwg.github.io    /mids/information-elements#QualitativeLocation	abcd			Biology			QualitativeLocation
20	21	mids:QualitativeLocation	mids:MIDS2	skos:narrowMatch	abcd2:Gathering-AreaDetail	abcd2:Unit	semapv:HumanCuration	orcid:0009-0007-3961-8923|orcid:0000-0002-0829-5849	Stefan Seifert|David Fichtmueller	orcid:0000-0002-3973-1252	Mathias Dillen	rdf property	xpath	/DataSets/DataSet/Units/Unit/Gathering/NearNamedPlaces/NamedPlaceRelation/NearNamedPlace	2024-06-26			|unknown:undigitized	http://www.tdwg.org/schemas/abcd/2.06	abcd2:Gathering-AreaDetail	https://tdwg.github.io    /mids/information-elements#QualitativeLocation	abcd			Biology			QualitativeLocation
21	22	mids:QuantitativeLocation	mids:MIDS2	owl:intersectionOf	abcd2:Gathering-LatitudeDecimal	abcd2:Unit	semapv:HumanCuration	orcid:0009-0007-3961-8923|orcid:0000-0002-0829-5849	Stefan Seifert|David Fichtmueller	orcid:0000-0002-3973-1252	Mathias Dillen	rdf property	xpath	/DataSets/DataSet/Units/Unit/Gathering/SiteCoordinateSets/SiteCoordinates/CoordinatesLatLong/LatitudeDecimal	2024-06-26	abcd2:Gathering-LatitudeDecimal|abcd2:Gathering-LongitudeDecimal	All properties in object_match_field need to be present	|unknown:undigitized	http://www.tdwg.org/schemas/abcd/2.06	abcd2:Gathering-LatitudeDecimal	https://tdwg.github.io    /mids/information-elements#QuantitativeLocation	abcd			Biology			QuantitativeLocation
22	23	mids:QuantitativeLocation	mids:MIDS2	owl:intersectionOf	abcd2:Gathering-LongitudeDecimal	abcd2:Unit	semapv:HumanCuration	orcid:0009-0007-3961-8923|orcid:0000-0002-0829-5849	Stefan Seifert|David Fichtmueller	orcid:0000-0002-3973-1252	Mathias Dillen	rdf property	xpath	/DataSets/DataSet/Units/Unit/Gathering/SiteCoordinateSets/SiteCoordinates/CoordinatesLatLong/LongitudeDecimal	2024-06-26			|unknown:undigitized	http://www.tdwg.org/schemas/abcd/2.06	abcd2:Gathering-LongitudeDecimal	https://tdwg.github.io    /mids/information-elements#QuantitativeLocation	abcd			Biology			QuantitativeLocation
23	24	mids:QuantitativeLocation	mids:MIDS2	skos:narrowMatch	abcd2:Gathering-GML	abcd2:Unit	semapv:HumanCuration	orcid:0009-0007-3961-8923|orcid:0000-0002-0829-5849	Stefan Seifert|David Fichtmueller	orcid:0000-0002-3973-1252	Mathias Dillen	rdf property	xpath	/DataSets/DataSet/Units/Unit/Gathering/GML	2024-06-26			|unknown:undigitized	http://www.tdwg.org/schemas/abcd/2.06	abcd2:Gathering-GML	https://tdwg.github.io    /mids/information-elements#QuantitativeLocation	abcd			Biology			QuantitativeLocation
24	25	mids:QuantitativeLocation	mids:MIDS2	skos:narrowMatch	abcd2:Gathering-WFS	abcd2:Unit	semapv:HumanCuration	orcid:0009-0007-3961-8923|orcid:0000-0002-0829-5849	Stefan Seifert|David Fichtmueller	orcid:0000-0002-3973-1252	Mathias Dillen	rdf property	xpath	/DataSets/DataSet/Units/Unit/Gathering/WFS	2024-06-26		WMS URL with center coordinate given	|unknown:undigitized	http://www.tdwg.org/schemas/abcd/2.06	abcd2:Gathering-WFS	https://tdwg.github.io    /mids/information-elements#QuantitativeLocation	abcd			Biology			QuantitativeLocation
25	26	mids:QuantitativeLocation	mids:MIDS2	skos:narrowMatch	abcd2:Gathering-WMSURL	abcd2:Unit	semapv:HumanCuration	orcid:0009-0007-3961-8923|orcid:0000-0002-0829-5849	Stefan Seifert|David Fichtmueller	orcid:0000-0002-3973-1252	Mathias Dillen	rdf property	xpath	/DataSets/DataSet/Units/Unit/Gathering/WMSURL	2024-06-26			|unknown:undigitized	http://www.tdwg.org/schemas/abcd/2.06	abcd2:Gathering-WMSURL	https://tdwg.github.io    /mids/information-elements#QuantitativeLocation	abcd			Biology			QuantitativeLocation
26	27	mids:CollectingAgent	mids:MIDS2	skos:narrowMatch	abcd2:Gathering-AgentText	abcd2:Unit	semapv:HumanCuration	orcid:0009-0007-3961-8923|orcid:0000-0002-0829-5849	Stefan Seifert|David Fichtmueller	orcid:0000-0002-3973-1252	Mathias Dillen	rdf property	xpath	/DataSets/DataSet/Units/Unit/Gathering/Agents/GatheringAgent/AgentText	2024-06-26			|unknown:undigitized	http://www.tdwg.org/schemas/abcd/2.06	abcd2:Gathering-AgentText	https://tdwg.github.io    /mids/information-elements#CollectingAgent	abcd			Biology			CollectingAgent
27	28	mids:CollectingAgent	mids:MIDS2	skos:narrowMatch	abcd2:GatheringAgent-FullName	abcd2:Unit	semapv:HumanCuration	orcid:0009-0007-3961-8923|orcid:0000-0002-0829-5849	Stefan Seifert|David Fichtmueller	orcid:0000-0002-3973-1252	Mathias Dillen	rdf property	xpath	/DataSets/DataSet/Units/Unit/Gathering/Agents/GatheringAgent/Person/FullName	2024-06-26			|unknown:undigitized	http://www.tdwg.org/schemas/abcd/2.06	abcd2:GatheringAgent-FullName	https://tdwg.github.io    /mids/information-elements#CollectingAgent	abcd			Biology			CollectingAgent
28	29	mids:CollectingAgent	mids:MIDS2	skos:narrowMatch	abcd2:GatheringAgent-InheritedName	abcd2:Unit	semapv:HumanCuration	orcid:0009-0007-3961-8923|orcid:0000-0002-0829-5849	Stefan Seifert|David Fichtmueller	orcid:0000-0002-3973-1252	Mathias Dillen	rdf property	xpath	/DataSets/DataSet/Units/Unit/Gathering/Agents/GatheringAgent/Person/AtomisedName/InheritedName	2024-06-26			|unknown:undigitized	http://www.tdwg.org/schemas/abcd/2.06	abcd2:GatheringAgent-InheritedName	https://tdwg.github.io    /mids/information-elements#CollectingAgent	abcd			Biology			CollectingAgent
29	30	mids:CollectingAgent	mids:MIDS2	skos:narrowMatch	abcd2:GatheringAgentsText	abcd2:Unit	semapv:HumanCuration	orcid:0009-0007-3961-8923|orcid:0000-0002-0829-5849	Stefan Seifert|David Fichtmueller	orcid:0000-0002-3973-1252	Mathias Dillen	rdf property	xpath	/DataSets/DataSet/Units/Unit/Gathering/Agents/GatheringAgentsText	2024-06-26			|unknown:undigitized	http://www.tdwg.org/schemas/abcd/2.06	abcd2:GatheringAgentsText	https://tdwg.github.io    /mids/information-elements#CollectingAgent	abcd			Biology			CollectingAgent
30	31	mids:DateCollected	mids:MIDS2	skos:narrowMatch	abcd2:Gathering-DateTime-ISODateTimeBegin	abcd2:Unit	semapv:HumanCuration	orcid:0009-0007-3961-8923|orcid:0000-0002-0829-5849	Stefan Seifert|David Fichtmueller	orcid:0000-0002-3973-1252	Mathias Dillen	rdf property	xpath	/DataSets/DataSet/Units/Unit/Gathering/DateTime/ISODateTimeBegin	2024-06-26			|unknown:undigitized	http://www.tdwg.org/schemas/abcd/2.06	abcd2:Gathering-DateTime-ISODateTimeBegin	https://tdwg.github.io    /mids/information-elements#DateCollected	abcd			Biology			DateCollected
31	32	mids:DateCollected	mids:MIDS2	skos:narrowMatch	abcd2:Gathering-DateTime-DateText	abcd2:Unit	semapv:HumanCuration	orcid:0009-0007-3961-8923|orcid:0000-0002-0829-5849	Stefan Seifert|David Fichtmueller	orcid:0000-0002-3973-1252	Mathias Dillen	rdf property	xpath	/DataSets/DataSet/Units/Unit/Gathering/DateTime/DateText	2024-06-26			|unknown:undigitized	http://www.tdwg.org/schemas/abcd/2.06	abcd2:Gathering-DateTime-DateText	https://tdwg.github.io    /mids/information-elements#DateCollected	abcd			Biology			DateCollected
32	33	mids:CollectingNumber	mids:MIDS2	skos:exactMatch	abcd2:CollectorsFieldNumber	abcd2:Unit	semapv:HumanCuration	orcid:0009-0007-3961-8923|orcid:0000-0002-0829-5849	Stefan Seifert|David Fichtmueller	orcid:0000-0002-3973-1252	Mathias Dillen	rdf property	xpath	/DataSets/DataSet/Units/Unit/CollectorsFieldNumber	2024-06-26			|unknown:undigitized	http://www.tdwg.org/schemas/abcd/2.06	abcd2:CollectorsFieldNumber	https://tdwg.github.io    /mids/information-elements#CollectingNumber	abcd			Biology			CollectingNumber
33	34	mids:Media	mids:MIDS2	skos:narrowMatch	abcd2:MultiMediaObject-FileURI	abcd2:Unit	semapv:HumanCuration	orcid:0009-0007-3961-8923|orcid:0000-0002-0829-5849	Stefan Seifert|David Fichtmueller	orcid:0000-0002-3973-1252	Mathias Dillen	rdf property	xpath	/DataSets/DataSet/Units/Unit/MultiMediaObjects/MultiMediaObject/FileURI	2024-06-26			|unknown:undigitized	http://www.tdwg.org/schemas/abcd/2.06	abcd2:MultiMediaObject-FileURI	https://tdwg.github.io    /mids/information-elements#Media	abcd			Biology			Media
34	35	mids:Media	mids:MIDS2	skos:narrowMatch	abcd2:MultiMediaObject-ID	abcd2:Unit	semapv:HumanCuration	orcid:0009-0007-3961-8923|orcid:0000-0002-0829-5849	Stefan Seifert|David Fichtmueller	orcid:0000-0002-3973-1252	Mathias Dillen	rdf property	xpath	/DataSets/DataSet/Units/Unit/MultiMediaObjects/MultiMediaObject/ID	2024-06-26			|unknown:undigitized	http://www.tdwg.org/schemas/abcd/2.06	abcd2:MultiMediaObject-ID	https://tdwg.github.io    /mids/information-elements#Media	abcd			Biology			Media
35	36	mids:MediaID	mids:MIDS3	skos:narrowMatch	abcd2:Gathering-SiteImage-FileURI	abcd2:Unit	semapv:HumanCuration	orcid:0000-0002-0829-5849	David Fichtmueller	orcid:0000-0002-3973-1252	Mathias Dillen	rdf property	xpath	/DataSets/DataSet/Units/Unit/Gathering/SiteImages/SiteImage/FileURI	2024-06-26			|unknown:undigitized	http://www.tdwg.org/schemas/abcd/2.06	abcd2:Gathering-SiteImage-FileURI	https://tdwg.github.io    /mids/information-elements#MediaID	abcd			Biology			MediaID
36	37	mids:MediaID	mids:MIDS3	skos:narrowMatch	abcd2:Gathering-SiteImage-FileID	abcd2:Unit	semapv:HumanCuration	orcid:0000-0002-0829-5849	David Fichtmueller	orcid:0000-0002-3973-1252	Mathias Dillen	rdf property	xpath	/DataSets/DataSet/Units/Unit/Gathering/SiteImages/SiteImage/FileID	2024-06-26			|unknown:undigitized	http://www.tdwg.org/schemas/abcd/2.06	abcd2:Gathering-SiteImage-FileID	https://tdwg.github.io    /mids/information-elements#MediaID	abcd			Biology			MediaID
37	38	mids:PhysicalSpecimenID	mids:MIDS0	skos:narrowMatch	dwc:materialSampleID	dwc:Occurrence	semapv:HumanCuration	orcid:0000-0002-3973-1252|orcid:0000-0002-5669-2769	Mathias Dillen|Sam Leeflang	orcid:0000-0002-3973-1252	Mathias Dillen	rdf property	rdf property		2023-09			|unknown:undigitized	http://rs.tdwg.org/dwc/terms	http://rs.tdwg.org/dwc/terms/materialSampleID	https://tdwg.github.io    /mids/information-elements#PhysicalSpecimenID	dwc			Biology	Physical Specimen ID	Material Sample ID	PhysicalSpecimenID
38	39	mids:PhysicalSpecimenID	mids:MIDS0	skos:narrowMatch	dwc:catalogNumber	dwc:Occurrence	semapv:HumanCuration	orcid:0000-0002-3973-1252	Mathias Dillen	orcid:0000-0002-3973-1252	Mathias Dillen	rdf property	rdf property		2023-09			|unknown:undigitized	http://rs.tdwg.org/dwc/terms	http://rs.tdwg.org/dwc/terms/catalogNumber	https://tdwg.github.io    /mids/information-elements#PhysicalSpecimenID	dwc			Biology	Physical Specimen ID	Catalog Number	PhysicalSpecimenID
39	40	mids:PhysicalSpecimenID	mids:MIDS0	skos:narrowMatch	dwc:otherCatalogNumbers	dwc:Occurrence	semapv:HumanCuration	orcid:0000-0002-3973-1252	Mathias Dillen	orcid:0000-0002-3973-1252	Mathias Dillen	rdf property	rdf property		2023-09			|unknown:undigitized	http://rs.tdwg.org/dwc/terms	http://rs.tdwg.org/dwc/terms/otherCatalogNumbers	https://tdwg.github.io    /mids/information-elements#PhysicalSpecimenID	dwc			Biology	Physical Specimen ID	Other Catalog Numbers	PhysicalSpecimenID
40	41	mids:PhysicalSpecimenID	mids:MIDS0	skos:narrowMatch	dwc:occurrenceID	dwc:Occurrence	semapv:HumanCuration	orcid:0000-0002-5669-2769	Sam Leeflang	orcid:0000-0002-3973-1252	Mathias Dillen	rdf property	rdf property		2023-09			|unknown:undigitized	http://rs.tdwg.org/dwc/terms	http://rs.tdwg.org/dwc/terms/occurrenceID	https://tdwg.github.io    /mids/information-elements#PhysicalSpecimenID	dwc			Biology	Physical Specimen ID	Occurrence ID	PhysicalSpecimenID
41	42	mids:PhysicalSpecimenID	mids:MIDS0	skos:narrowMatch	dwc:materialEntityID	dwc:Occurrence	semapv:HumanCuration	orcid:0000-0002-3090-1761	Wouter Addink	orcid:0000-0002-3973-1252	Mathias Dillen	rdf property	rdf property		2023-09			|unknown:undigitized	http://rs.tdwg.org/dwc/terms	http://rs.tdwg.org/dwc/terms/materialEntityID	https://tdwg.github.io    /mids/information-elements#PhysicalSpecimenID	dwc			Biology	Physical Specimen ID	Material Entity ID	PhysicalSpecimenID
42	43	mids:Organization	mids:MIDS0	skos:narrowMatch	dwc:ownerInstitutionCode	dwc:Occurrence	semapv:HumanCuration	orcid:0000-0002-3973-1252	Mathias Dillen	orcid:0000-0002-3973-1252	Mathias Dillen	rdf property	rdf property		2023-09			|unknown:undigitized	http://rs.tdwg.org/dwc/terms	http://rs.tdwg.org/dwc/terms/ownerInstitutionCode	https://tdwg.github.io    /mids/information-elements#Organization	dwc			Biology	Organization	Owner Institution Code	Organization
43	44	mids:Organization	mids:MIDS0	skos:narrowMatch	dwc:institutionID	dwc:Occurrence	semapv:HumanCuration	orcid:0000-0002-3973-1252|orcid:0000-0002-5669-2769	Mathias Dillen|Sam Leeflang	orcid:0000-0002-3973-1252	Mathias Dillen	rdf property	rdf property		2023-09			|unknown:undigitized	http://rs.tdwg.org/dwc/terms	http://rs.tdwg.org/dwc/terms/institutionID	https://tdwg.github.io    /mids/information-elements#Organization	dwc			Biology	Organization	Institution ID	Organization
44	45	mids:Organization	mids:MIDS0	skos:narrowMatch	dwc:institutionCode	dwc:Occurrence	semapv:HumanCuration	orcid:0000-0002-3973-1252|orcid:0000-0002-5669-2769	Mathias Dillen|Sam Leeflang	orcid:0000-0002-3973-1252	Mathias Dillen	rdf property	rdf property		2023-09			|unknown:undigitized	http://rs.tdwg.org/dwc/terms	http://rs.tdwg.org/dwc/terms/institutionCode	https://tdwg.github.io    /mids/information-elements#Organization	dwc			Biology	Organization	Institution Code	Organization
45	46	mids:Name	mids:MIDS1	skos:narrowMatch	dwc:scientificName	dwc:Occurrence	semapv:HumanCuration	orcid:0000-0002-3973-1252	Mathias Dillen	orcid:0000-0002-3973-1252	Mathias Dillen	rdf property	rdf property		2023-09			|unknown:undigitized|incertae sedis	http://rs.tdwg.org/dwc/terms	http://rs.tdwg.org/dwc/terms/scientificName	https://tdwg.github.io    /mids/information-elements#Name	dwc			Biology	Name	Scientific Name	Name
46	47	mids:Name	mids:MIDS1	skos:narrowMatch	dwc:vernacularName	dwc:Occurrence	semapv:HumanCuration	orcid:0000-0002-3973-1252	Mathias Dillen	orcid:0000-0002-3973-1252	Mathias Dillen	rdf property	rdf property		2023-09			|unknown:undigitized	http://rs.tdwg.org/dwc/terms	http://rs.tdwg.org/dwc/terms/vernacularName	https://tdwg.github.io    /mids/information-elements#Name	dwc			Biology	Name	Vernacular Name	Name
47	48	mids:Name	mids:MIDS1	skos:narrowMatch	dwc:scientificNameID	dwc:Occurrence	semapv:HumanCuration	orcid:0000-0002-5669-2769	Sam Leeflang	orcid:0000-0002-3973-1252	Mathias Dillen	rdf property	rdf property		2023-09			|unknown:undigitized|0	http://rs.tdwg.org/dwc/terms	http://rs.tdwg.org/dwc/terms/scientificNameID	https://tdwg.github.io    /mids/information-elements#Name	dwc			Biology	Name	Scientific Name ID	Name
48	49	mids:Name	mids:MIDS1	skos:narrowMatch	gbif:taxonKey	dwc:Occurrence	semapv:HumanCuration	orcid:0000-0002-3973-1252	Mathias Dillen	orcid:0000-0002-3973-1252	Mathias Dillen	rdf property	rdf property		2024-06-26			|unknown:undigitized|0	http://rs.tdwg.org/dwc/terms	gbif:taxonKey	https://tdwg.github.io    /mids/information-elements#Name	dwc			Biology	Name	Taxon Key	Name
49	50	mids:Name	mids:MIDS1	skos:narrowMatch	dwc:organismName	dwc:Occurrence	semapv:HumanCuration	orcid:0000-0002-5669-2769	Sam Leeflang	orcid:0000-0002-3973-1252	Mathias Dillen	rdf property	rdf property		2023-09			|unknown:undigitized	http://rs.tdwg.org/dwc/terms	http://rs.tdwg.org/dwc/terms/organismName	https://tdwg.github.io    /mids/information-elements#Name	dwc			Biology	Name	Organism Name	Name
50	51	mids:ObjectType	mids:MIDS1	skos:narrowMatch	dwc:preparations	dwc:Occurrence	semapv:HumanCuration	orcid:0000-0002-3973-1252|orcid:0000-0002-5669-2769	Mathias Dillen|Sam Leeflang	orcid:0000-0002-3973-1252	Mathias Dillen	rdf property	rdf property		2023-09			|unknown:undigitized	http://rs.tdwg.org/dwc/terms	http://rs.tdwg.org/dwc/terms/preparations	https://tdwg.github.io    /mids/information-elements#ObjectType	dwc			Biology	Object Type	Preparations	ObjectType
51	52	mids:ObjectType	mids:MIDS1	skos:narrowMatch	dwc:materialEntityType	dwc:Occurrence	semapv:HumanCuration	hhttps://orcid.org/0000-0002-5819-9134	Ben Norton	hhttps://orcid.org/0000-0002-5819-9134	Ben Norton	rdf property	rdf property					|unknown:undigitized	http://rs.tdwg.org/dwc/terms	http://rs.tdwg.org/dwc/terms/materialEntityType	https://tdwg.github.io    /mids/information-elements#ObjectType	dwc			Biology	Object Type	Material Entity Type	ObjectType
52	53	mids:License	mids:MIDS1	skos:exactMatch	dcterms:license	dwc:Occurrence	semapv:HumanCuration	orcid:0000-0002-3973-1252|orcid:0000-0002-5669-2769	Mathias Dillen|Sam Leeflang	orcid:0000-0002-3973-1252	Mathias Dillen	rdf property	rdf property		2023-09			|unknown:undigitized	http://rs.tdwg.org/dwc/terms	dcterms:license	https://tdwg.github.io    /mids/information-elements#License	dwc			Biology	License	License	License
53	54	mids:Modified	mids:MIDS1	skos:exactMatch	dcterms:modified	dwc:Occurrence	semapv:HumanCuration	orcid:0000-0002-3973-1252|orcid:0000-0002-5669-2769	Mathias Dillen|Sam Leeflang	orcid:0000-0002-3973-1252	Mathias Dillen	rdf property	rdf property		2023-09			|unknown:undigitized	http://rs.tdwg.org/dwc/terms	dcterms:modified	https://tdwg.github.io    /mids/information-elements#Modified	dwc			Biology	Modified	Modified	Modified
54	55	mids:QualitativeLocation	mids:MIDS2	skos:narrowMatch	dwc:locality	dwc:Occurrence	semapv:HumanCuration	orcid:0000-0002-3973-1252|orcid:0000-0002-5669-2769	Mathias Dillen|Sam Leeflang	orcid:0000-0002-3973-1252	Mathias Dillen	rdf property	rdf property		2023-09			|unknown:undigitized	http://rs.tdwg.org/dwc/terms	http://rs.tdwg.org/dwc/terms/locality	https://tdwg.github.io    /mids/information-elements#QualitativeLocation	dwc			Biology	Qualitative Location	Locality	QualitativeLocation
55	56	mids:QualitativeLocation	mids:MIDS2	skos:narrowMatch	dwc:county	dwc:Occurrence	semapv:HumanCuration	orcid:0000-0002-3973-1252|orcid:0000-0002-5669-2769	Mathias Dillen|Sam Leeflang	orcid:0000-0002-3973-1252	Mathias Dillen	rdf property	rdf property		2023-09			|unknown:undigitized	http://rs.tdwg.org/dwc/terms	http://rs.tdwg.org/dwc/terms/county	https://tdwg.github.io    /mids/information-elements#QualitativeLocation	dwc			Biology	Qualitative Location	County	QualitativeLocation
56	57	mids:QualitativeLocation	mids:MIDS2	skos:narrowMatch	dwc:municipality	dwc:Occurrence	semapv:HumanCuration	orcid:0000-0002-3973-1252|orcid:0000-0002-5669-2769	Mathias Dillen|Sam Leeflang	orcid:0000-0002-3973-1252	Mathias Dillen	rdf property	rdf property		2023-09			|unknown:undigitized	http://rs.tdwg.org/dwc/terms	http://rs.tdwg.org/dwc/terms/municipality	https://tdwg.github.io    /mids/information-elements#QualitativeLocation	dwc			Biology	Qualitative Location	Municipality	QualitativeLocation
57	58	mids:QualitativeLocation	mids:MIDS2	skos:narrowMatch	dwc:verbatimLocality	dwc:Occurrence	semapv:HumanCuration	orcid:0000-0002-3973-1252	Mathias Dillen	orcid:0000-0002-3973-1252	Mathias Dillen	rdf property	rdf property		2023-09			|unknown:undigitized	http://rs.tdwg.org/dwc/terms	http://rs.tdwg.org/dwc/terms/verbatimLocality	https://tdwg.github.io    /mids/information-elements#QualitativeLocation	dwc			Biology	Qualitative Location	Verbatim Locality	QualitativeLocation
58	59	mids:QualitativeLocation	mids:MIDS2	skos:narrowMatch	dwc:island	dwc:Occurrence	semapv:HumanCuration	orcid:0000-0002-3973-1252|orcid:0000-0002-5669-2769	Mathias Dillen|Sam Leeflang	orcid:0000-0002-3973-1252	Mathias Dillen	rdf property	rdf property		2023-09			|unknown:undigitized	http://rs.tdwg.org/dwc/terms	http://rs.tdwg.org/dwc/terms/island	https://tdwg.github.io    /mids/information-elements#QualitativeLocation	dwc			Biology	Qualitative Location	Island	QualitativeLocation
59	60	mids:QualitativeLocation	mids:MIDS2	skos:narrowMatch	dwc:verbatimCoordinates	dwc:Occurrence	semapv:HumanCuration	orcid:0000-0002-3973-1252	Mathias Dillen	orcid:0000-0002-3973-1252	Mathias Dillen	rdf property	rdf property		2023-09			|unknown:undigitized	http://rs.tdwg.org/dwc/terms	http://rs.tdwg.org/dwc/terms/verbatimCoordinates	https://tdwg.github.io    /mids/information-elements#QualitativeLocation	dwc			Biology	Qualitative Location	Verbatim Coordinates	QualitativeLocation
60	61	mids:QualitativeLocation	mids:MIDS2	owl:intersectionOf	dwc:verbatimLongitude	dwc:Occurrence	semapv:HumanCuration	orcid:0000-0002-3973-1252	Mathias Dillen	orcid:0000-0002-3973-1252	Mathias Dillen	rdf property	rdf property		2023-09	dwc:verbatimLongitude|dwc:verbatimLatitude	All properties in object_match_field need to be present	|unknown:undigitized	http://rs.tdwg.org/dwc/terms	http://rs.tdwg.org/dwc/terms/verbatimLongitude	https://tdwg.github.io    /mids/information-elements#QualitativeLocation	dwc			Biology	Qualitative Location	Verbatim Longitude	QualitativeLocation
61	62	mids:QualitativeLocation	mids:MIDS2	owl:intersectionOf	dwc:verbatimLatitude	dwc:Occurrence	semapv:HumanCuration	orcid:0000-0002-3973-1252	Mathias Dillen	orcid:0000-0002-3973-1252	Mathias Dillen	rdf property	rdf property		2023-09			|unknown:undigitized	http://rs.tdwg.org/dwc/terms	http://rs.tdwg.org/dwc/terms/verbatimLatitude	https://tdwg.github.io    /mids/information-elements#QualitativeLocation	dwc			Biology	Qualitative Location	Verbatim Latitude	QualitativeLocation
62	63	mids:QualitativeLocation	mids:MIDS2	skos:narrowMatch	dwc:continent	dwc:Occurrence	semapv:HumanCuration	orcid:0000-0002-5669-2769	Sam Leeflang	orcid:0000-0002-3973-1252	Mathias Dillen	rdf property	rdf property		2023-09			|unknown:undigitized	http://rs.tdwg.org/dwc/terms	http://rs.tdwg.org/dwc/terms/continent	https://tdwg.github.io    /mids/information-elements#QualitativeLocation	dwc			Biology	Qualitative Location	Continent	QualitativeLocation
63	64	mids:QualitativeLocation	mids:MIDS2	skos:narrowMatch	dwc:country	dwc:Occurrence	semapv:HumanCuration	orcid:0000-0002-5669-2769	Sam Leeflang	orcid:0000-0002-3973-1252	Mathias Dillen	rdf property	rdf property		2023-09			|unknown:undigitized	http://rs.tdwg.org/dwc/terms	http://rs.tdwg.org/dwc/terms/country	https://tdwg.github.io    /mids/information-elements#QualitativeLocation	dwc			Biology	Qualitative Location	Country	QualitativeLocation
64	65	mids:QualitativeLocation	mids:MIDS2	skos:narrowMatch	dwc:countryCode	dwc:Occurrence	semapv:HumanCuration	orcid:0000-0002-5669-2769	Sam Leeflang	orcid:0000-0002-3973-1252	Mathias Dillen	rdf property	rdf property		2023-09			|unknown:undigitized	http://rs.tdwg.org/dwc/terms	http://rs.tdwg.org/dwc/terms/countryCode	https://tdwg.github.io    /mids/information-elements#QualitativeLocation	dwc			Biology	Qualitative Location	Country Code	QualitativeLocation
65	66	mids:QualitativeLocation	mids:MIDS2	skos:narrowMatch	dwc:islandGroup	dwc:Occurrence	semapv:HumanCuration	orcid:0000-0002-5669-2769	Sam Leeflang	orcid:0000-0002-3973-1252	Mathias Dillen	rdf property	rdf property		2023-09			|unknown:undigitized	http://rs.tdwg.org/dwc/terms	http://rs.tdwg.org/dwc/terms/islandGroup	https://tdwg.github.io    /mids/information-elements#QualitativeLocation	dwc			Biology	Qualitative Location	Island Group	QualitativeLocation
66	67	mids:QualitativeLocation	mids:MIDS2	skos:narrowMatch	dwc:stateProvince	dwc:Occurrence	semapv:HumanCuration	orcid:0000-0002-5669-2769	Sam Leeflang	orcid:0000-0002-3973-1252	Mathias Dillen	rdf property	rdf property		2023-09			|unknown:undigitized	http://rs.tdwg.org/dwc/terms	http://rs.tdwg.org/dwc/terms/stateProvince	https://tdwg.github.io    /mids/information-elements#QualitativeLocation	dwc			Biology	Qualitative Location	State Province	QualitativeLocation
67	68	mids:QualitativeLocation	mids:MIDS2	skos:narrowMatch	dwc:waterBody	dwc:Occurrence	semapv:HumanCuration	orcid:0000-0002-5669-2769	Sam Leeflang	orcid:0000-0002-3973-1252	Mathias Dillen	rdf property	rdf property		2023-09			|unknown:undigitized	http://rs.tdwg.org/dwc/terms	http://rs.tdwg.org/dwc/terms/waterBody	https://tdwg.github.io    /mids/information-elements#QualitativeLocation	dwc			Biology	Qualitative Location	Water Body	QualitativeLocation
68	69	mids:QualitativeLocation	mids:MIDS2	skos:narrowMatch	dwc:higherGeography	dwc:Occurrence	semapv:HumanCuration	orcid:0000-0001-9144-2848	Elspeth Haston	orcid:0000-0002-3973-1252	Mathias Dillen	rdf property	rdf property		2023-09			|unknown:undigitized	http://rs.tdwg.org/dwc/terms	http://rs.tdwg.org/dwc/terms/higherGeography	https://tdwg.github.io    /mids/information-elements#QualitativeLocation	dwc			Biology	Qualitative Location	Higher Geography	QualitativeLocation
69	70	mids:QuantitativeLocation	mids:MIDS2	skos:narrowMatch	dwc:locationID	dwc:Occurrence	semapv:HumanCuration	orcid:0000-0002-3973-1252	Mathias Dillen	orcid:0000-0002-3973-1252	Mathias Dillen	rdf property	rdf property		2023-09			|unknown:undigitized	http://rs.tdwg.org/dwc/terms	http://rs.tdwg.org/dwc/terms/locationID	https://tdwg.github.io    /mids/information-elements#QuantitativeLocation	dwc			Biology	Quantitative Location	Location ID	QuantitativeLocation
70	71	mids:QuantitativeLocation	mids:MIDS2	owl:intersectionOf	dwc:decimalLatitude	dwc:Occurrence	semapv:HumanCuration	orcid:0000-0002-3973-1252	Mathias Dillen	orcid:0000-0002-3973-1252	Mathias Dillen	rdf property	rdf property		2023-09			|unknown:undigitized	http://rs.tdwg.org/dwc/terms	http://rs.tdwg.org/dwc/terms/decimalLatitude	https://tdwg.github.io    /mids/information-elements#QuantitativeLocation	dwc			Biology	Quantitative Location	Decimal Latitude	QuantitativeLocation
71	72	mids:QuantitativeLocation	mids:MIDS2	owl:intersectionOf	dwc:decimalLongitude	dwc:Occurrence	semapv:HumanCuration	orcid:0000-0002-3973-1252	Mathias Dillen	orcid:0000-0002-3973-1252	Mathias Dillen	rdf property	rdf property		2023-09	dwc:decimalLatitude|dwc:decimalLongitude	All properties in object_match_field need to be present	|unknown:undigitized	http://rs.tdwg.org/dwc/terms	http://rs.tdwg.org/dwc/terms/decimalLongitude	https://tdwg.github.io    /mids/information-elements#QuantitativeLocation	dwc			Biology	Quantitative Location	Decimal Longitude	QuantitativeLocation
72	73	mids:QuantitativeLocation	mids:MIDS2	skos:narrowMatch	dwc:footprintWKT	dwc:Occurrence	semapv:HumanCuration	orcid:0000-0002-3973-1252	Mathias Dillen	orcid:0000-0002-3973-1252	Mathias Dillen	rdf property	rdf property		2023-09			|unknown:undigitized	http://rs.tdwg.org/dwc/terms	http://rs.tdwg.org/dwc/terms/footprintWKT	https://tdwg.github.io    /mids/information-elements#QuantitativeLocation	dwc			Biology	Quantitative Location	Footprint WKT	QuantitativeLocation
73	74	mids:CollectingAgent	mids:MIDS2	skos:narrowMatch	dwc:recordedBy	dwc:Occurrence	semapv:HumanCuration	orcid:0000-0002-3973-1252|orcid:0000-0002-5669-2769	Mathias Dillen|Sam Leeflang	orcid:0000-0002-3973-1252	Mathias Dillen	rdf property	rdf property		2023-09			|unknown:undigitized	http://rs.tdwg.org/dwc/terms	http://rs.tdwg.org/dwc/terms/recordedBy	https://tdwg.github.io    /mids/information-elements#CollectingAgent	dwc			Biology	Collecting Agent	Recorded By	CollectingAgent
74	75	mids:CollectingAgent	mids:MIDS2	skos:narrowMatch	dwc:recordedByID	dwc:Occurrence	semapv:HumanCuration	orcid:0000-0002-3973-1252|orcid:0000-0002-5669-2769	Mathias Dillen|Sam Leeflang	orcid:0000-0002-3973-1252	Mathias Dillen	rdf property	rdf property		2023-09			|unknown:undigitized	http://rs.tdwg.org/dwc/terms	http://rs.tdwg.org/dwc/terms/recordedByID	https://tdwg.github.io    /mids/information-elements#CollectingAgent	dwc			Biology	Collecting Agent	Recorded By ID	CollectingAgent
75	76	mids:DateCollected	mids:MIDS2	skos:narrowMatch	dwc:eventDate	dwc:Occurrence	semapv:HumanCuration	orcid:0000-0002-3973-1252|orcid:0000-0002-5669-2769	Mathias Dillen|Sam Leeflang	orcid:0000-0002-3973-1252	Mathias Dillen	rdf property	rdf property		2023-09			|unknown:undigitized	http://rs.tdwg.org/dwc/terms	http://rs.tdwg.org/dwc/terms/eventDate	https://tdwg.github.io    /mids/information-elements#DateCollected	dwc			Biology	Date Collected	Event Date	DateCollected
76	77	mids:DateCollected	mids:MIDS2	skos:narrowMatch	dwc:year	dwc:Occurrence	semapv:HumanCuration	orcid:0000-0002-3973-1252	Mathias Dillen	orcid:0000-0002-3973-1252	Mathias Dillen	rdf property	rdf property		2023-09			|unknown:undigitized	http://rs.tdwg.org/dwc/terms	http://rs.tdwg.org/dwc/terms/year	https://tdwg.github.io    /mids/information-elements#DateCollected	dwc			Biology	Date Collected	Year	DateCollected
77	78	mids:DateCollected	mids:MIDS2	skos:narrowMatch	dwc:verbatimEventDate	dwc:Occurrence	semapv:HumanCuration	orcid:0000-0002-3973-1252	Mathias Dillen	orcid:0000-0002-3973-1252	Mathias Dillen	rdf property	rdf property		2023-09			|unknown:undigitized	http://rs.tdwg.org/dwc/terms	http://rs.tdwg.org/dwc/terms/verbatimEventDate	https://tdwg.github.io    /mids/information-elements#DateCollected	dwc			Biology	Date Collected	Verbatim Event Date	DateCollected
78	79	mids:CollectingNumber	mids:MIDS2	skos:narrowMatch	dwc:fieldNumber	dwc:Occurrence	semapv:HumanCuration	orcid:0000-0002-3973-1252|orcid:0000-0002-5669-2769	Mathias Dillen|Sam Leeflang	orcid:0000-0002-3973-1252	Mathias Dillen	rdf property	rdf property		2023-09			|unknown:undigitized	http://rs.tdwg.org/dwc/terms	http://rs.tdwg.org/dwc/terms/fieldNumber	https://tdwg.github.io    /mids/information-elements#CollectingNumber	dwc			Biology	Collecting Number	Field Number	CollectingNumber
79	80	mids:CollectingNumber	mids:MIDS2	skos:narrowMatch	dwc:recordNumber	dwc:Occurrence	semapv:HumanCuration	orcid:0000-0002-3973-1252|orcid:0000-0002-5669-2769	Mathias Dillen|Sam Leeflang	orcid:0000-0002-3973-1252	Mathias Dillen	rdf property	rdf property		2023-09			|unknown:undigitized	http://rs.tdwg.org/dwc/terms	http://rs.tdwg.org/dwc/terms/recordNumber	https://tdwg.github.io    /mids/information-elements#CollectingNumber	dwc			Biology	Collecting Number	Record Number	CollectingNumber
80	81	mids:Media	mids:MIDS2	skos:narrowMatch	gbif:mediaType	dwc:Occurrence	semapv:HumanCuration	orcid:0000-0002-3973-1252	Mathias Dillen	orcid:0000-0002-3973-1252	Mathias Dillen	rdf property	rdf property		2023-09			|unknown:undigitized	http://rs.tdwg.org/dwc/terms	gbif:mediaType	https://tdwg.github.io    /mids/information-elements#Media	dwc			Biology	Media	Media Type	Media
81	82	mids:Media	mids:MIDS2	skos:narrowMatch	dwc:associatedMedia	dwc:Occurrence	semapv:HumanCuration	orcid:0000-0002-5669-2769	Sam Leeflang	orcid:0000-0002-3973-1252	Mathias Dillen	rdf property	rdf property		2023-09			|unknown:undigitized	http://rs.tdwg.org/dwc/terms	http://rs.tdwg.org/dwc/terms/associatedMedia	https://tdwg.github.io    /mids/information-elements#Media	dwc			Biology	Media	Associated Media	Media
82	83	mids:Media	mids:MIDS2	skos:narrowMatch	dcterms:identifier	gbif:Multimedia	semapv:HumanCuration	orcid:0000-0002-3973-1252	Mathias Dillen	orcid:0000-0002-3973-1252	Mathias Dillen	rdf property	rdf property		2023-12-05			|unknown:undigitized	http://rs.tdwg.org/dwc/terms	dcterms:identifier	https://tdwg.github.io    /mids/information-elements#Media	dwc			Biology	Media	Identifier	Media
83	84	mids:Media	mids:MIDS2	skos:narrowMatch	dcterms:references	gbif:Multimedia	semapv:HumanCuration	orcid:0000-0002-3973-1252	Mathias Dillen	orcid:0000-0002-3973-1252	Mathias Dillen	rdf property	rdf property		2023-12-05			|unknown:undigitized	http://rs.tdwg.org/dwc/terms	dcterms:references	https://tdwg.github.io    /mids/information-elements#Media	dwc			Biology	Media	References	Media
84	85	mids:Media	mids:MIDS2	skos:narrowMatch	ac:accessURI	ac:Multimedia	semapv:HumanCuration	orcid:0000-0002-3973-1252	Mathias Dillen	orcid:0000-0002-3973-1252	Mathias Dillen	rdf property	rdf property		2023-12-05			|unknown:undigitized	http://rs.tdwg.org/dwc/terms	ac:accessURI	https://tdwg.github.io    /mids/information-elements#Media	dwc			Biology	Media	Access URI	Media
85	86	mids:Media	mids:MIDS2	skos:narrowMatch	dcterms:identifier	ac:Multimedia	semapv:HumanCuration	orcid:0000-0002-3973-1252	Mathias Dillen	orcid:0000-0002-3973-1252	Mathias Dillen	rdf property	rdf property		2023-12-05			|unknown:undigitized	http://rs.tdwg.org/dwc/terms	dcterms:identifier	https://tdwg.github.io    /mids/information-elements#Media	dwc			Biology	Media	Identifier	Media
86	87	mids:GeographicalLocalityID	mids:MIDS3	owl:intersectionOf	dwc:geodeticDatum	dwc:Occurrence	semapv:HumanCuration	orcid:0000-0002-3973-1252|orcid:0000-0002-5669-2769	Mathias Dillen|Sam Leeflang	orcid:0000-0002-3973-1252	Mathias Dillen	rdf property	rdf property		2023-09			|unknown:undigitized	http://rs.tdwg.org/dwc/terms	http://rs.tdwg.org/dwc/terms/geodeticDatum	https://tdwg.github.io    /mids/information-elements#GeographicalLocalityID	dwc			Biology	Geographical Locality ID	Geodetic Datum	GeographicalLocalityID
87	88	mids:GeographicalLocalityID	mids:MIDS3	owl:intersectionOf	dwc:coordinateUncertaintyInMeters	dwc:Occurrence	semapv:HumanCuration	orcid:0000-0002-3973-1252	Mathias Dillen	orcid:0000-0002-3973-1252	Mathias Dillen	rdf property	rdf property		2023-09			|unknown:undigitized	http://rs.tdwg.org/dwc/terms	http://rs.tdwg.org/dwc/terms/coordinateUncertaintyInMeters	https://tdwg.github.io    /mids/information-elements#GeographicalLocalityID	dwc			Biology	Geographical Locality ID	Coordinate Uncertainty In Meters	GeographicalLocalityID
88	89	mids:GeographicalLocalityID	mids:MIDS3	owl:intersectionOf	dwc:coordinatePrecision	dwc:Occurrence	semapv:HumanCuration	orcid:0000-0002-3973-1252	Mathias Dillen	orcid:0000-0002-3973-1252	Mathias Dillen	rdf property	rdf property		2023-09			|unknown:undigitized	http://rs.tdwg.org/dwc/terms	http://rs.tdwg.org/dwc/terms/coordinatePrecision	https://tdwg.github.io    /mids/information-elements#GeographicalLocalityID	dwc			Biology	Geographical Locality ID	Coordinate Precision	GeographicalLocalityID
89	90	mids:GeographicalLocalityID	mids:MIDS3	owl:intersectionOf	dwc:footprintSRS	dwc:Occurrence	semapv:HumanCuration	orcid:0000-0002-3973-1252	Mathias Dillen	orcid:0000-0002-3973-1252	Mathias Dillen	rdf property	rdf property		2023-09			|unknown:undigitized	http://rs.tdwg.org/dwc/terms	http://rs.tdwg.org/dwc/terms/footprintSRS	https://tdwg.github.io    /mids/information-elements#GeographicalLocalityID	dwc			Biology	Geographical Locality ID	Footprint SRS	GeographicalLocalityID
90	91	mids:GeographicalLocalityID	mids:MIDS3	skos:narrowMatch	dwc:locationID	dwc:Occurrence	semapv:HumanCuration	orcid:0000-0002-3973-1252	Mathias Dillen	orcid:0000-0002-3973-1252	Mathias Dillen	rdf property	rdf property		2023-09			|unknown:undigitized	http://rs.tdwg.org/dwc/terms	http://rs.tdwg.org/dwc/terms/locationID	https://tdwg.github.io    /mids/information-elements#GeographicalLocalityID	dwc			Biology	Geographical Locality ID	Location ID	GeographicalLocalityID
91	92	mids:GeographicalLocalityID	mids:MIDS3	owl:intersectionOf	dwc:decimalLatitude	dwc:Occurrence	semapv:HumanCuration	orcid:0000-0002-3973-1252	Mathias Dillen	orcid:0000-0002-3973-1252	Mathias Dillen	rdf property	rdf property		2023-09			|unknown:undigitized	http://rs.tdwg.org/dwc/terms	http://rs.tdwg.org/dwc/terms/decimalLatitude	https://tdwg.github.io    /mids/information-elements#GeographicalLocalityID	dwc			Biology	Geographical Locality ID	Decimal Latitude	GeographicalLocalityID
92	93	mids:GeographicalLocalityID	mids:MIDS3	owl:intersectionOf	dwc:decimalLongitude	dwc:Occurrence	semapv:HumanCuration	orcid:0000-0002-3973-1252	Mathias Dillen	orcid:0000-0002-3973-1252	Mathias Dillen	rdf property	rdf property		2023-09	dwc:decimalLatitude|dwc:decimalLongitude|dwc:coordinatePrecision|dwc:coordinateUncertaintyInMeters|dwc:geodeticDatum	All properties in object_match_field need to be present	|unknown:undigitized	http://rs.tdwg.org/dwc/terms	http://rs.tdwg.org/dwc/terms/decimalLongitude	https://tdwg.github.io    /mids/information-elements#GeographicalLocalityID	dwc			Biology	Geographical Locality ID	Decimal Longitude	GeographicalLocalityID
93	94	mids:GeographicalLocalityID	mids:MIDS3	owl:intersectionOf	dwc:footprintWKT	dwc:Occurrence	semapv:HumanCuration	orcid:0000-0002-3973-1252	Mathias Dillen	orcid:0000-0002-3973-1252	Mathias Dillen	rdf property	rdf property		2023-09	dwc:footprintWKT|dwc:footprintSRS	All properties in object_match_field need to be present	|unknown:undigitized	http://rs.tdwg.org/dwc/terms	http://rs.tdwg.org/dwc/terms/footprintWKT	https://tdwg.github.io    /mids/information-elements#GeographicalLocalityID	dwc			Biology	Geographical Locality ID	Footprint WKT	GeographicalLocalityID
94	95	mids:OrganizationID	mids:MIDS3	skos:exactMatch	dwc:institutionID	dwc:Occurrence	semapv:HumanCuration	orcid:0000-0002-3973-1252	Mathias Dillen	orcid:0000-0002-3973-1252	Mathias Dillen	rdf property	rdf property		2023-12-07			|unknown:undigitized	http://rs.tdwg.org/dwc/terms	http://rs.tdwg.org/dwc/terms/institutionID	https://tdwg.github.io    /mids/information-elements#OrganizationID	dwc			Biology	Organization ID	Institution ID	OrganizationID
95	96	mids:CollectingAgentID	mids:MIDS3	skos:exactMatch	dwc:recordedByID	dwc:Occurrence	semapv:HumanCuration	orcid:0000-0002-3973-1252	Mathias Dillen	orcid:0000-0002-3973-1252	Mathias Dillen	rdf property	rdf property		2023-12-07			|unknown:undigitized	http://rs.tdwg.org/dwc/terms	http://rs.tdwg.org/dwc/terms/recordedByID	https://tdwg.github.io    /mids/information-elements#CollectingAgentID	dwc			Biology	Collecting Agent ID	Recorded By ID	CollectingAgentID
96	97	mids:IdentifiedAsID	mids:MIDS3	skos:narrowMatch	dwc:scientificNameID	dwc:Occurrence	semapv:HumanCuration	orcid:0000-0002-3973-1252	Mathias Dillen	orcid:0000-0002-3973-1252	Mathias Dillen	rdf property	rdf property		2023-12-07			|unknown:undigitized|0	http://rs.tdwg.org/dwc/terms	http://rs.tdwg.org/dwc/terms/scientificNameID	https://tdwg.github.io    /mids/information-elements#IdentifiedAsID	dwc			Biology	Identified As ID	Scientific Name ID	IdentifiedAsID
97	98	mids:IdentifiedAsID	mids:MIDS3	skos:narrowMatch	gbif:taxonKey	dwc:Occurrence	semapv:HumanCuration	orcid:0000-0002-3973-1252	Mathias Dillen	orcid:0000-0002-3973-1252	Mathias Dillen	rdf property	rdf property		2024-06-26			|unknown:undigitized|0	http://rs.tdwg.org/dwc/terms	gbif:taxonKey	https://tdwg.github.io    /mids/information-elements#IdentifiedAsID	dwc			Biology	Identified As ID	Taxon Key	IdentifiedAsID
98	99	mids:IdentifiedByID	mids:MIDS3	skos:narrowMatch	dwc:identifiedByID	dwc:Occurrence	semapv:HumanCuration	orcid:0000-0002-3973-1252	Mathias Dillen	orcid:0000-0002-3973-1252	Mathias Dillen	rdf property	rdf property		2023-12-07			|unknown:undigitized	http://rs.tdwg.org/dwc/terms	http://rs.tdwg.org/dwc/terms/identifiedByID	https://tdwg.github.io    /mids/information-elements#IdentifiedByID	dwc			Biology	Identified By ID	Identified By ID	IdentifiedByID
99	100	mids:IdentifiedByID	mids:MIDS3	skos:narrowMatch	dwc:identifiedByID	dwc:Identification	semapv:HumanCuration	orcid:0000-0002-3973-1252	Mathias Dillen	orcid:0000-0002-3973-1252	Mathias Dillen	rdf property	rdf property		2023-12-07			|unknown:undigitized	http://rs.tdwg.org/dwc/terms	http://rs.tdwg.org/dwc/terms/identifiedByID	https://tdwg.github.io    /mids/information-elements#IdentifiedByID	dwc			Biology	Identified By ID	Identified By ID	IdentifiedByID
100	101	mids:MediaID	mids:MIDS3	skos:narrowMatch	dcterms:identifier	gbif:Multimedia	semapv:HumanCuration	orcid:0000-0002-3973-1252	Mathias Dillen	orcid:0000-0002-3973-1252	Mathias Dillen	rdf property	rdf property		2023-12-07			|unknown:undigitized	http://rs.tdwg.org/dwc/terms	dcterms:identifier	https://tdwg.github.io    /mids/information-elements#MediaID	dwc			Biology	Media ID	Identifier	MediaID
101	102	mids:MediaID	mids:MIDS3	skos:narrowMatch	dcterms:identifier	ac:Multimedia	semapv:HumanCuration	orcid:0000-0002-3973-1252	Mathias Dillen	orcid:0000-0002-3973-1252	Mathias Dillen	rdf property	rdf property		2023-12-07			|unknown:undigitized	http://rs.tdwg.org/dwc/terms	dcterms:identifier	https://tdwg.github.io    /mids/information-elements#MediaID	dwc			Biology	Media ID	Identifier	MediaID
102	103	mids:PhysicalSpecimenID	mids:MIDS0	skos:narrowMatch	dwc:materialSampleID	dwc:Occurrence	semapv:HumanCuration	orcid:0000-0002-3973-1257|orcid:0000-0002-5669-2769	Mathias Dillen|Sam Leeflang	https://orcid.org/0000-0002-3973-1252	Mathias Dillen	rdf property	rdf property		2023-09			|unknown:undigitized	http://rs.tdwg.org/dwc/terms	http://rs.tdwg.org/dwc/terms/materialSampleID	https://tdwg.github.io    /mids/information-elements#PhysicalSpecimenID	dwc			Geology	Physical Specimen ID	Material Sample ID	PhysicalSpecimenID
103	104	mids:PhysicalSpecimenID	mids:MIDS0	skos:narrowMatch	dwc:catalogNumber	dwc:Occurrence	semapv:HumanCuration	orcid:0000-0002-3973-1257	Mathias Dillen	https://orcid.org/0000-0002-3973-1253	Mathias Dillen	rdf property	rdf property		2023-09			|unknown:undigitized	http://rs.tdwg.org/dwc/terms	http://rs.tdwg.org/dwc/terms/catalogNumber	https://tdwg.github.io    /mids/information-elements#PhysicalSpecimenID	dwc			Geology	Physical Specimen ID	Catalog Number	PhysicalSpecimenID
104	105	mids:PhysicalSpecimenID	mids:MIDS0	skos:narrowMatch	dwc:otherCatalogNumbers	dwc:Occurrence	semapv:HumanCuration	orcid:0000-0002-3973-1257	Mathias Dillen	https://orcid.org/0000-0002-3973-1254	Mathias Dillen	rdf property	rdf property		2023-09			|unknown:undigitized	http://rs.tdwg.org/dwc/terms	http://rs.tdwg.org/dwc/terms/otherCatalogNumbers	https://tdwg.github.io    /mids/information-elements#PhysicalSpecimenID	dwc			Geology	Physical Specimen ID	Other Catalog Numbers	PhysicalSpecimenID
105	106	mids:PhysicalSpecimenID	mids:MIDS0	skos:narrowMatch	dwc:occurrenceID	dwc:Occurrence	semapv:HumanCuration	orcid:0000-0002-5669-2769	Sam Leeflang	https://orcid.org/0000-0002-3973-1254	Mathias Dillen	rdf property	rdf property		2023-09			|unknown:undigitized	http://rs.tdwg.org/dwc/terms	http://rs.tdwg.org/dwc/terms/occurrenceID	https://tdwg.github.io    /mids/information-elements#PhysicalSpecimenID	dwc			Geology	Physical Specimen ID	Occurrence ID	PhysicalSpecimenID
106	107	mids:PhysicalSpecimenID	mids:MIDS0	skos:narrowMatch	dwc:materialEntityID	dwc:Occurrence	semapv:HumanCuration	orcid:0000-0002-3090-1761	Wouter Addink	https://orcid.org/0000-0002-3973-1254	Mathias Dillen	rdf property	rdf property		2023-09			|unknown:undigitized	http://rs.tdwg.org/dwc/terms	http://rs.tdwg.org/dwc/terms/materialEntityID	https://tdwg.github.io    /mids/information-elements#PhysicalSpecimenID	dwc			Geology	Physical Specimen ID	Material Entity ID	PhysicalSpecimenID
107	108	mids:Organization	mids:MIDS0	skos:narrowMatch	dwc:ownerInstitutionCode	dwc:Occurrence	semapv:HumanCuration	orcid:0000-0002-3973-1257	Mathias Dillen	https://orcid.org/0000-0002-3973-1255	Mathias Dillen	rdf property	rdf property		2023-09			|unknown:undigitized	http://rs.tdwg.org/dwc/terms	http://rs.tdwg.org/dwc/terms/ownerInstitutionCode	https://tdwg.github.io    /mids/information-elements#Organization	dwc			Geology	Organization	Owner Institution Code	Organization
108	109	mids:Organization	mids:MIDS0	skos:narrowMatch	dwc:institutionID	dwc:Occurrence	semapv:HumanCuration	orcid:0000-0002-3973-1257|orcid:0000-0002-5669-2769	Mathias Dillen|Sam Leeflang	https://orcid.org/0000-0002-3973-1256	Mathias Dillen	rdf property	rdf property		2023-09			|unknown:undigitized	http://rs.tdwg.org/dwc/terms	http://rs.tdwg.org/dwc/terms/institutionID	https://tdwg.github.io    /mids/information-elements#Organization	dwc			Geology	Organization	Institution ID	Organization
109	110	mids:Organization	mids:MIDS0	skos:narrowMatch	dwc:institutionCode	dwc:Occurrence	semapv:HumanCuration	orcid:0000-0002-3973-1257|orcid:0000-0002-5669-2769	Mathias Dillen|Sam Leeflang	https://orcid.org/0000-0002-3973-1257	Mathias Dillen	rdf property	rdf property		2023-09			|unknown:undigitized	http://rs.tdwg.org/dwc/terms	http://rs.tdwg.org/dwc/terms/institutionCode	https://tdwg.github.io    /mids/information-elements#Organization	dwc			Geology	Organization	Institution Code	Organization
110	111	mids:Name	mids:MIDS1	skos:narrowMatch	dwc:vernacularName	dwc:Occurrence	semapv:HumanCuration	orcid:0000-0002-3973-1257	Mathias Dillen	https://orcid.org/0000-0002-3973-1259	Mathias Dillen	rdf property	rdf property		2023-09			|unknown:undigitized	http://rs.tdwg.org/dwc/terms	http://rs.tdwg.org/dwc/terms/vernacularName	https://tdwg.github.io    /mids/information-elements#Name	dwc			Geology	Name	Vernacular Name	Name
111	112	mids:Name	mids:MIDS1	skos:narrowMatch	dwc:verbatimIdentification	dwc:Occurrence	semapv:HumanCuration	hhttps://orcid.org/0000-0002-5819-9134	Ben Norton	hhttps://orcid.org/0000-0002-5819-9134	Ben Norton	rdf property	rdf property		2025-09-24			|unknown:undigitized	http://rs.tdwg.org/dwc/terms	http://rs.tdwg.org/dwc/terms/verbatimIdentification	https://tdwg.github.io    /mids/information-elements#Name	dwc			Geology	Name	Verbatim Identification	Name
112	113	mids:Name	mids:MIDS1	skos:narrowMatch	dwc:scientificName	dwc:Occurrence	semapv:HumanCuration	hhttps://orcid.org/0000-0002-5819-9134	Ben Norton	hhttps://orcid.org/0000-0002-5819-9134	Ben Norton	rdf property	rdf property		2025-09-24		Although scientificName is not recommended for recording classifications of geological specimens, the lack of a more appropriate term requires that the term be included here. The Mineralogy Extension and DWC DP will fix this issue once ratified.	|unknown:undigitized	http://rs.tdwg.org/dwc/terms	http://rs.tdwg.org/dwc/terms/scientificName	https://tdwg.github.io    /mids/information-elements#Name	dwc			Geology	Name	Scientific Name	Name
113	114	mids:ObjectType	mids:MIDS1	skos:narrowMatch	dwc:preparations	dwc:Occurrence	semapv:HumanCuration	orcid:0000-0002-3973-1257|orcid:0000-0002-5669-2769	Mathias Dillen|Sam Leeflang	https://orcid.org/0000-0002-3973-1261	Mathias Dillen	rdf property	rdf property		2023-09			|unknown:undigitized	http://rs.tdwg.org/dwc/terms	http://rs.tdwg.org/dwc/terms/preparations	https://tdwg.github.io    /mids/information-elements#ObjectType	dwc			Geology	Object Type	Preparations	ObjectType
114	115	mids:ObjectType	mids:MIDS1	skos:narrowMatch	dwc:materialEntityType	dwc:Occurrence	semapv:HumanCuration	hhttps://orcid.org/0000-0002-5819-9134	Ben Norton	hhttps://orcid.org/0000-0002-5819-9134	Ben Norton	rdf property	rdf property					|unknown:undigitized	http://rs.tdwg.org/dwc/terms	http://rs.tdwg.org/dwc/terms/materialEntityType	https://tdwg.github.io    /mids/information-elements#ObjectType	dwc			Geology	Object Type	Material Entity Type	ObjectType
115	116	mids:License	mids:MIDS1	skos:exactMatch	dcterms:license	dwc:Occurrence	semapv:HumanCuration	orcid:0000-0002-3973-1257|orcid:0000-0002-5669-2769	Mathias Dillen|Sam Leeflang	https://orcid.org/0000-0002-3973-1262	Mathias Dillen	rdf property	rdf property		2023-09			|unknown:undigitized	http://rs.tdwg.org/dwc/terms	dcterms:license	https://tdwg.github.io    /mids/information-elements#License	dwc			Geology	License	License	License
116	117	mids:Modified	mids:MIDS1	skos:exactMatch	dcterms:modified	dwc:Occurrence	semapv:HumanCuration	orcid:0000-0002-3973-1257|orcid:0000-0002-5669-2769	Mathias Dillen|Sam Leeflang	https://orcid.org/0000-0002-3973-1263	Mathias Dillen	rdf property	rdf property		2023-09			|unknown:undigitized	http://rs.tdwg.org/dwc/terms	dcterms:modified	https://tdwg.github.io    /mids/information-elements#Modified	dwc			Geology	Modified	Modified	Modified
117	118	mids:QualitativeLocation	mids:MIDS2	skos:narrowMatch	dwc:locality	dwc:Occurrence	semapv:HumanCuration	orcid:0000-0002-3973-1257|orcid:0000-0002-5669-2769	Mathias Dillen|Sam Leeflang	https://orcid.org/0000-0002-3973-1264	Mathias Dillen	rdf property	rdf property		2023-09			|unknown:undigitized	http://rs.tdwg.org/dwc/terms	http://rs.tdwg.org/dwc/terms/locality	https://tdwg.github.io    /mids/information-elements#QualitativeLocation	dwc			Geology	Qualitative Location	Locality	QualitativeLocation
118	119	mids:QualitativeLocation	mids:MIDS2	skos:narrowMatch	dwc:county	dwc:Occurrence	semapv:HumanCuration	orcid:0000-0002-3973-1257|orcid:0000-0002-5669-2769	Mathias Dillen|Sam Leeflang	https://orcid.org/0000-0002-3973-1265	Mathias Dillen	rdf property	rdf property		2023-09			|unknown:undigitized	http://rs.tdwg.org/dwc/terms	http://rs.tdwg.org/dwc/terms/county	https://tdwg.github.io    /mids/information-elements#QualitativeLocation	dwc			Geology	Qualitative Location	County	QualitativeLocation
119	120	mids:QualitativeLocation	mids:MIDS2	skos:narrowMatch	dwc:municipality	dwc:Occurrence	semapv:HumanCuration	orcid:0000-0002-3973-1257|orcid:0000-0002-5669-2769	Mathias Dillen|Sam Leeflang	https://orcid.org/0000-0002-3973-1266	Mathias Dillen	rdf property	rdf property		2023-09			|unknown:undigitized	http://rs.tdwg.org/dwc/terms	http://rs.tdwg.org/dwc/terms/municipality	https://tdwg.github.io    /mids/information-elements#QualitativeLocation	dwc			Geology	Qualitative Location	Municipality	QualitativeLocation
120	121	mids:QualitativeLocation	mids:MIDS2	skos:narrowMatch	dwc:verbatimLocality	dwc:Occurrence	semapv:HumanCuration	orcid:0000-0002-3973-1257	Mathias Dillen	https://orcid.org/0000-0002-3973-1267	Mathias Dillen	rdf property	rdf property		2023-09			|unknown:undigitized	http://rs.tdwg.org/dwc/terms	http://rs.tdwg.org/dwc/terms/verbatimLocality	https://tdwg.github.io    /mids/information-elements#QualitativeLocation	dwc			Geology	Qualitative Location	Verbatim Locality	QualitativeLocation
121	122	mids:QualitativeLocation	mids:MIDS2	skos:narrowMatch	dwc:island	dwc:Occurrence	semapv:HumanCuration	orcid:0000-0002-3973-1257|orcid:0000-0002-5669-2769	Mathias Dillen|Sam Leeflang	https://orcid.org/0000-0002-3973-1268	Mathias Dillen	rdf property	rdf property		2023-09			|unknown:undigitized	http://rs.tdwg.org/dwc/terms	http://rs.tdwg.org/dwc/terms/island	https://tdwg.github.io    /mids/information-elements#QualitativeLocation	dwc			Geology	Qualitative Location	Island	QualitativeLocation
122	123	mids:QualitativeLocation	mids:MIDS2	skos:narrowMatch	dwc:verbatimCoordinates	dwc:Occurrence	semapv:HumanCuration	orcid:0000-0002-3973-1257	Mathias Dillen	https://orcid.org/0000-0002-3973-1269	Mathias Dillen	rdf property	rdf property		2023-09			|unknown:undigitized	http://rs.tdwg.org/dwc/terms	http://rs.tdwg.org/dwc/terms/verbatimCoordinates	https://tdwg.github.io    /mids/information-elements#QualitativeLocation	dwc			Geology	Qualitative Location	Verbatim Coordinates	QualitativeLocation
123	124	mids:QualitativeLocation	mids:MIDS2	owl:intersectionOf	dwc:verbatimLongitude	dwc:Occurrence	semapv:HumanCuration	orcid:0000-0002-3973-1257	Mathias Dillen	https://orcid.org/0000-0002-3973-1272	Mathias Dillen	rdf property	rdf property		2023-09	dwc:verbatimLongitude|dwc:verbatimLatitude	All properties in object_match_field need to be present	|unknown:undigitized	http://rs.tdwg.org/dwc/terms	http://rs.tdwg.org/dwc/terms/verbatimLongitude	https://tdwg.github.io    /mids/information-elements#QualitativeLocation	dwc			Geology	Qualitative Location	Verbatim Longitude	QualitativeLocation
124	125	mids:QualitativeLocation	mids:MIDS2	owl:intersectionOf	dwc:verbatimLatitude	dwc:Occurrence	semapv:HumanCuration	orcid:0000-0002-3973-1257	Mathias Dillen	https://orcid.org/0000-0002-3973-1273	Mathias Dillen	rdf property	rdf property		2023-09			|unknown:undigitized	http://rs.tdwg.org/dwc/terms	http://rs.tdwg.org/dwc/terms/verbatimLatitude	https://tdwg.github.io    /mids/information-elements#QualitativeLocation	dwc			Geology	Qualitative Location	Verbatim Latitude	QualitativeLocation
125	126	mids:QualitativeLocation	mids:MIDS2	skos:narrowMatch	dwc:continent	dwc:Occurrence	semapv:HumanCuration	orcid:0000-0002-5669-2769	Sam Leeflang	https://orcid.org/0000-0002-3973-1274	Mathias Dillen	rdf property	rdf property		2023-09			|unknown:undigitized	http://rs.tdwg.org/dwc/terms	http://rs.tdwg.org/dwc/terms/continent	https://tdwg.github.io    /mids/information-elements#QualitativeLocation	dwc			Geology	Qualitative Location	Continent	QualitativeLocation
126	127	mids:QualitativeLocation	mids:MIDS2	skos:narrowMatch	dwc:country	dwc:Occurrence	semapv:HumanCuration	orcid:0000-0002-5669-2769	Sam Leeflang	https://orcid.org/0000-0002-3973-1275	Mathias Dillen	rdf property	rdf property		2023-09			|unknown:undigitized	http://rs.tdwg.org/dwc/terms	http://rs.tdwg.org/dwc/terms/country	https://tdwg.github.io    /mids/information-elements#QualitativeLocation	dwc			Geology	Qualitative Location	Country	QualitativeLocation
127	128	mids:QualitativeLocation	mids:MIDS2	skos:narrowMatch	dwc:countryCode	dwc:Occurrence	semapv:HumanCuration	orcid:0000-0002-5669-2769	Sam Leeflang	https://orcid.org/0000-0002-3973-1276	Mathias Dillen	rdf property	rdf property		2023-09			|unknown:undigitized	http://rs.tdwg.org/dwc/terms	http://rs.tdwg.org/dwc/terms/countryCode	https://tdwg.github.io    /mids/information-elements#QualitativeLocation	dwc			Geology	Qualitative Location	Country Code	QualitativeLocation
128	129	mids:QualitativeLocation	mids:MIDS2	skos:narrowMatch	dwc:islandGroup	dwc:Occurrence	semapv:HumanCuration	orcid:0000-0002-5669-2769	Sam Leeflang	https://orcid.org/0000-0002-3973-1277	Mathias Dillen	rdf property	rdf property		2023-09			|unknown:undigitized	http://rs.tdwg.org/dwc/terms	http://rs.tdwg.org/dwc/terms/islandGroup	https://tdwg.github.io    /mids/information-elements#QualitativeLocation	dwc			Geology	Qualitative Location	Island Group	QualitativeLocation
129	130	mids:QualitativeLocation	mids:MIDS2	skos:narrowMatch	dwc:stateProvince	dwc:Occurrence	semapv:HumanCuration	orcid:0000-0002-5669-2769	Sam Leeflang	https://orcid.org/0000-0002-3973-1278	Mathias Dillen	rdf property	rdf property		2023-09			|unknown:undigitized	http://rs.tdwg.org/dwc/terms	http://rs.tdwg.org/dwc/terms/stateProvince	https://tdwg.github.io    /mids/information-elements#QualitativeLocation	dwc			Geology	Qualitative Location	State Province	QualitativeLocation
130	131	mids:QualitativeLocation	mids:MIDS2	skos:narrowMatch	dwc:waterBody	dwc:Occurrence	semapv:HumanCuration	orcid:0000-0002-5669-2769	Sam Leeflang	https://orcid.org/0000-0002-3973-1279	Mathias Dillen	rdf property	rdf property		2023-09			|unknown:undigitized	http://rs.tdwg.org/dwc/terms	http://rs.tdwg.org/dwc/terms/waterBody	https://tdwg.github.io    /mids/information-elements#QualitativeLocation	dwc			Geology	Qualitative Location	Water Body	QualitativeLocation
131	132	mids:QualitativeLocation	mids:MIDS2	skos:narrowMatch	dwc:higherGeography	dwc:Occurrence	semapv:HumanCuration	orcid:0000-0001-9144-2848	Elspeth Haston	https://orcid.org/0000-0002-3973-1279	Mathias Dillen	rdf property	rdf property		2023-09			|unknown:undigitized	http://rs.tdwg.org/dwc/terms	http://rs.tdwg.org/dwc/terms/higherGeography	https://tdwg.github.io    /mids/information-elements#QualitativeLocation	dwc			Geology	Qualitative Location	Higher Geography	QualitativeLocation
132	133	mids:QuantitativeLocation	mids:MIDS2	skos:narrowMatch	dwc:locationID	dwc:Occurrence	semapv:HumanCuration	orcid:0000-0002-3973-1257	Mathias Dillen	https://orcid.org/0000-0002-3973-1274	Mathias Dillen	rdf property	rdf property		2023-09			|unknown:undigitized	http://rs.tdwg.org/dwc/terms	http://rs.tdwg.org/dwc/terms/locationID	https://tdwg.github.io    /mids/information-elements#QuantitativeLocation	dwc			Geology	Quantitative Location	Location ID	QuantitativeLocation
133	134	mids:QuantitativeLocation	mids:MIDS2	owl:intersectionOf	dwc:decimalLatitude	dwc:Occurrence	semapv:HumanCuration	orcid:0000-0002-3973-1257	Mathias Dillen	https://orcid.org/0000-0002-3973-1275	Mathias Dillen	rdf property	rdf property		2023-09			|unknown:undigitized	http://rs.tdwg.org/dwc/terms	http://rs.tdwg.org/dwc/terms/decimalLatitude	https://tdwg.github.io    /mids/information-elements#QuantitativeLocation	dwc			Geology	Quantitative Location	Decimal Latitude	QuantitativeLocation
134	135	mids:QuantitativeLocation	mids:MIDS2	owl:intersectionOf	dwc:decimalLongitude	dwc:Occurrence	semapv:HumanCuration	orcid:0000-0002-3973-1257	Mathias Dillen	https://orcid.org/0000-0002-3973-1276	Mathias Dillen	rdf property	rdf property		2023-09	dwc:decimalLatitude|dwc:decimalLongitude	All properties in object_match_field need to be present	|unknown:undigitized	http://rs.tdwg.org/dwc/terms	http://rs.tdwg.org/dwc/terms/decimalLongitude	https://tdwg.github.io    /mids/information-elements#QuantitativeLocation	dwc			Geology	Quantitative Location	Decimal Longitude	QuantitativeLocation
135	136	mids:QuantitativeLocation	mids:MIDS2	skos:narrowMatch	dwc:footprintWKT	dwc:Occurrence	semapv:HumanCuration	orcid:0000-0002-3973-1257	Mathias Dillen	https://orcid.org/0000-0002-3973-1280	Mathias Dillen	rdf property	rdf property		2023-09			|unknown:undigitized	http://rs.tdwg.org/dwc/terms	http://rs.tdwg.org/dwc/terms/footprintWKT	https://tdwg.github.io    /mids/information-elements#QuantitativeLocation	dwc			Geology	Quantitative Location	Footprint WKT	QuantitativeLocation
136	137	mids:StratigraphicContext	mids:MIDS2	skos:narrowMatch	dwc:bed	dwc:Occurrence	semapv:HumanCuration	orcid:0000-0002-5819-9134	Ben Norton	https://orcid.org/0000-0002-5669-2769	Sam Leeflang	rdf property	rdf property		2026-01-08			|unknown:undigitized	http://rs.tdwg.org/dwc/terms	http://rs.tdwg.org/dwc/terms/bed	https://tdwg.github.io    /mids/information-elements#StratigraphicContext	dwc			Geology	Stratigraphic Context	Bed	StratigraphicContext
137	138	mids:StratigraphicContext	mids:MIDS2	skos:narrowMatch	dwc:formation	dwc:Occurrence	semapv:HumanCuration	orcid:0000-0002-5819-9134	Ben Norton	https://orcid.org/0000-0002-5669-2769	Sam Leeflang	rdf property	rdf property		2026-01-08			|unknown:undigitized	http://rs.tdwg.org/dwc/terms	http://rs.tdwg.org/dwc/terms/formation	https://tdwg.github.io    /mids/information-elements#StratigraphicContext	dwc			Geology	Stratigraphic Context	Formation	StratigraphicContext
138	139	mids:StratigraphicContext	mids:MIDS2	skos:narrowMatch	dwc:group	dwc:Occurrence	semapv:HumanCuration	orcid:0000-0002-5819-9134	Ben Norton	https://orcid.org/0000-0002-5669-2769	Sam Leeflang	rdf property	rdf property		2026-01-08			|unknown:undigitized	http://rs.tdwg.org/dwc/terms	http://rs.tdwg.org/dwc/terms/group	https://tdwg.github.io    /mids/information-elements#StratigraphicContext	dwc			Geology	Stratigraphic Context	Group	StratigraphicContext
139	140	mids:StratigraphicContext	mids:MIDS2	skos:narrowMatch	dwc:member	dwc:Occurrence	semapv:HumanCuration	orcid:0000-0002-5819-9134	Ben Norton	https://orcid.org/0000-0002-5669-2769	Sam Leeflang	rdf property	rdf property		2026-01-08			|unknown:undigitized	http://rs.tdwg.org/dwc/terms	http://rs.tdwg.org/dwc/terms/member	https://tdwg.github.io    /mids/information-elements#StratigraphicContext	dwc			Geology	Stratigraphic Context	Member	StratigraphicContext
140	141	mids:StratigraphicContext	mids:MIDS2	skos:narrowMatch	dwc:highestBiostratigraphicZone	dwc:Occurrence	semapv:HumanCuration	orcid:0000-0002-5819-9134	Ben Norton	https://orcid.org/0000-0002-5669-2769	Sam Leeflang	rdf property	rdf property		2026-01-08			|unknown:undigitized	http://rs.tdwg.org/dwc/terms	http://rs.tdwg.org/dwc/terms/highestBiostratigraphicZone	https://tdwg.github.io    /mids/information-elements#StratigraphicContext	dwc			Geology	Stratigraphic Context	Highest Biostratigraphic Zone	StratigraphicContext
141	142	mids:StratigraphicContext	mids:MIDS2	skos:narrowMatch	dwc:lowestBiostratigraphicZone	dwc:Occurrence	semapv:HumanCuration	orcid:0000-0002-5819-9134	Ben Norton	https://orcid.org/0000-0002-5669-2769	Sam Leeflang	rdf property	rdf property		2026-01-08			|unknown:undigitized	http://rs.tdwg.org/dwc/terms	http://rs.tdwg.org/dwc/terms/lowestBiostratigraphicZone	https://tdwg.github.io    /mids/information-elements#StratigraphicContext	dwc			Geology	Stratigraphic Context	Lowest Biostratigraphic Zone	StratigraphicContext
142	143	mids:StratigraphicContext	mids:MIDS2	skos:narrowMatch	dwc:lithostratigraphicTerms	dwc:Occurrence	semapv:HumanCuration	hhttps://orcid.org/0000-0002-5819-9134	Ben Norton	hhttps://orcid.org/0000-0002-5819-9134	Ben Norton	rdf property	rdf property		2023-09-18			|unknown:undigitized	http://rs.tdwg.org/dwc/terms	http://rs.tdwg.org/dwc/terms/lithostratigraphicTerms	https://tdwg.github.io    /mids/information-elements#StratigraphicContext	dwc			Geology	Stratigraphic Context	Lithostratigraphic Terms	StratigraphicContext
143	144	mids:GeographicalLocalityID	mids:MIDS3	owl:intersectionOf	dwc:geodeticDatum	dwc:Occurrence	semapv:HumanCuration	orcid:0000-0002-3973-1257|orcid:0000-0002-5669-2769	Mathias Dillen|Sam Leeflang	https://orcid.org/0000-0002-3973-1277	Mathias Dillen	rdf property	rdf property		2023-09			|unknown:undigitized	http://rs.tdwg.org/dwc/terms	http://rs.tdwg.org/dwc/terms/geodeticDatum	https://tdwg.github.io    /mids/information-elements#GeographicalLocalityID	dwc			Geology	Geographical Locality ID	Geodetic Datum	GeographicalLocalityID
144	145	mids:GeographicalLocalityID	mids:MIDS3	owl:intersectionOf	dwc:coordinateUncertaintyInMeters	dwc:Occurrence	semapv:HumanCuration	orcid:0000-0002-3973-1257	Mathias Dillen	https://orcid.org/0000-0002-3973-1278	Mathias Dillen	rdf property	rdf property		2023-09			|unknown:undigitized	http://rs.tdwg.org/dwc/terms	http://rs.tdwg.org/dwc/terms/coordinateUncertaintyInMeters	https://tdwg.github.io    /mids/information-elements#GeographicalLocalityID	dwc			Geology	Geographical Locality ID	Coordinate Uncertainty In Meters	GeographicalLocalityID
145	146	mids:GeographicalLocalityID	mids:MIDS3	owl:intersectionOf	dwc:coordinatePrecision	dwc:Occurrence	semapv:HumanCuration	orcid:0000-0002-3973-1257	Mathias Dillen	https://orcid.org/0000-0002-3973-1279	Mathias Dillen	rdf property	rdf property		2023-09			|unknown:undigitized	http://rs.tdwg.org/dwc/terms	http://rs.tdwg.org/dwc/terms/coordinatePrecision	https://tdwg.github.io    /mids/information-elements#GeographicalLocalityID	dwc			Geology	Geographical Locality ID	Coordinate Precision	GeographicalLocalityID
146	147	mids:GeographicalLocalityID	mids:MIDS3	owl:intersectionOf	dwc:footprintSRS	dwc:Occurrence	semapv:HumanCuration	orcid:0000-0002-3973-1257	Mathias Dillen	https://orcid.org/0000-0002-3973-1281	Mathias Dillen	rdf property	rdf property		2023-09			|unknown:undigitized	http://rs.tdwg.org/dwc/terms	http://rs.tdwg.org/dwc/terms/footprintSRS	https://tdwg.github.io    /mids/information-elements#GeographicalLocalityID	dwc			Geology	Geographical Locality ID	Footprint SRS	GeographicalLocalityID
147	148	mids:GeographicalLocalityID	mids:MIDS3	skos:narrowMatch	dwc:locationID	dwc:Occurrence	semapv:HumanCuration	orcid:0000-0002-3973-1257	Mathias Dillen	https://orcid.org/0000-0002-3973-1274	Mathias Dillen	rdf property	rdf property		2023-09			|unknown:undigitized	http://rs.tdwg.org/dwc/terms	http://rs.tdwg.org/dwc/terms/locationID	https://tdwg.github.io    /mids/information-elements#GeographicalLocalityID	dwc			Geology	Geographical Locality ID	Location ID	GeographicalLocalityID
148	149	mids:GeographicalLocalityID	mids:MIDS3	owl:intersectionOf	dwc:decimalLatitude	dwc:Occurrence	semapv:HumanCuration	orcid:0000-0002-3973-1257	Mathias Dillen	https://orcid.org/0000-0002-3973-1275	Mathias Dillen	rdf property	rdf property		2023-09			|unknown:undigitized	http://rs.tdwg.org/dwc/terms	http://rs.tdwg.org/dwc/terms/decimalLatitude	https://tdwg.github.io    /mids/information-elements#GeographicalLocalityID	dwc			Geology	Geographical Locality ID	Decimal Latitude	GeographicalLocalityID
149	150	mids:GeographicalLocalityID	mids:MIDS3	owl:intersectionOf	dwc:decimalLongitude	dwc:Occurrence	semapv:HumanCuration	orcid:0000-0002-3973-1257	Mathias Dillen	https://orcid.org/0000-0002-3973-1276	Mathias Dillen	rdf property	rdf property		2023-09	dwc:decimalLatitude|dwc:decimalLongitude|dwc:coordinatePrecision|dwc:coordinateUncertaintyInMeters|dwc:geodeticDatum	All properties in object_match_field need to be present	|unknown:undigitized	http://rs.tdwg.org/dwc/terms	http://rs.tdwg.org/dwc/terms/decimalLongitude	https://tdwg.github.io    /mids/information-elements#GeographicalLocalityID	dwc			Geology	Geographical Locality ID	Decimal Longitude	GeographicalLocalityID
150	151	mids:GeographicalLocalityID	mids:MIDS3	owl:intersectionOf	dwc:footprintWKT	dwc:Occurrence	semapv:HumanCuration	orcid:0000-0002-3973-1257	Mathias Dillen	https://orcid.org/0000-0002-3973-1280	Mathias Dillen	rdf property	rdf property		2023-09	dwc:footprintWKT|dwc:footprintSRS	All properties in object_match_field need to be present	|unknown:undigitized	http://rs.tdwg.org/dwc/terms	http://rs.tdwg.org/dwc/terms/footprintWKT	https://tdwg.github.io    /mids/information-elements#GeographicalLocalityID	dwc			Geology	Geographical Locality ID	Footprint WKT	GeographicalLocalityID
151	152	mids:OrganizationID	mids:MIDS3	skos:exactMatch	dwc:institutionID	dwc:Occurrence	semapv:HumanCuration	orcid:0000-0002-3973-1257	Mathias Dillen	https://orcid.org/0000-0002-3973-1280	Mathias Dillen	rdf property	rdf property		2023-12-07			|unknown:undigitized	http://rs.tdwg.org/dwc/terms	http://rs.tdwg.org/dwc/terms/institutionID	https://tdwg.github.io    /mids/information-elements#OrganizationID	dwc			Geology	Organization ID	Institution ID	OrganizationID
152	153	mids:IdentifiedAsID	mids:MIDS3	skos:exactMatch	dwc:scientificNameID	dwc:Occurrence	semapv:HumanCuration	orcid:0000-0002-3973-1257	Mathias Dillen	https://orcid.org/0000-0002-3973-1260	Mathias Dillen	rdf property	rdf property		2023-12-07			|unknown:undigitized	http://rs.tdwg.org/dwc/terms	http://rs.tdwg.org/dwc/terms/scientificNameID	https://tdwg.github.io    /mids/information-elements#IdentifiedAsID	dwc			Geology	Identified As ID	Scientific Name ID	IdentifiedAsID
153	154	mids:IdentifiedByID	mids:MIDS3	skos:exactMatch	dwc:identifiedByID	dwc:Occurrence	semapv:HumanCuration	orcid:0000-0002-3973-1257	Mathias Dillen	https://orcid.org/0000-0002-3973-1260	Mathias Dillen	rdf property	rdf property		2023-12-07			|unknown:undigitized	http://rs.tdwg.org/dwc/terms	http://rs.tdwg.org/dwc/terms/identifiedByID	https://tdwg.github.io    /mids/information-elements#IdentifiedByID	dwc			Geology	Identified By ID	Identified By ID	IdentifiedByID
154	155	mids:MediaID	mids:MIDS3	skos:narrowMatch	dcterms:identifier	gbif:Multimedia	semapv:HumanCuration	orcid:0000-0002-3973-1252	Mathias Dillen	orcid:0000-0002-3973-1252	Mathias Dillen	rdf property	rdf property		2023-12-07			|unknown:undigitized	http://rs.tdwg.org/dwc/terms	dcterms:identifier	https://tdwg.github.io    /mids/information-elements#MediaID	dwc			Geology	Media ID	Identifier	MediaID
155	156	mids:MediaID	mids:MIDS3	skos:narrowMatch	dcterms:identifier	ac:Multimedia	semapv:HumanCuration	orcid:0000-0002-3973-1252	Mathias Dillen	orcid:0000-0002-3973-1252	Mathias Dillen	rdf property	rdf property		2023-12-07			|unknown:undigitized	http://rs.tdwg.org/dwc/terms	dcterms:identifier	https://tdwg.github.io    /mids/information-elements#MediaID	dwc			Geology	Media ID	Identifier	MediaID
156	157	mids:PhysicalSpecimenID	mids:MIDS0	skos:narrowMatch	dwc:materialSampleID	dwc:Occurrence	semapv:HumanCuration	orcid:0000-0002-3973-1257|orcid:0000-0002-5669-2769	Mathias Dillen|Sam Leeflang	https://orcid.org/0000-0002-3973-1252	Mathias Dillen	rdf property	rdf property		2023-09			|unknown:undigitized	http://rs.tdwg.org/dwc/terms	http://rs.tdwg.org/dwc/terms/materialSampleID	https://tdwg.github.io    /mids/information-elements#PhysicalSpecimenID	dwc			Paleontology	Physical Specimen ID	Material Sample ID	PhysicalSpecimenID
157	158	mids:PhysicalSpecimenID	mids:MIDS0	skos:narrowMatch	dwc:catalogNumber	dwc:Occurrence	semapv:HumanCuration	orcid:0000-0002-3973-1257	Mathias Dillen	https://orcid.org/0000-0002-3973-1253	Mathias Dillen	rdf property	rdf property		2023-09			|unknown:undigitized	http://rs.tdwg.org/dwc/terms	http://rs.tdwg.org/dwc/terms/catalogNumber	https://tdwg.github.io    /mids/information-elements#PhysicalSpecimenID	dwc			Paleontology	Physical Specimen ID	Catalog Number	PhysicalSpecimenID
158	159	mids:PhysicalSpecimenID	mids:MIDS0	skos:narrowMatch	dwc:otherCatalogNumbers	dwc:Occurrence	semapv:HumanCuration	orcid:0000-0002-3973-1257	Mathias Dillen	https://orcid.org/0000-0002-3973-1254	Mathias Dillen	rdf property	rdf property		2023-09			|unknown:undigitized	http://rs.tdwg.org/dwc/terms	http://rs.tdwg.org/dwc/terms/otherCatalogNumbers	https://tdwg.github.io    /mids/information-elements#PhysicalSpecimenID	dwc			Paleontology	Physical Specimen ID	Other Catalog Numbers	PhysicalSpecimenID
159	160	mids:PhysicalSpecimenID	mids:MIDS0	skos:narrowMatch	dwc:occurrenceID	dwc:Occurrence	semapv:HumanCuration	orcid:0000-0002-5669-2769	Sam Leeflang	https://orcid.org/0000-0002-3973-1254	Mathias Dillen	rdf property	rdf property		2023-09			|unknown:undigitized	http://rs.tdwg.org/dwc/terms	http://rs.tdwg.org/dwc/terms/occurrenceID	https://tdwg.github.io    /mids/information-elements#PhysicalSpecimenID	dwc			Paleontology	Physical Specimen ID	Occurrence ID	PhysicalSpecimenID
160	161	mids:PhysicalSpecimenID	mids:MIDS0	skos:narrowMatch	dwc:materialEntityID	dwc:Occurrence	semapv:HumanCuration	orcid:0000-0002-3090-1761	Wouter Addink	https://orcid.org/0000-0002-3973-1254	Mathias Dillen	rdf property	rdf property		2023-09			|unknown:undigitized	http://rs.tdwg.org/dwc/terms	http://rs.tdwg.org/dwc/terms/materialEntityID	https://tdwg.github.io    /mids/information-elements#PhysicalSpecimenID	dwc			Paleontology	Physical Specimen ID	Material Entity ID	PhysicalSpecimenID
161	162	mids:Organization	mids:MIDS0	skos:narrowMatch	dwc:ownerInstitutionCode	dwc:Occurrence	semapv:HumanCuration	orcid:0000-0002-3973-1257	Mathias Dillen	https://orcid.org/0000-0002-3973-1255	Mathias Dillen	rdf property	rdf property		2023-09			|unknown:undigitized	http://rs.tdwg.org/dwc/terms	http://rs.tdwg.org/dwc/terms/ownerInstitutionCode	https://tdwg.github.io    /mids/information-elements#Organization	dwc			Paleontology	Organization	Owner Institution Code	Organization
162	163	mids:Organization	mids:MIDS0	skos:narrowMatch	dwc:institutionID	dwc:Occurrence	semapv:HumanCuration	orcid:0000-0002-3973-1257|orcid:0000-0002-5669-2769	Mathias Dillen|Sam Leeflang	https://orcid.org/0000-0002-3973-1256	Mathias Dillen	rdf property	rdf property		2023-09			|unknown:undigitized	http://rs.tdwg.org/dwc/terms	http://rs.tdwg.org/dwc/terms/institutionID	https://tdwg.github.io    /mids/information-elements#Organization	dwc			Paleontology	Organization	Institution ID	Organization
163	164	mids:Organization	mids:MIDS0	skos:narrowMatch	dwc:institutionCode	dwc:Occurrence	semapv:HumanCuration	orcid:0000-0002-3973-1257|orcid:0000-0002-5669-2769	Mathias Dillen|Sam Leeflang	https://orcid.org/0000-0002-3973-1257	Mathias Dillen	rdf property	rdf property		2023-09			|unknown:undigitized	http://rs.tdwg.org/dwc/terms	http://rs.tdwg.org/dwc/terms/institutionCode	https://tdwg.github.io    /mids/information-elements#Organization	dwc			Paleontology	Organization	Institution Code	Organization
164	165	mids:Name	mids:MIDS1	skos:narrowMatch	dwc:vernacularName	dwc:Occurrence	semapv:HumanCuration	orcid:0000-0002-3973-1257	Mathias Dillen	https://orcid.org/0000-0002-3973-1259	Mathias Dillen	rdf property	rdf property		2023-09			|unknown:undigitized	http://rs.tdwg.org/dwc/terms	http://rs.tdwg.org/dwc/terms/vernacularName	https://tdwg.github.io    /mids/information-elements#Name	dwc			Paleontology	Name	Vernacular Name	Name
165	166	mids:Name	mids:MIDS1	skos:narrowMatch	dwc:verbatimIdentification	dwc:Occurrence	semapv:HumanCuration	hhttps://orcid.org/0000-0002-5819-9134	Ben Norton	hhttps://orcid.org/0000-0002-5819-9134	Ben Norton	rdf property	rdf property		2025-09-24			|unknown:undigitized	http://rs.tdwg.org/dwc/terms	http://rs.tdwg.org/dwc/terms/verbatimIdentification	https://tdwg.github.io    /mids/information-elements#Name	dwc			Paleontology	Name	Verbatim Identification	Name
166	167	mids:Name	mids:MIDS1	skos:narrowMatch	dwc:scientificName	dwc:Occurrence	semapv:HumanCuration	hhttps://orcid.org/0000-0002-5819-9134	Ben Norton	hhttps://orcid.org/0000-0002-5819-9134	Ben Norton	rdf property	rdf property		2025-09-24		Although scientificName is not recommended for recording classifications of geological specimens, the lack of a more appropriate term requires that the term be included here. The Mineralogy Extension and DWC DP will fix this issue once ratified.	|unknown:undigitized	http://rs.tdwg.org/dwc/terms	http://rs.tdwg.org/dwc/terms/scientificName	https://tdwg.github.io    /mids/information-elements#Name	dwc			Paleontology	Name	Scientific Name	Name
167	168	mids:ObjectType	mids:MIDS1	skos:narrowMatch	dwc:preparations	dwc:Occurrence	semapv:HumanCuration	orcid:0000-0002-3973-1257|orcid:0000-0002-5669-2769	Mathias Dillen|Sam Leeflang	https://orcid.org/0000-0002-3973-1261	Mathias Dillen	rdf property	rdf property		2023-09			|unknown:undigitized	http://rs.tdwg.org/dwc/terms	http://rs.tdwg.org/dwc/terms/preparations	https://tdwg.github.io    /mids/information-elements#ObjectType	dwc			Paleontology	Object Type	Preparations	ObjectType
168	169	mids:ObjectType	mids:MIDS1	skos:narrowMatch	dwc:materialEntityType	dwc:Occurrence	semapv:HumanCuration	hhttps://orcid.org/0000-0002-5819-9134	Ben Norton	hhttps://orcid.org/0000-0002-5819-9134	Ben Norton	rdf property	rdf property					|unknown:undigitized	http://rs.tdwg.org/dwc/terms	http://rs.tdwg.org/dwc/terms/materialEntityType	https://tdwg.github.io    /mids/information-elements#ObjectType	dwc			Paleontology	Object Type	Material Entity Type	ObjectType
169	170	mids:License	mids:MIDS1	skos:exactMatch	dcterms:license	dwc:Occurrence	semapv:HumanCuration	orcid:0000-0002-3973-1257|orcid:0000-0002-5669-2769	Mathias Dillen|Sam Leeflang	https://orcid.org/0000-0002-3973-1262	Mathias Dillen	rdf property	rdf property		2023-09			|unknown:undigitized	http://rs.tdwg.org/dwc/terms	dcterms:license	https://tdwg.github.io    /mids/information-elements#License	dwc			Paleontology	License	License	License
170	171	mids:Modified	mids:MIDS1	skos:exactMatch	dcterms:modified	dwc:Occurrence	semapv:HumanCuration	orcid:0000-0002-3973-1257|orcid:0000-0002-5669-2769	Mathias Dillen|Sam Leeflang	https://orcid.org/0000-0002-3973-1263	Mathias Dillen	rdf property	rdf property		2023-09			|unknown:undigitized	http://rs.tdwg.org/dwc/terms	dcterms:modified	https://tdwg.github.io    /mids/information-elements#Modified	dwc			Paleontology	Modified	Modified	Modified
171	172	mids:QualitativeLocation	mids:MIDS2	skos:narrowMatch	dwc:locality	dwc:Occurrence	semapv:HumanCuration	orcid:0000-0002-3973-1257|orcid:0000-0002-5669-2769	Mathias Dillen|Sam Leeflang	https://orcid.org/0000-0002-3973-1264	Mathias Dillen	rdf property	rdf property		2023-09			|unknown:undigitized	http://rs.tdwg.org/dwc/terms	http://rs.tdwg.org/dwc/terms/locality	https://tdwg.github.io    /mids/information-elements#QualitativeLocation	dwc			Paleontology	Qualitative Location	Locality	QualitativeLocation
172	173	mids:QualitativeLocation	mids:MIDS2	skos:narrowMatch	dwc:county	dwc:Occurrence	semapv:HumanCuration	orcid:0000-0002-3973-1257|orcid:0000-0002-5669-2769	Mathias Dillen|Sam Leeflang	https://orcid.org/0000-0002-3973-1265	Mathias Dillen	rdf property	rdf property		2023-09			|unknown:undigitized	http://rs.tdwg.org/dwc/terms	http://rs.tdwg.org/dwc/terms/county	https://tdwg.github.io    /mids/information-elements#QualitativeLocation	dwc			Paleontology	Qualitative Location	County	QualitativeLocation
173	174	mids:QualitativeLocation	mids:MIDS2	skos:narrowMatch	dwc:municipality	dwc:Occurrence	semapv:HumanCuration	orcid:0000-0002-3973-1257|orcid:0000-0002-5669-2769	Mathias Dillen|Sam Leeflang	https://orcid.org/0000-0002-3973-1266	Mathias Dillen	rdf property	rdf property		2023-09			|unknown:undigitized	http://rs.tdwg.org/dwc/terms	http://rs.tdwg.org/dwc/terms/municipality	https://tdwg.github.io    /mids/information-elements#QualitativeLocation	dwc			Paleontology	Qualitative Location	Municipality	QualitativeLocation
174	175	mids:QualitativeLocation	mids:MIDS2	skos:narrowMatch	dwc:verbatimLocality	dwc:Occurrence	semapv:HumanCuration	orcid:0000-0002-3973-1257	Mathias Dillen	https://orcid.org/0000-0002-3973-1267	Mathias Dillen	rdf property	rdf property		2023-09			|unknown:undigitized	http://rs.tdwg.org/dwc/terms	http://rs.tdwg.org/dwc/terms/verbatimLocality	https://tdwg.github.io    /mids/information-elements#QualitativeLocation	dwc			Paleontology	Qualitative Location	Verbatim Locality	QualitativeLocation
175	176	mids:QualitativeLocation	mids:MIDS2	skos:narrowMatch	dwc:island	dwc:Occurrence	semapv:HumanCuration	orcid:0000-0002-3973-1257|orcid:0000-0002-5669-2769	Mathias Dillen|Sam Leeflang	https://orcid.org/0000-0002-3973-1268	Mathias Dillen	rdf property	rdf property		2023-09			|unknown:undigitized	http://rs.tdwg.org/dwc/terms	http://rs.tdwg.org/dwc/terms/island	https://tdwg.github.io    /mids/information-elements#QualitativeLocation	dwc			Paleontology	Qualitative Location	Island	QualitativeLocation
176	177	mids:QualitativeLocation	mids:MIDS2	skos:narrowMatch	dwc:verbatimCoordinates	dwc:Occurrence	semapv:HumanCuration	orcid:0000-0002-3973-1257	Mathias Dillen	https://orcid.org/0000-0002-3973-1269	Mathias Dillen	rdf property	rdf property		2023-09			|unknown:undigitized	http://rs.tdwg.org/dwc/terms	http://rs.tdwg.org/dwc/terms/verbatimCoordinates	https://tdwg.github.io    /mids/information-elements#QualitativeLocation	dwc			Paleontology	Qualitative Location	Verbatim Coordinates	QualitativeLocation
177	178	mids:QualitativeLocation	mids:MIDS2	owl:intersectionOf	dwc:verbatimLongitude	dwc:Occurrence	semapv:HumanCuration	orcid:0000-0002-3973-1257	Mathias Dillen	https://orcid.org/0000-0002-3973-1272	Mathias Dillen	rdf property	rdf property		2023-09	dwc:verbatimLongitude|dwc:verbatimLatitude	All properties in object_match_field need to be present	|unknown:undigitized	http://rs.tdwg.org/dwc/terms	http://rs.tdwg.org/dwc/terms/verbatimLongitude	https://tdwg.github.io    /mids/information-elements#QualitativeLocation	dwc			Paleontology	Qualitative Location	Verbatim Longitude	QualitativeLocation
178	179	mids:QualitativeLocation	mids:MIDS2	owl:intersectionOf	dwc:verbatimLatitude	dwc:Occurrence	semapv:HumanCuration	orcid:0000-0002-3973-1257	Mathias Dillen	https://orcid.org/0000-0002-3973-1273	Mathias Dillen	rdf property	rdf property		2023-09			|unknown:undigitized	http://rs.tdwg.org/dwc/terms	http://rs.tdwg.org/dwc/terms/verbatimLatitude	https://tdwg.github.io    /mids/information-elements#QualitativeLocation	dwc			Paleontology	Qualitative Location	Verbatim Latitude	QualitativeLocation
179	180	mids:QualitativeLocation	mids:MIDS2	skos:narrowMatch	dwc:continent	dwc:Occurrence	semapv:HumanCuration	orcid:0000-0002-5669-2769	Sam Leeflang	https://orcid.org/0000-0002-3973-1274	Mathias Dillen	rdf property	rdf property		2023-09			|unknown:undigitized	http://rs.tdwg.org/dwc/terms	http://rs.tdwg.org/dwc/terms/continent	https://tdwg.github.io    /mids/information-elements#QualitativeLocation	dwc			Paleontology	Qualitative Location	Continent	QualitativeLocation
180	181	mids:QualitativeLocation	mids:MIDS2	skos:narrowMatch	dwc:country	dwc:Occurrence	semapv:HumanCuration	orcid:0000-0002-5669-2769	Sam Leeflang	https://orcid.org/0000-0002-3973-1275	Mathias Dillen	rdf property	rdf property		2023-09			|unknown:undigitized	http://rs.tdwg.org/dwc/terms	http://rs.tdwg.org/dwc/terms/country	https://tdwg.github.io    /mids/information-elements#QualitativeLocation	dwc			Paleontology	Qualitative Location	Country	QualitativeLocation
181	182	mids:QualitativeLocation	mids:MIDS2	skos:narrowMatch	dwc:countryCode	dwc:Occurrence	semapv:HumanCuration	orcid:0000-0002-5669-2769	Sam Leeflang	https://orcid.org/0000-0002-3973-1276	Mathias Dillen	rdf property	rdf property		2023-09			|unknown:undigitized	http://rs.tdwg.org/dwc/terms	http://rs.tdwg.org/dwc/terms/countryCode	https://tdwg.github.io    /mids/information-elements#QualitativeLocation	dwc			Paleontology	Qualitative Location	Country Code	QualitativeLocation
182	183	mids:QualitativeLocation	mids:MIDS2	skos:narrowMatch	dwc:islandGroup	dwc:Occurrence	semapv:HumanCuration	orcid:0000-0002-5669-2769	Sam Leeflang	https://orcid.org/0000-0002-3973-1277	Mathias Dillen	rdf property	rdf property		2023-09			|unknown:undigitized	http://rs.tdwg.org/dwc/terms	http://rs.tdwg.org/dwc/terms/islandGroup	https://tdwg.github.io    /mids/information-elements#QualitativeLocation	dwc			Paleontology	Qualitative Location	Island Group	QualitativeLocation
183	184	mids:QualitativeLocation	mids:MIDS2	skos:narrowMatch	dwc:stateProvince	dwc:Occurrence	semapv:HumanCuration	orcid:0000-0002-5669-2769	Sam Leeflang	https://orcid.org/0000-0002-3973-1278	Mathias Dillen	rdf property	rdf property		2023-09			|unknown:undigitized	http://rs.tdwg.org/dwc/terms	http://rs.tdwg.org/dwc/terms/stateProvince	https://tdwg.github.io    /mids/information-elements#QualitativeLocation	dwc			Paleontology	Qualitative Location	State Province	QualitativeLocation
184	185	mids:QualitativeLocation	mids:MIDS2	skos:narrowMatch	dwc:waterBody	dwc:Occurrence	semapv:HumanCuration	orcid:0000-0002-5669-2769	Sam Leeflang	https://orcid.org/0000-0002-3973-1279	Mathias Dillen	rdf property	rdf property		2023-09			|unknown:undigitized	http://rs.tdwg.org/dwc/terms	http://rs.tdwg.org/dwc/terms/waterBody	https://tdwg.github.io    /mids/information-elements#QualitativeLocation	dwc			Paleontology	Qualitative Location	Water Body	QualitativeLocation
185	186	mids:QualitativeLocation	mids:MIDS2	skos:narrowMatch	dwc:higherGeography	dwc:Occurrence	semapv:HumanCuration	orcid:0000-0001-9144-2848	Elspeth Haston	https://orcid.org/0000-0002-3973-1279	Mathias Dillen	rdf property	rdf property		2023-09			|unknown:undigitized	http://rs.tdwg.org/dwc/terms	http://rs.tdwg.org/dwc/terms/higherGeography	https://tdwg.github.io    /mids/information-elements#QualitativeLocation	dwc			Paleontology	Qualitative Location	Higher Geography	QualitativeLocation
186	187	mids:QuantitativeLocation	mids:MIDS2	skos:narrowMatch	dwc:locationID	dwc:Occurrence	semapv:HumanCuration	orcid:0000-0002-3973-1257	Mathias Dillen	https://orcid.org/0000-0002-3973-1274	Mathias Dillen	rdf property	rdf property		2023-09			|unknown:undigitized	http://rs.tdwg.org/dwc/terms	http://rs.tdwg.org/dwc/terms/locationID	https://tdwg.github.io    /mids/information-elements#QuantitativeLocation	dwc			Paleontology	Quantitative Location	Location ID	QuantitativeLocation
187	188	mids:QuantitativeLocation	mids:MIDS2	owl:intersectionOf	dwc:decimalLatitude	dwc:Occurrence	semapv:HumanCuration	orcid:0000-0002-3973-1257	Mathias Dillen	https://orcid.org/0000-0002-3973-1275	Mathias Dillen	rdf property	rdf property		2023-09			|unknown:undigitized	http://rs.tdwg.org/dwc/terms	http://rs.tdwg.org/dwc/terms/decimalLatitude	https://tdwg.github.io    /mids/information-elements#QuantitativeLocation	dwc			Paleontology	Quantitative Location	Decimal Latitude	QuantitativeLocation
188	189	mids:QuantitativeLocation	mids:MIDS2	owl:intersectionOf	dwc:decimalLongitude	dwc:Occurrence	semapv:HumanCuration	orcid:0000-0002-3973-1257	Mathias Dillen	https://orcid.org/0000-0002-3973-1276	Mathias Dillen	rdf property	rdf property		2023-09	dwc:decimalLatitude|dwc:decimalLongitude	All properties in object_match_field need to be present	|unknown:undigitized	http://rs.tdwg.org/dwc/terms	http://rs.tdwg.org/dwc/terms/decimalLongitude	https://tdwg.github.io    /mids/information-elements#QuantitativeLocation	dwc			Paleontology	Quantitative Location	Decimal Longitude	QuantitativeLocation
189	190	mids:QuantitativeLocation	mids:MIDS2	skos:narrowMatch	dwc:footprintWKT	dwc:Occurrence	semapv:HumanCuration	orcid:0000-0002-3973-1257	Mathias Dillen	https://orcid.org/0000-0002-3973-1280	Mathias Dillen	rdf property	rdf property		2023-09			|unknown:undigitized	http://rs.tdwg.org/dwc/terms	http://rs.tdwg.org/dwc/terms/footprintWKT	https://tdwg.github.io    /mids/information-elements#QuantitativeLocation	dwc			Paleontology	Quantitative Location	Footprint WKT	QuantitativeLocation
190	191	mids:Chronostratigraphy	mids:MIDS1	skos:narrowMatch	dwc:earliestAgeOrLowestStage	dwc:Occurrence	semapv:HumanCuration	orcid:0000-0002-5669-2769	Sam Leeflang	https://orcid.org/0000-0002-5669-2769	Sam Leeflang	rdf property	rdf property		2023-09-13			|unknown:undigitized	http://rs.tdwg.org/dwc/terms	http://rs.tdwg.org/dwc/terms/earliestAgeOrLowestStage	https://tdwg.github.io    /mids/information-elements#Chronostratigraphy	dwc			Paleontology	Chronostratigraphy	Earliest Age Or Lowest Stage	Chronostratigraphy
191	192	mids:Chronostratigraphy	mids:MIDS1	skos:narrowMatch	dwc:earliestEonOrLowestEonothem	dwc:Occurrence	semapv:HumanCuration	orcid:0000-0002-5669-2769	Sam Leeflang	https://orcid.org/0000-0002-5669-2769	Sam Leeflang	rdf property	rdf property		2023-09-13			|unknown:undigitized	http://rs.tdwg.org/dwc/terms	http://rs.tdwg.org/dwc/terms/earliestEonOrLowestEonothem	https://tdwg.github.io    /mids/information-elements#Chronostratigraphy	dwc			Paleontology	Chronostratigraphy	Earliest Eon Or Lowest Eonothem	Chronostratigraphy
192	193	mids:Chronostratigraphy	mids:MIDS1	skos:narrowMatch	dwc:earliestEpochOrLowestSeries	dwc:Occurrence	semapv:HumanCuration	orcid:0000-0002-5669-2769	Sam Leeflang	https://orcid.org/0000-0002-5669-2769	Sam Leeflang	rdf property	rdf property		2023-09-13			|unknown:undigitized	http://rs.tdwg.org/dwc/terms	http://rs.tdwg.org/dwc/terms/earliestEpochOrLowestSeries	https://tdwg.github.io    /mids/information-elements#Chronostratigraphy	dwc			Paleontology	Chronostratigraphy	Earliest Epoch Or Lowest Series	Chronostratigraphy
193	194	mids:Chronostratigraphy	mids:MIDS1	skos:narrowMatch	dwc:earliestEraOrLowestErathem	dwc:Occurrence	semapv:HumanCuration	orcid:0000-0002-5669-2769	Sam Leeflang	https://orcid.org/0000-0002-5669-2769	Sam Leeflang	rdf property	rdf property		2023-09-13			|unknown:undigitized	http://rs.tdwg.org/dwc/terms	http://rs.tdwg.org/dwc/terms/earliestEraOrLowestErathem	https://tdwg.github.io    /mids/information-elements#Chronostratigraphy	dwc			Paleontology	Chronostratigraphy	Earliest Era Or Lowest Erathem	Chronostratigraphy
194	195	mids:Chronostratigraphy	mids:MIDS1	skos:narrowMatch	dwc:earliestPeriodOrLowestSystem	dwc:Occurrence	semapv:HumanCuration	orcid:0000-0002-5669-2769	Sam Leeflang	https://orcid.org/0000-0002-5669-2769	Sam Leeflang	rdf property	rdf property		2023-09-13			|unknown:undigitized	http://rs.tdwg.org/dwc/terms	http://rs.tdwg.org/dwc/terms/earliestPeriodOrLowestSystem	https://tdwg.github.io    /mids/information-elements#Chronostratigraphy	dwc			Paleontology	Chronostratigraphy	Earliest Period Or Lowest System	Chronostratigraphy
195	196	mids:Chronostratigraphy	mids:MIDS1	skos:narrowMatch	dwc:latestAgeOrHighestStage	dwc:Occurrence	semapv:HumanCuration	orcid:0000-0002-5669-2769	Sam Leeflang	https://orcid.org/0000-0002-5669-2769	Sam Leeflang	rdf property	rdf property		2023-09-13			|unknown:undigitized	http://rs.tdwg.org/dwc/terms	http://rs.tdwg.org/dwc/terms/latestAgeOrHighestStage	https://tdwg.github.io    /mids/information-elements#Chronostratigraphy	dwc			Paleontology	Chronostratigraphy	Latest Age Or Highest Stage	Chronostratigraphy
196	197	mids:Chronostratigraphy	mids:MIDS1	skos:narrowMatch	dwc:latestEonOrHighestEonothem	dwc:Occurrence	semapv:HumanCuration	orcid:0000-0002-5669-2769	Sam Leeflang	https://orcid.org/0000-0002-5669-2769	Sam Leeflang	rdf property	rdf property		2023-09-13			|unknown:undigitized	http://rs.tdwg.org/dwc/terms	http://rs.tdwg.org/dwc/terms/latestEonOrHighestEonothem	https://tdwg.github.io    /mids/information-elements#Chronostratigraphy	dwc			Paleontology	Chronostratigraphy	Latest Eon Or Highest Eonothem	Chronostratigraphy
197	198	mids:Chronostratigraphy	mids:MIDS1	skos:narrowMatch	dwc:latestEpochOrHighestSeries	dwc:Occurrence	semapv:HumanCuration	orcid:0000-0002-5669-2769	Sam Leeflang	https://orcid.org/0000-0002-5669-2769	Sam Leeflang	rdf property	rdf property		2023-09-13			|unknown:undigitized	http://rs.tdwg.org/dwc/terms	http://rs.tdwg.org/dwc/terms/latestEpochOrHighestSeries	https://tdwg.github.io    /mids/information-elements#Chronostratigraphy	dwc			Paleontology	Chronostratigraphy	Latest Epoch Or Highest Series	Chronostratigraphy
198	199	mids:Chronostratigraphy	mids:MIDS1	skos:narrowMatch	dwc:latestEraOrHighestErathem	dwc:Occurrence	semapv:HumanCuration	orcid:0000-0002-5669-2769	Sam Leeflang	https://orcid.org/0000-0002-5669-2769	Sam Leeflang	rdf property	rdf property		2023-09-13			|unknown:undigitized	http://rs.tdwg.org/dwc/terms	http://rs.tdwg.org/dwc/terms/latestEraOrHighestErathem	https://tdwg.github.io    /mids/information-elements#Chronostratigraphy	dwc			Paleontology	Chronostratigraphy	Latest Era Or Highest Erathem	Chronostratigraphy
199	200	mids:Chronostratigraphy	mids:MIDS1	skos:narrowMatch	dwc:latestPeriodOrHighestSystem	dwc:Occurrence	semapv:HumanCuration	orcid:0000-0002-5669-2769	Sam Leeflang	https://orcid.org/0000-0002-5669-2769	Sam Leeflang	rdf property	rdf property		2023-09-13			|unknown:undigitized	http://rs.tdwg.org/dwc/terms	http://rs.tdwg.org/dwc/terms/latestPeriodOrHighestSystem	https://tdwg.github.io    /mids/information-elements#Chronostratigraphy	dwc			Paleontology	Chronostratigraphy	Latest Period Or Highest System	Chronostratigraphy
200	201	mids:StratigraphicContext	mids:MIDS2	skos:narrowMatch	dwc:bed	dwc:Occurrence	semapv:HumanCuration	orcid:0000-0002-5819-9134	Ben Norton	https://orcid.org/0000-0002-5669-2769	Sam Leeflang	rdf property	rdf property		2026-01-08			|unknown:undigitized	http://rs.tdwg.org/dwc/terms	http://rs.tdwg.org/dwc/terms/bed	https://tdwg.github.io    /mids/information-elements#StratigraphicContext	dwc			Paleontology	Stratigraphic Context	Bed	StratigraphicContext
201	202	mids:StratigraphicContext	mids:MIDS2	skos:narrowMatch	dwc:formation	dwc:Occurrence	semapv:HumanCuration	orcid:0000-0002-5819-9134	Ben Norton	https://orcid.org/0000-0002-5669-2769	Sam Leeflang	rdf property	rdf property		2026-01-08			|unknown:undigitized	http://rs.tdwg.org/dwc/terms	http://rs.tdwg.org/dwc/terms/formation	https://tdwg.github.io    /mids/information-elements#StratigraphicContext	dwc			Paleontology	Stratigraphic Context	Formation	StratigraphicContext
202	203	mids:StratigraphicContext	mids:MIDS2	skos:narrowMatch	dwc:group	dwc:Occurrence	semapv:HumanCuration	orcid:0000-0002-5819-9134	Ben Norton	https://orcid.org/0000-0002-5669-2769	Sam Leeflang	rdf property	rdf property		2026-01-08			|unknown:undigitized	http://rs.tdwg.org/dwc/terms	http://rs.tdwg.org/dwc/terms/group	https://tdwg.github.io    /mids/information-elements#StratigraphicContext	dwc			Paleontology	Stratigraphic Context	Group	StratigraphicContext
203	204	mids:StratigraphicContext	mids:MIDS2	skos:narrowMatch	dwc:member	dwc:Occurrence	semapv:HumanCuration	orcid:0000-0002-5819-9134	Ben Norton	https://orcid.org/0000-0002-5669-2769	Sam Leeflang	rdf property	rdf property		2026-01-08			|unknown:undigitized	http://rs.tdwg.org/dwc/terms	http://rs.tdwg.org/dwc/terms/member	https://tdwg.github.io    /mids/information-elements#StratigraphicContext	dwc			Paleontology	Stratigraphic Context	Member	StratigraphicContext
204	205	mids:StratigraphicContext	mids:MIDS2	skos:narrowMatch	dwc:highestBiostratigraphicZone	dwc:Occurrence	semapv:HumanCuration	orcid:0000-0002-5819-9134	Ben Norton	https://orcid.org/0000-0002-5669-2769	Sam Leeflang	rdf property	rdf property		2026-01-08			|unknown:undigitized	http://rs.tdwg.org/dwc/terms	http://rs.tdwg.org/dwc/terms/highestBiostratigraphicZone	https://tdwg.github.io    /mids/information-elements#StratigraphicContext	dwc			Paleontology	Stratigraphic Context	Highest Biostratigraphic Zone	StratigraphicContext
205	206	mids:StratigraphicContext	mids:MIDS2	skos:narrowMatch	dwc:lowestBiostratigraphicZone	dwc:Occurrence	semapv:HumanCuration	orcid:0000-0002-5819-9134	Ben Norton	https://orcid.org/0000-0002-5669-2769	Sam Leeflang	rdf property	rdf property		2026-01-08			|unknown:undigitized	http://rs.tdwg.org/dwc/terms	http://rs.tdwg.org/dwc/terms/lowestBiostratigraphicZone	https://tdwg.github.io    /mids/information-elements#StratigraphicContext	dwc			Paleontology	Stratigraphic Context	Lowest Biostratigraphic Zone	StratigraphicContext
206	207	mids:StratigraphicContext	mids:MIDS2	skos:narrowMatch	dwc:lithostratigraphicTerms	dwc:Occurrence	semapv:HumanCuration	orcid:0000-0002-5819-9134	Ben Norton	https://orcid.org/0000-0002-5819-9134	Ben Norton	rdf property	rdf property		2023-09-18			|unknown:undigitized	http://rs.tdwg.org/dwc/terms	http://rs.tdwg.org/dwc/terms/lithostratigraphicTerms	https://tdwg.github.io    /mids/information-elements#StratigraphicContext	dwc			Paleontology	Stratigraphic Context	Lithostratigraphic Terms	StratigraphicContext
207	208	mids:GeographicalLocalityID	mids:MIDS3	owl:intersectionOf	dwc:geodeticDatum	dwc:Occurrence	semapv:HumanCuration	orcid:0000-0002-3973-1257|orcid:0000-0002-5669-2769	Mathias Dillen|Sam Leeflang	https://orcid.org/0000-0002-3973-1277	Mathias Dillen	rdf property	rdf property		2023-09			|unknown:undigitized	http://rs.tdwg.org/dwc/terms	http://rs.tdwg.org/dwc/terms/geodeticDatum	https://tdwg.github.io    /mids/information-elements#GeographicalLocalityID	dwc			Paleontology	Geographical Locality ID	Geodetic Datum	GeographicalLocalityID
208	209	mids:GeographicalLocalityID	mids:MIDS3	owl:intersectionOf	dwc:coordinateUncertaintyInMeters	dwc:Occurrence	semapv:HumanCuration	orcid:0000-0002-3973-1257	Mathias Dillen	https://orcid.org/0000-0002-3973-1278	Mathias Dillen	rdf property	rdf property		2023-09			|unknown:undigitized	http://rs.tdwg.org/dwc/terms	http://rs.tdwg.org/dwc/terms/coordinateUncertaintyInMeters	https://tdwg.github.io    /mids/information-elements#GeographicalLocalityID	dwc			Paleontology	Geographical Locality ID	Coordinate Uncertainty In Meters	GeographicalLocalityID
209	210	mids:GeographicalLocalityID	mids:MIDS3	owl:intersectionOf	dwc:coordinatePrecision	dwc:Occurrence	semapv:HumanCuration	orcid:0000-0002-3973-1257	Mathias Dillen	https://orcid.org/0000-0002-3973-1279	Mathias Dillen	rdf property	rdf property		2023-09			|unknown:undigitized	http://rs.tdwg.org/dwc/terms	http://rs.tdwg.org/dwc/terms/coordinatePrecision	https://tdwg.github.io    /mids/information-elements#GeographicalLocalityID	dwc			Paleontology	Geographical Locality ID	Coordinate Precision	GeographicalLocalityID
210	211	mids:GeographicalLocalityID	mids:MIDS3	owl:intersectionOf	dwc:footprintSRS	dwc:Occurrence	semapv:HumanCuration	orcid:0000-0002-3973-1257	Mathias Dillen	https://orcid.org/0000-0002-3973-1281	Mathias Dillen	rdf property	rdf property		2023-09			|unknown:undigitized	http://rs.tdwg.org/dwc/terms	http://rs.tdwg.org/dwc/terms/footprintSRS	https://tdwg.github.io    /mids/information-elements#GeographicalLocalityID	dwc			Paleontology	Geographical Locality ID	Footprint SRS	GeographicalLocalityID
211	212	mids:GeographicalLocalityID	mids:MIDS3	skos:exactMatch	dwc:locationID	dwc:Occurrence	semapv:HumanCuration	orcid:0000-0002-3973-1257	Mathias Dillen	https://orcid.org/0000-0002-3973-1274	Mathias Dillen	rdf property	rdf property		2023-09			|unknown:undigitized	http://rs.tdwg.org/dwc/terms	http://rs.tdwg.org/dwc/terms/locationID	https://tdwg.github.io    /mids/information-elements#GeographicalLocalityID	dwc			Paleontology	Geographical Locality ID	Location ID	GeographicalLocalityID
212	213	mids:GeographicalLocalityID	mids:MIDS3	owl:intersectionOf	dwc:decimalLatitude	dwc:Occurrence	semapv:HumanCuration	orcid:0000-0002-3973-1257	Mathias Dillen	https://orcid.org/0000-0002-3973-1275	Mathias Dillen	rdf property	rdf property		2023-09			|unknown:undigitized	http://rs.tdwg.org/dwc/terms	http://rs.tdwg.org/dwc/terms/decimalLatitude	https://tdwg.github.io    /mids/information-elements#GeographicalLocalityID	dwc			Paleontology	Geographical Locality ID	Decimal Latitude	GeographicalLocalityID
213	214	mids:GeographicalLocalityID	mids:MIDS3	owl:intersectionOf	dwc:decimalLongitude	dwc:Occurrence	semapv:HumanCuration	orcid:0000-0002-3973-1257	Mathias Dillen	https://orcid.org/0000-0002-3973-1276	Mathias Dillen	rdf property	rdf property		2023-09	dwc:decimalLatitude|dwc:decimalLongitude|dwc:coordinatePrecision|dwc:coordinateUncertaintyInMeters|dwc:geodeticDatum	All properties in object_match_field need to be present	|unknown:undigitized	http://rs.tdwg.org/dwc/terms	http://rs.tdwg.org/dwc/terms/decimalLongitude	https://tdwg.github.io    /mids/information-elements#GeographicalLocalityID	dwc			Paleontology	Geographical Locality ID	Decimal Longitude	GeographicalLocalityID
214	215	mids:GeographicalLocalityID	mids:MIDS3	owl:intersectionOf	dwc:footprintWKT	dwc:Occurrence	semapv:HumanCuration	orcid:0000-0002-3973-1257	Mathias Dillen	https://orcid.org/0000-0002-3973-1280	Mathias Dillen	rdf property	rdf property		2023-09	dwc:footprintWKT|dwc:footprintSRS	All properties in object_match_field need to be present	|unknown:undigitized	http://rs.tdwg.org/dwc/terms	http://rs.tdwg.org/dwc/terms/footprintWKT	https://tdwg.github.io    /mids/information-elements#GeographicalLocalityID	dwc			Paleontology	Geographical Locality ID	Footprint WKT	GeographicalLocalityID
215	216	mids:OrganizationID	mids:MIDS3	skos:exactMatch	dwc:institutionID	dwc:Occurrence	semapv:HumanCuration	orcid:0000-0002-3973-1257	Mathias Dillen	https://orcid.org/0000-0002-3973-1280	Mathias Dillen	rdf property	rdf property		2023-12-07			|unknown:undigitized	http://rs.tdwg.org/dwc/terms	http://rs.tdwg.org/dwc/terms/institutionID	https://tdwg.github.io    /mids/information-elements#OrganizationID	dwc			Paleontology	Organization ID	Institution ID	OrganizationID
216	217	mids:IdentifiedAsID	mids:MIDS3	skos:exactMatch	dwc:scientificNameID	dwc:Occurrence	semapv:HumanCuration	orcid:0000-0002-3973-1257	Mathias Dillen	https://orcid.org/0000-0002-3973-1260	Mathias Dillen	rdf property	rdf property		2023-12-07			|unknown:undigitized	http://rs.tdwg.org/dwc/terms	http://rs.tdwg.org/dwc/terms/scientificNameID	https://tdwg.github.io    /mids/information-elements#IdentifiedAsID	dwc			Paleontology	Identified As ID	Scientific Name ID	IdentifiedAsID
217	218	mids:IdentifiedByID	mids:MIDS3	skos:exactMatch	dwc:identifiedByID	dwc:Occurrence	semapv:HumanCuration	orcid:0000-0002-3973-1257	Mathias Dillen	https://orcid.org/0000-0002-3973-1260	Mathias Dillen	rdf property	rdf property		2023-12-07			|unknown:undigitized	http://rs.tdwg.org/dwc/terms	http://rs.tdwg.org/dwc/terms/identifiedByID	https://tdwg.github.io    /mids/information-elements#IdentifiedByID	dwc			Paleontology	Identified By ID	Identified By ID	IdentifiedByID
218	219	mids:MediaID	mids:MIDS3	skos:narrowMatch	dcterms:identifier	gbif:Multimedia	semapv:HumanCuration	orcid:0000-0002-3973-1252	Mathias Dillen	orcid:0000-0002-3973-1252	Mathias Dillen	rdf property	rdf property		2023-12-07			|unknown:undigitized	http://rs.tdwg.org/dwc/terms	dcterms:identifier	https://tdwg.github.io    /mids/information-elements#MediaID	dwc			Paleontology	Media ID	Identifier	MediaID
219	220	mids:MediaID	mids:MIDS3	skos:narrowMatch	dcterms:identifier	ac:Multimedia	semapv:HumanCuration	orcid:0000-0002-3973-1252	Mathias Dillen	orcid:0000-0002-3973-1252	Mathias Dillen	rdf property	rdf property		2023-12-07			|unknown:undigitized	http://rs.tdwg.org/dwc/terms	dcterms:identifier	https://tdwg.github.io    /mids/information-elements#MediaID	dwc			Paleontology	Media ID	Identifier	MediaID
220	221	mids:CollectingAgentID	mids:MIDS3	skos:exactMatch	dwc:recordedByID	dwc:Occurrence	semapv:HumanCuration	orcid:0000-0002-3973-1252	Mathias Dillen	orcid:0000-0002-3973-1252	Mathias Dillen	rdf property	rdf property		2023-12-07			|unknown:undigitized	http://rs.tdwg.org/dwc/terms	http://rs.tdwg.org/dwc/terms/recordedByID	https://tdwg.github.io    /mids/information-elements#CollectingAgentID	dwc			Paleontology	Collecting Agent ID	Recorded By ID	CollectingAgentID
